source_path;packet_path;category;bytes;sha256;visibility;basis_commit
AGENTS.md;Документы/AGENTS.md;08 Требования, проверки и зависимости;7242;ebaebc543e6f0fdaa4b3f70c0761f9d11af97fc7039d6201c7f3193796d3078e;PUBLIC;8d2cfd9dac117d8cb603b51096bf579a58d37e90
HANDOFF.md;Документы/HANDOFF.md;08 Требования, проверки и зависимости;11170;f6e3dc7b9e66b16603517c3635ba511f061621da0b4890dc075b925a393bdd80;PUBLIC;8d2cfd9dac117d8cb603b51096bf579a58d37e90
data/office/changes.csv;Документы/data/office/changes.csv;08 Требования, проверки и зависимости;187;283f7dfdea553750c2df5846a3793e5401658d8cc99eb6bbd64d537102d1abad;PUBLIC;8d2cfd9dac117d8cb603b51096bf579a58d37e90
data/office/cost-control.csv;Документы/data/office/cost-control.csv;08 Требования, проверки и зависимости;210;2c8ee363b7c8e701cd645481f9bf305fe3076f71b9dd745538b364703815964e;PUBLIC;8d2cfd9dac117d8cb603b51096bf579a58d37e90
data/office/decisions.csv;Документы/data/office/decisions.csv;08 Требования, проверки и зависимости;13668;73f3283d7809fb8f29ebc27140c8cb4576f3279b2ec8e84caa0772b709b5eb95;PUBLIC;8d2cfd9dac117d8cb603b51096bf579a58d37e90
data/office/deliverables.csv;Документы/data/office/deliverables.csv;08 Требования, проверки и зависимости;105;66fe912110a1efff84519bcc14d4e051793ce82c231e934e47397739ea14080e;PUBLIC;8d2cfd9dac117d8cb603b51096bf579a58d37e90
data/office/design-intents.csv;Документы/data/office/design-intents.csv;08 Требования, проверки и зависимости;3726;291e7e045d32817365369c7f2fea6214c434d09b2956916723434ea55af3862c;PUBLIC;8d2cfd9dac117d8cb603b51096bf579a58d37e90
data/office/estimate.csv;Документы/data/office/estimate.csv;08 Требования, проверки и зависимости;129;1547666eca2486a028e09f7cc37f6f7984b8221757ff29472060f2140b27046c;PUBLIC;8d2cfd9dac117d8cb603b51096bf579a58d37e90
data/office/interfaces.csv;Документы/data/office/interfaces.csv;08 Требования, проверки и зависимости;131;eb13d711f31d70209ce48e6acc663338023e29711d83fc2e0a25c731bd58268c;PUBLIC;8d2cfd9dac117d8cb603b51096bf579a58d37e90
data/office/quantities.csv;Документы/data/office/quantities.csv;08 Требования, проверки и зависимости;117;274e49b3e4562d0c4a18afd1a422a72def9a226b1984d29dbeb86ec68d7e3714;PUBLIC;8d2cfd9dac117d8cb603b51096bf579a58d37e90
data/office/questions.csv;Документы/data/office/questions.csv;08 Требования, проверки и зависимости;2905;f2ff4c33461788684d3240c278485a79cbec072829d4e982924699b2bb103df0;PUBLIC;8d2cfd9dac117d8cb603b51096bf579a58d37e90
data/office/quotes.csv;Документы/data/office/quotes.csv;08 Требования, проверки и зависимости;302;a9e81900f2625e96b7f72f3417aaea283961c0917e6b520b8847d7692e3e72dd;PUBLIC;8d2cfd9dac117d8cb603b51096bf579a58d37e90
data/office/risks.csv;Документы/data/office/risks.csv;08 Требования, проверки и зависимости;132;2f3d7771be964e4b73df212f991b28305bb7531c5ccf8fb092f31513401d7c25;PUBLIC;8d2cfd9dac117d8cb603b51096bf579a58d37e90
data/office/roles.csv;Документы/data/office/roles.csv;08 Требования, проверки и зависимости;3145;e507a29a287accc8a3c218c81b8bd54e1da36dc988c168dc7e823a0397fa53e9;PUBLIC;8d2cfd9dac117d8cb603b51096bf579a58d37e90
data/office/source-register.csv;Документы/data/office/source-register.csv;08 Требования, проверки и зависимости;4703;761c870ef80a56d7db3766942f1843586029bdc2f591feea3c9939d89a65d10b;PUBLIC;8d2cfd9dac117d8cb603b51096bf579a58d37e90
data/office/spec-crosswalk.csv;Документы/data/office/spec-crosswalk.csv;08 Требования, проверки и зависимости;12028;7b6af89a41c7173dc2fc343d6a275e42a36be60bb3fbd427fb136c53ac2a2e05;PUBLIC;8d2cfd9dac117d8cb603b51096bf579a58d37e90
data/office/tasks.csv;Документы/data/office/tasks.csv;08 Требования, проверки и зависимости;16291;e45aa259ddfba1de1586a07f820278471d6c81139cad01542ec3a4429f8b5a15;PUBLIC;8d2cfd9dac117d8cb603b51096bf579a58d37e90
data/office/wbs.csv;Документы/data/office/wbs.csv;08 Требования, проверки и зависимости;2160;b55e5833d8fdb08c4951366dbd7b77bf0255f73717c3c738adc179d454da4455;PUBLIC;8d2cfd9dac117d8cb603b51096bf579a58d37e90
data/spec-matrix.csv;Документы/data/spec-matrix.csv;08 Требования, проверки и зависимости;5914;f9a2686487e24e2b2a16852cec5404de0b6abad51f81f6b2cd2748cb82d9d3bc;PUBLIC;8d2cfd9dac117d8cb603b51096bf579a58d37e90
deliverables/G01/v001/00_geometry-review.md;Документы/deliverables/G01/v001/00_geometry-review.md;06 Чертежи и геометрическая подоснова;12995;9ab7a9c29b40e46bcb08230f84deaba9304912766e10cf97be71f76b1eec11fa;PUBLIC;8d2cfd9dac117d8cb603b51096bf579a58d37e90
deliverables/G01/v001/01_support/00_acceptance.md;Документы/deliverables/G01/v001/01_support/00_acceptance.md;06 Чертежи и геометрическая подоснова;5838;5b8777fafe956674745edd88ca01fa57ec12a60159b1449d92e61d23fe5c0fa9;PUBLIC;8d2cfd9dac117d8cb603b51096bf579a58d37e90
deliverables/G01/v001/01_support/dwg/00_dwg-inspection.md;Документы/deliverables/G01/v001/01_support/dwg/00_dwg-inspection.md;06 Чертежи и геометрическая подоснова;15163;0cf4ff64bfe538d7c5f7b4d3da7a4ec6051432e77dea8f3b1f23939da80fb12b;PUBLIC;8d2cfd9dac117d8cb603b51096bf579a58d37e90
deliverables/G01/v001/01_support/dwg/author-recheck.json;Документы/deliverables/G01/v001/01_support/dwg/author-recheck.json;06 Чертежи и геометрическая подоснова;1933;6bcc158681c34c9f3db357ccce78e51abe9a84ec3224717f52e9d57452595329;PUBLIC;8d2cfd9dac117d8cb603b51096bf579a58d37e90
deliverables/G01/v001/01_support/dwg/conversion-status.json;Документы/deliverables/G01/v001/01_support/dwg/conversion-status.json;06 Чертежи и геометрическая подоснова;69;fa8635be727c378f60a63c1ccc5da99e542f7540f17c964fc2c4a28009bdd947;PUBLIC;8d2cfd9dac117d8cb603b51096bf579a58d37e90
deliverables/G01/v001/01_support/dwg/dimensions.json;Документы/deliverables/G01/v001/01_support/dwg/dimensions.json;06 Чертежи и геометрическая подоснова;3;37517e5f3dc66819f61f5a7bb8ace1921282415f10551d2defa5c3eb0985b570;PUBLIC;8d2cfd9dac117d8cb603b51096bf579a58d37e90
deliverables/G01/v001/01_support/dwg/dwg2dxf.stderr.log;Документы/deliverables/G01/v001/01_support/dwg/dwg2dxf.stderr.log;06 Чертежи и геометрическая подоснова;956;450c9781f8a4192e085d4ce3dd0d06e70a044aee0ffc6c6e7052e1041cd663ce;PUBLIC;8d2cfd9dac117d8cb603b51096bf579a58d37e90
deliverables/G01/v001/01_support/dwg/dwg2dxf.stdout.log;Документы/deliverables/G01/v001/01_support/dwg/dwg2dxf.stdout.log;06 Чертежи и геометрическая подоснова;235;e943806645ea36cb43334e36de884a18c800c0b8bd9284f000e6eb0ed2fa60dc;PUBLIC;8d2cfd9dac117d8cb603b51096bf579a58d37e90
deliverables/G01/v001/01_support/dwg/dwgread.stderr.log;Документы/deliverables/G01/v001/01_support/dwg/dwgread.stderr.log;06 Чертежи и геометрическая подоснова;9;3e64f7c6692575249a3bfb8a48f08c4b619bcbebec9699c379056f02f593efcf;PUBLIC;8d2cfd9dac117d8cb603b51096bf579a58d37e90
deliverables/G01/v001/01_support/dwg/dwgread.stdout.log;Документы/deliverables/G01/v001/01_support/dwg/dwgread.stdout.log;06 Чертежи и геометрическая подоснова;0;e3b0c44298fc1c149afbf4c8996fb92427ae41e4649b934ca495991b7852b855;PUBLIC;8d2cfd9dac117d8cb603b51096bf579a58d37e90
deliverables/G01/v001/01_support/dwg/entities.json;Документы/deliverables/G01/v001/01_support/dwg/entities.json;06 Чертежи и геометрическая подоснова;333022;6d32dde2412da0dbb191d9b5dfcec68c2ec82fb76a21f81454cb1d23ce6d9860;PUBLIC;8d2cfd9dac117d8cb603b51096bf579a58d37e90
deliverables/G01/v001/01_support/dwg/inspect_dxf.py;Документы/deliverables/G01/v001/01_support/dwg/inspect_dxf.py;06 Чертежи и геометрическая подоснова;5190;9c7801188b3a560e08ceed196ea86a20616fdd1f8ad70b56ae955d69f75fd12c;PUBLIC;8d2cfd9dac117d8cb603b51096bf579a58d37e90
deliverables/G01/v001/01_support/dwg/inspection.stderr.log;Документы/deliverables/G01/v001/01_support/dwg/inspection.stderr.log;06 Чертежи и геометрическая подоснова;0;e3b0c44298fc1c149afbf4c8996fb92427ae41e4649b934ca495991b7852b855;PUBLIC;8d2cfd9dac117d8cb603b51096bf579a58d37e90
deliverables/G01/v001/01_support/dwg/inspection.stdout.log;Документы/deliverables/G01/v001/01_support/dwg/inspection.stdout.log;06 Чертежи и геометрическая подоснова;1141;45079f65229e0fd7ee376ff0d6f27154c15a09590284bb9b41a46984b7526f41;PUBLIC;8d2cfd9dac117d8cb603b51096bf579a58d37e90
deliverables/G01/v001/01_support/dwg/inventory.json;Документы/deliverables/G01/v001/01_support/dwg/inventory.json;06 Чертежи и геометрическая подоснова;30494;d849bfee5c4e423bb57ec6528d2d335039148bf76c5e1ff383b52b7098e0c41d;PUBLIC;8d2cfd9dac117d8cb603b51096bf579a58d37e90
deliverables/G01/v001/01_support/dwg/layers.csv;Документы/deliverables/G01/v001/01_support/dwg/layers.csv;06 Чертежи и геометрическая подоснова;1839;cdf45f02e7c9fc286e84b20976525fb7afa8f008b3cfc7f67f5c30929c0d7ffc;PUBLIC;8d2cfd9dac117d8cb603b51096bf579a58d37e90
deliverables/G01/v001/01_support/dwg/lines-decoded.json;Документы/deliverables/G01/v001/01_support/dwg/lines-decoded.json;06 Чертежи и геометрическая подоснова;5491867;ea5d2215b5c7bdd8906e944c03f0bf09218e3f29a4262362de6e28d7916f52d3;PUBLIC;8d2cfd9dac117d8cb603b51096bf579a58d37e90
deliverables/G01/v001/01_support/dwg/lines-derived-preview.png;Документы/deliverables/G01/v001/01_support/dwg/lines-derived-preview.png;06 Чертежи и геометрическая подоснова;366372;f5ce70309a8d1a8c63886b32a5f7ed35610af99cd4568248ee07d218246c1159;PUBLIC;8d2cfd9dac117d8cb603b51096bf579a58d37e90
deliverables/G01/v001/01_support/dwg/lines-derived.dxf;Документы/deliverables/G01/v001/01_support/dwg/lines-derived.dxf;06 Чертежи и геометрическая подоснова;1556078;78c011b7724a26fe8087a55d36c8224607491c06d2f71d11fc9ac878fcd45273;PUBLIC;8d2cfd9dac117d8cb603b51096bf579a58d37e90
deliverables/G01/v001/01_support/dwg/lines-derived.svg;Документы/deliverables/G01/v001/01_support/dwg/lines-derived.svg;06 Чертежи и геометрическая подоснова;766282;1978b9bccb5b0a2304770c0cd6a10e623fca2c1adde9fd251e46b3fc1e51b905;PUBLIC;8d2cfd9dac117d8cb603b51096bf579a58d37e90
deliverables/G01/v001/01_support/dwg/orthographic-linework.png;Документы/deliverables/G01/v001/01_support/dwg/orthographic-linework.png;06 Чертежи и геометрическая подоснова;556490;11b96d5aef32fbc07f5bb7a2f8d978109b107ec23506fee4c721657e41b0a0df;PUBLIC;8d2cfd9dac117d8cb603b51096bf579a58d37e90
deliverables/G01/v001/01_support/dwg/projection-log.json;Документы/deliverables/G01/v001/01_support/dwg/projection-log.json;06 Чертежи и геометрическая подоснова;237;1898683f68549c8c182dc898b2b5ba171ca04b8edf7c7df07ddd3dc61e812dc8;PUBLIC;8d2cfd9dac117d8cb603b51096bf579a58d37e90
deliverables/G01/v001/01_support/dwg/reproduce.sh;Документы/deliverables/G01/v001/01_support/dwg/reproduce.sh;06 Чертежи и геометрическая подоснова;1892;d9361d56f79eb412105a949da4739d2e2f87818836c3e75679d27e73db59c046;PUBLIC;8d2cfd9dac117d8cb603b51096bf579a58d37e90
deliverables/G01/v001/01_support/dwg/requirements-lock.txt;Документы/deliverables/G01/v001/01_support/dwg/requirements-lock.txt;06 Чертежи и геометрическая подоснова;228;5d88711d7921008aa45678283dbf6f544bf83f115d6ff13b86ffe58ecbe0838c;PUBLIC;8d2cfd9dac117d8cb603b51096bf579a58d37e90
deliverables/G01/v001/01_support/dwg/texts.json;Документы/deliverables/G01/v001/01_support/dwg/texts.json;06 Чертежи и геометрическая подоснова;127141;abcf7454ce7985981dc690ae0667e6879fa71c4e7badb2e5dfdae7ff94aae045;PUBLIC;8d2cfd9dac117d8cb603b51096bf579a58d37e90
deliverables/G01/v001/01_support/manifest.json;Документы/deliverables/G01/v001/01_support/manifest.json;06 Чертежи и геометрическая подоснова;9266;dc4871576fcb4c746bb5cde200632e773d248135cd75debe3ac85f98220ca742;PUBLIC;8d2cfd9dac117d8cb603b51096bf579a58d37e90
deliverables/G01/v001/01_support/review/00_review.md;Документы/deliverables/G01/v001/01_support/review/00_review.md;06 Чертежи и геометрическая подоснова;10047;2b1400c9719a2b00a76f592c9373df00a008d19df7830e895083e2973d45210c;PUBLIC;8d2cfd9dac117d8cb603b51096bf579a58d37e90
deliverables/G01/v001/01_support/review/check_dwg.py;Документы/deliverables/G01/v001/01_support/review/check_dwg.py;06 Чертежи и геометрическая подоснова;2897;8f60ffc6a9569e55d01d2aedb96c68bda914112b051f509a972c27c86564a5a2;PUBLIC;8d2cfd9dac117d8cb603b51096bf579a58d37e90
deliverables/G01/v001/01_support/review/check_geometry.py;Документы/deliverables/G01/v001/01_support/review/check_geometry.py;06 Чертежи и геометрическая подоснова;3831;b202cb2a6831a7b1f3744b4cee8c2d7bebeb0a43c80a2b78985562c140d8ba26;PUBLIC;8d2cfd9dac117d8cb603b51096bf579a58d37e90
deliverables/G01/v001/01_support/review/checked-inputs.json;Документы/deliverables/G01/v001/01_support/review/checked-inputs.json;06 Чертежи и геометрическая подоснова;1751;bd28e248caa22e2d1b83be7004a3397f70337af54e0f568808282100e7b0a956;PUBLIC;8d2cfd9dac117d8cb603b51096bf579a58d37e90
deliverables/G01/v001/01_support/review/findings.csv;Документы/deliverables/G01/v001/01_support/review/findings.csv;06 Чертежи и геометрическая подоснова;1709;377ee2f2158377a1908307194d5e6f4f91b484d4228aa0868ce40b0413d76439;PUBLIC;8d2cfd9dac117d8cb603b51096bf579a58d37e90
deliverables/G01/v001/01_support/review/independent-dwg-results.json;Документы/deliverables/G01/v001/01_support/review/independent-dwg-results.json;06 Чертежи и геометрическая подоснова;4134;6739f0daf1079f275e7a85481e3bc11ed9d7a7856a2dc78c220599e998422c8a;PUBLIC;8d2cfd9dac117d8cb603b51096bf579a58d37e90
deliverables/G01/v001/01_support/review/independent-results.json;Документы/deliverables/G01/v001/01_support/review/independent-results.json;06 Чертежи и геометрическая подоснова;16468;8d3de755f4f21659675990674d33e13b9b15700732c900846aa3e4b52fd46955;PUBLIC;8d2cfd9dac117d8cb603b51096bf579a58d37e90
deliverables/G01/v001/01_support/rhino/00_rhino-inspection.md;Документы/deliverables/G01/v001/01_support/rhino/00_rhino-inspection.md;06 Чертежи и геометрическая подоснова;17849;dfa172c159363422569ae8cf9037567933ee9d3366c2212fdbb684eef79b0389;PUBLIC;8d2cfd9dac117d8cb603b51096bf579a58d37e90
deliverables/G01/v001/01_support/rhino/all-projections.png;Документы/deliverables/G01/v001/01_support/rhino/all-projections.png;06 Чертежи и геометрическая подоснова;403881;38564ed659e8655e2409e9bd7f52a46d5a410f21e9e480c0c090fb3ba4702dfc;PUBLIC;8d2cfd9dac117d8cb603b51096bf579a58d37e90
deliverables/G01/v001/01_support/rhino/all-projections.svg;Документы/deliverables/G01/v001/01_support/rhino/all-projections.svg;06 Чертежи и геометрическая подоснова;1431349;3b8ef2009c6f7138841ae32e514c230ff0514cc1ee5237c8ae1a7525ca6b758e;PUBLIC;8d2cfd9dac117d8cb603b51096bf579a58d37e90
deliverables/G01/v001/01_support/rhino/deck-candidate-projections.png;Документы/deliverables/G01/v001/01_support/rhino/deck-candidate-projections.png;06 Чертежи и геометрическая подоснова;166242;ba69b289b22783c5714f9ed3f25455e4ddfa9bb1e8428aa4fe1a0f8c5ee5b20b;PUBLIC;8d2cfd9dac117d8cb603b51096bf579a58d37e90
deliverables/G01/v001/01_support/rhino/deck-candidate-projections.svg;Документы/deliverables/G01/v001/01_support/rhino/deck-candidate-projections.svg;06 Чертежи и геометрическая подоснова;114280;9f1c974488adc0ad410090d75c75076acdd48d7f17f34ddc7bd4c1d1886a992a;PUBLIC;8d2cfd9dac117d8cb603b51096bf579a58d37e90
deliverables/G01/v001/01_support/rhino/hull-layer-projections.png;Документы/deliverables/G01/v001/01_support/rhino/hull-layer-projections.png;06 Чертежи и геометрическая подоснова;376846;44c17042f987cc9866013a5884c4f850750881203c0c438603054c7e2dd662ec;PUBLIC;8d2cfd9dac117d8cb603b51096bf579a58d37e90
deliverables/G01/v001/01_support/rhino/hull-layer-projections.svg;Документы/deliverables/G01/v001/01_support/rhino/hull-layer-projections.svg;06 Чертежи и геометрическая подоснова;1221593;02de53adae0e5e82bcf3cf6fc962c83d523cc50a200b13ea9830b4efb3691a21;PUBLIC;8d2cfd9dac117d8cb603b51096bf579a58d37e90
deliverables/G01/v001/01_support/rhino/inspect_rhino.py;Документы/deliverables/G01/v001/01_support/rhino/inspect_rhino.py;06 Чертежи и геометрическая подоснова;6103;81aef2147beef3e29b905ad9acbf4dc956810499eb6c8942b62c18039158e489;PUBLIC;8d2cfd9dac117d8cb603b51096bf579a58d37e90
deliverables/G01/v001/01_support/rhino/internal-surfaces-example-projections.png;Документы/deliverables/G01/v001/01_support/rhino/internal-surfaces-example-projections.png;06 Чертежи и геометрическая подоснова;107886;f44fd1e7d050f272d7f0476706d68f2f669dc7e05fdfe77d6174e96f66b7172b;PUBLIC;8d2cfd9dac117d8cb603b51096bf579a58d37e90
deliverables/G01/v001/01_support/rhino/internal-surfaces-example-projections.svg;Документы/deliverables/G01/v001/01_support/rhino/internal-surfaces-example-projections.svg;06 Чертежи и геометрическая подоснова;94749;683c4114dce9141eb1201a875d5c6e96bd867d9cef8a57ebf71d6e8ff12c47b9;PUBLIC;8d2cfd9dac117d8cb603b51096bf579a58d37e90
deliverables/G01/v001/01_support/rhino/inventory.json;Документы/deliverables/G01/v001/01_support/rhino/inventory.json;06 Чертежи и геометрическая подоснова;749937;b736da134a3bd4ad1562bf85f49f95b419b8262cb2536adbd3b1d521fe50bda2;PUBLIC;8d2cfd9dac117d8cb603b51096bf579a58d37e90
deliverables/G01/v001/01_support/rhino/objects.csv;Документы/deliverables/G01/v001/01_support/rhino/objects.csv;06 Чертежи и геометрическая подоснова;276040;b0e9be733273e2a348567e0da80aaeb63f8a4a8842d84d6eabe4fb20b6942f4b;PUBLIC;8d2cfd9dac117d8cb603b51096bf579a58d37e90
deliverables/G01/v001/01_support/rhino/requirements-lock.txt;Документы/deliverables/G01/v001/01_support/rhino/requirements-lock.txt;06 Чертежи и геометрическая подоснова;206;f32999705ddfbbe5becfaa2a146224e82a4e0647dce65fdaf3430f993fa1effe;PUBLIC;8d2cfd9dac117d8cb603b51096bf579a58d37e90
deliverables/G01/v001/01_support/rhino/roof-candidates-projections.png;Документы/deliverables/G01/v001/01_support/rhino/roof-candidates-projections.png;06 Чертежи и геометрическая подоснова;152738;77dd8a79399d86778ec5de772eeb056891bebf60d02cfe65d302338ef9b3bd83;PUBLIC;8d2cfd9dac117d8cb603b51096bf579a58d37e90
deliverables/G01/v001/01_support/rhino/roof-candidates-projections.svg;Документы/deliverables/G01/v001/01_support/rhino/roof-candidates-projections.svg;06 Чертежи и геометрическая подоснова;102708;ec39e25b2c18152145479733e24554ece92e9fedc0ef540530dfda911bd518ce;PUBLIC;8d2cfd9dac117d8cb603b51096bf579a58d37e90
deliverables/G01/v001/01_support/rhino/selections.json;Документы/deliverables/G01/v001/01_support/rhino/selections.json;06 Чертежи и геометрическая подоснова;2562;672181d4cab47e5f7837364f14986c747c34c63ac2ce0d6d354e992ffba164ae;PUBLIC;8d2cfd9dac117d8cb603b51096bf579a58d37e90
deliverables/G01/v001/01_support/rhino/shell-surfaces-projections.png;Документы/deliverables/G01/v001/01_support/rhino/shell-surfaces-projections.png;06 Чертежи и геометрическая подоснова;162045;4bfc0b830fb399d87099aec184282d3d11d642ba6e7e76f7240ef0e6a84f159c;PUBLIC;8d2cfd9dac117d8cb603b51096bf579a58d37e90
deliverables/G01/v001/01_support/rhino/shell-surfaces-projections.svg;Документы/deliverables/G01/v001/01_support/rhino/shell-surfaces-projections.svg;06 Чертежи и геометрическая подоснова;115381;5b5673aa706e36b1cbd394d4328e89cee619a7c36840c37c4c24488a1cb7ade7;PUBLIC;8d2cfd9dac117d8cb603b51096bf579a58d37e90
deliverables/G01/v001/01_support/survey/00_survey-basis.md;Документы/deliverables/G01/v001/01_support/survey/00_survey-basis.md;06 Чертежи и геометрическая подоснова;12927;ac35a2071c0b8f01a561945bc68baab150d9d4a5cc05a0d682b89a9dc99d8172;PUBLIC;8d2cfd9dac117d8cb603b51096bf579a58d37e90
deliverables/G01/v001/01_support/survey/survey-checklist.csv;Документы/deliverables/G01/v001/01_support/survey/survey-checklist.csv;06 Чертежи и геометрическая подоснова;12972;ac9fc4c6585976ae92d2c4c756800f07a5ac7c06b724bd1f0387d6429a472312;PUBLIC;8d2cfd9dac117d8cb603b51096bf579a58d37e90
deliverables/G01/v001/01_support/task-definition.json;Документы/deliverables/G01/v001/01_support/task-definition.json;06 Чертежи и геометрическая подоснова;1871;a83f992d62bab3d1c79f1df4ae40ec889bd932f3fa763d9b4baafdf26d9213e6;PUBLIC;8d2cfd9dac117d8cb603b51096bf579a58d37e90
deliverables/G02/v001/00_sprint-result.md;Документы/deliverables/G02/v001/00_sprint-result.md;06 Чертежи и геометрическая подоснова;9508;2be3d3d6ac08bfe8f361ec1bbca499ff3c707beec342eda1879d4c55c112634c;PUBLIC;8d2cfd9dac117d8cb603b51096bf579a58d37e90
deliverables/G02/v001/01_support/00_acceptance.md;Документы/deliverables/G02/v001/01_support/00_acceptance.md;06 Чертежи и геометрическая подоснова;5390;d7a0f9f4fef2b5f830f662a59b38af6a2f4f82dcca6dcc8487cc296b83ebefa3;PUBLIC;8d2cfd9dac117d8cb603b51096bf579a58d37e90
deliverables/G02/v001/01_support/alignment/00_alignment.md;Документы/deliverables/G02/v001/01_support/alignment/00_alignment.md;06 Чертежи и геометрическая подоснова;15162;6fe8627e5d0ed35bf054dd68b1fc37cb1c1106a20d11c045429796dc2b03c8b8;PUBLIC;8d2cfd9dac117d8cb603b51096bf579a58d37e90
deliverables/G02/v001/01_support/alignment/alignment-overlay.png;Документы/deliverables/G02/v001/01_support/alignment/alignment-overlay.png;06 Чертежи и геометрическая подоснова;215103;6127a7908dcddd90aabd5ba7c4a4ae394cd03c0dcc49a9a03aadba6c61f2e088;PUBLIC;8d2cfd9dac117d8cb603b51096bf579a58d37e90
deliverables/G02/v001/01_support/alignment/alignment-overlay.svg;Документы/deliverables/G02/v001/01_support/alignment/alignment-overlay.svg;06 Чертежи и геометрическая подоснова;126821;a960fe946e6f2c716ebbe72eb4ce39a9ded618d7373f0b9a6000f98cb6ff194f;PUBLIC;8d2cfd9dac117d8cb603b51096bf579a58d37e90
deliverables/G02/v001/01_support/alignment/anchors.csv;Документы/deliverables/G02/v001/01_support/alignment/anchors.csv;06 Чертежи и геометрическая подоснова;2538;b8daf2d0dc95949166ca082bdf2cf70852db16ecd4aa75bf56c0b7fa2136fe31;PUBLIC;8d2cfd9dac117d8cb603b51096bf579a58d37e90
deliverables/G02/v001/01_support/alignment/author-check.json;Документы/deliverables/G02/v001/01_support/alignment/author-check.json;06 Чертежи и геометрическая подоснова;1325;1cba8d49b4a932e0f41d8c12ab5e8b54ce544323adfee187b9b18f1745a0a29c;PUBLIC;8d2cfd9dac117d8cb603b51096bf579a58d37e90
deliverables/G02/v001/01_support/alignment/bow-detail.png;Документы/deliverables/G02/v001/01_support/alignment/bow-detail.png;06 Чертежи и геометрическая подоснова;107746;44df5b51b0eac98fa8b8362780791b074edcfdeecfadc1c63b6dbef3860e8824;PUBLIC;8d2cfd9dac117d8cb603b51096bf579a58d37e90
deliverables/G02/v001/01_support/alignment/bow-detail.svg;Документы/deliverables/G02/v001/01_support/alignment/bow-detail.svg;06 Чертежи и геометрическая подоснова;81582;c700c458c550c865758c7e1bc32712b84be5cb49ac75adb9f01199df5e964739;PUBLIC;8d2cfd9dac117d8cb603b51096bf579a58d37e90
deliverables/G02/v001/01_support/alignment/build_alignment.py;Документы/deliverables/G02/v001/01_support/alignment/build_alignment.py;06 Чертежи и геометрическая подоснова;13318;08ff5e58d825b6c08d85b53c80e42d261bc7f4cf2e0f1a667c355bd8c191d1cd;PUBLIC;8d2cfd9dac117d8cb603b51096bf579a58d37e90
deliverables/G02/v001/01_support/alignment/curves-working.json;Документы/deliverables/G02/v001/01_support/alignment/curves-working.json;06 Чертежи и геометрическая подоснова;3883003;65206919803104ff3f0424c3f01770cab0909918bcf90644b56fff79addf63c1;PUBLIC;8d2cfd9dac117d8cb603b51096bf579a58d37e90
deliverables/G02/v001/01_support/alignment/dwg-selected-extraction.json;Документы/deliverables/G02/v001/01_support/alignment/dwg-selected-extraction.json;06 Чертежи и геометрическая подоснова;53039;413b2d0efa2dd7938483a359552b308a5cb19df012a999d19c719f6a4127cf7f;PUBLIC;8d2cfd9dac117d8cb603b51096bf579a58d37e90
deliverables/G02/v001/01_support/alignment/holdout-sections.png;Документы/deliverables/G02/v001/01_support/alignment/holdout-sections.png;06 Чертежи и геометрическая подоснова;228607;2b991c62a954c818423931e9f1f05ceea8188a7a3f37fe8716aff85a43654969;PUBLIC;8d2cfd9dac117d8cb603b51096bf579a58d37e90
deliverables/G02/v001/01_support/alignment/holdout-sections.svg;Документы/deliverables/G02/v001/01_support/alignment/holdout-sections.svg;06 Чертежи и геометрическая подоснова;162475;5ac5a3c6bf176548af99126d0e7eccb2bdb99ecc8c2bdea25ccc9c05092aa781;PUBLIC;8d2cfd9dac117d8cb603b51096bf579a58d37e90
deliverables/G02/v001/01_support/alignment/section-diagnostics.json;Документы/deliverables/G02/v001/01_support/alignment/section-diagnostics.json;06 Чертежи и геометрическая подоснова;2225;7b070b18d4a0b12f6e8dbe1686f6317245329bd6bd9dc6874d97c322ff51453f;PUBLIC;8d2cfd9dac117d8cb603b51096bf579a58d37e90
deliverables/G02/v001/01_support/alignment/sections-working.json;Документы/deliverables/G02/v001/01_support/alignment/sections-working.json;06 Чертежи и геометрическая подоснова;100534;1330ae35662ac88a135638eb35b3c74727a3d3fda6127ad089f9dd7c6c894299;PUBLIC;8d2cfd9dac117d8cb603b51096bf579a58d37e90
deliverables/G02/v001/01_support/alignment/transform.json;Документы/deliverables/G02/v001/01_support/alignment/transform.json;06 Чертежи и геометрическая подоснова;3749;b74cca09fb57524e493156c1b1da215db830cc454a14b0e0dadc0f59c9f66feb;PUBLIC;8d2cfd9dac117d8cb603b51096bf579a58d37e90
deliverables/G02/v001/01_support/cad/00_cad-validation.md;Документы/deliverables/G02/v001/01_support/cad/00_cad-validation.md;06 Чертежи и геометрическая подоснова;11336;dc4bb7b69d247558c5c260845985b66a43bc7d8d298471cd9f3ff101e56e660e;PUBLIC;8d2cfd9dac117d8cb603b51096bf579a58d37e90
deliverables/G02/v001/01_support/cad/audit.stderr.log;Документы/deliverables/G02/v001/01_support/cad/audit.stderr.log;06 Чертежи и геометрическая подоснова;0;e3b0c44298fc1c149afbf4c8996fb92427ae41e4649b934ca495991b7852b855;PUBLIC;8d2cfd9dac117d8cb603b51096bf579a58d37e90
deliverables/G02/v001/01_support/cad/audit.stdout.log;Документы/deliverables/G02/v001/01_support/cad/audit.stdout.log;06 Чертежи и геометрическая подоснова;0;e3b0c44298fc1c149afbf4c8996fb92427ae41e4649b934ca495991b7852b855;PUBLIC;8d2cfd9dac117d8cb603b51096bf579a58d37e90
deliverables/G02/v001/01_support/cad/compare_cad.py;Документы/deliverables/G02/v001/01_support/cad/compare_cad.py;06 Чертежи и геометрическая подоснова;5566;5b0635914b198ca5308f52aa60f1a8f3e49b65ca4e2b5142b9c86c1b75d9ff45;PUBLIC;8d2cfd9dac117d8cb603b51096bf579a58d37e90
deliverables/G02/v001/01_support/cad/comparison.csv;Документы/deliverables/G02/v001/01_support/cad/comparison.csv;06 Чертежи и геометрическая подоснова;49285;8d003aeab19c47e8596b344380c94af59a32674208d5b655c78e5f9887127c88;PUBLIC;8d2cfd9dac117d8cb603b51096bf579a58d37e90
deliverables/G02/v001/01_support/cad/comparison.json;Документы/deliverables/G02/v001/01_support/cad/comparison.json;06 Чертежи и геометрическая подоснова;144738;f6af8f85b04db73d40ed8bf8bda61ebcaed3feb95ef5eb47b81dab600fed143c;PUBLIC;8d2cfd9dac117d8cb603b51096bf579a58d37e90
deliverables/G02/v001/01_support/cad/comparison.stderr.log;Документы/deliverables/G02/v001/01_support/cad/comparison.stderr.log;06 Чертежи и геометрическая подоснова;0;e3b0c44298fc1c149afbf4c8996fb92427ae41e4649b934ca495991b7852b855;PUBLIC;8d2cfd9dac117d8cb603b51096bf579a58d37e90
deliverables/G02/v001/01_support/cad/comparison.stdout.log;Документы/deliverables/G02/v001/01_support/cad/comparison.stdout.log;06 Чертежи и геометрическая подоснова;34388;9af45c7b15e2f26518c522766a4257a1bbcf694efd5b32d5f67e306bc5f80fa6;PUBLIC;8d2cfd9dac117d8cb603b51096bf579a58d37e90
deliverables/G02/v001/01_support/cad/exit-status.json;Документы/deliverables/G02/v001/01_support/cad/exit-status.json;06 Чертежи и геометрическая подоснова;33;4a8d18f91b71dda1d9280cb992aad2901d38df5467cbf394eb621c1855a706c6;PUBLIC;8d2cfd9dac117d8cb603b51096bf579a58d37e90
deliverables/G02/v001/01_support/cad/lines-oda-noaudit.dxf;Документы/deliverables/G02/v001/01_support/cad/lines-oda-noaudit.dxf;06 Чертежи и геометрическая подоснова;1787999;d06ad079a2c7b7f5ec8b0655fa71ee8f03efda8a95f7b88e45ed4e5db3a4055e;PUBLIC;8d2cfd9dac117d8cb603b51096bf579a58d37e90
deliverables/G02/v001/01_support/cad/noaudit.stderr.log;Документы/deliverables/G02/v001/01_support/cad/noaudit.stderr.log;06 Чертежи и геометрическая подоснова;0;e3b0c44298fc1c149afbf4c8996fb92427ae41e4649b934ca495991b7852b855;PUBLIC;8d2cfd9dac117d8cb603b51096bf579a58d37e90
deliverables/G02/v001/01_support/cad/noaudit.stdout.log;Документы/deliverables/G02/v001/01_support/cad/noaudit.stdout.log;06 Чертежи и геометрическая подоснова;0;e3b0c44298fc1c149afbf4c8996fb92427ae41e4649b934ca495991b7852b855;PUBLIC;8d2cfd9dac117d8cb603b51096bf579a58d37e90
deliverables/G02/v001/01_support/cad/recheck.json;Документы/deliverables/G02/v001/01_support/cad/recheck.json;06 Чертежи и геометрическая подоснова;1507;868e4eab695294c618fb50011f089a7794dccb2a6cc6706c0d33f51deffe8743;PUBLIC;8d2cfd9dac117d8cb603b51096bf579a58d37e90
deliverables/G02/v001/01_support/cad/reproduce.sh;Документы/deliverables/G02/v001/01_support/cad/reproduce.sh;06 Чертежи и геометрическая подоснова;2195;f228b94a411cf995a92c11677559248c2bfd68cdf800130b08257b6921da9679;PUBLIC;8d2cfd9dac117d8cb603b51096bf579a58d37e90
deliverables/G02/v001/01_support/cad/toolchain.json;Документы/deliverables/G02/v001/01_support/cad/toolchain.json;06 Чертежи и геометрическая подоснова;1644;5a11f572acfd8781ddd49bea4bb12c8c527f25aeceedb316513eeaa1a66c2447;PUBLIC;8d2cfd9dac117d8cb603b51096bf579a58d37e90
deliverables/G02/v001/01_support/layout/00_layout-options.md;Документы/deliverables/G02/v001/01_support/layout/00_layout-options.md;06 Чертежи и геометрическая подоснова;15040;add993cce9c88ee41cdb52accf1048f011df1ba928da72225133e6ad89b47903;PUBLIC;8d2cfd9dac117d8cb603b51096bf579a58d37e90
deliverables/G02/v001/01_support/layout/author-check.json;Документы/deliverables/G02/v001/01_support/layout/author-check.json;06 Чертежи и геометрическая подоснова;1524;e0931103b8fb43a10ac87d5bd06330e768194edc83a641d3ca9addb984b00db6;PUBLIC;8d2cfd9dac117d8cb603b51096bf579a58d37e90
deliverables/G02/v001/01_support/layout/backdrop-curves.json;Документы/deliverables/G02/v001/01_support/layout/backdrop-curves.json;06 Чертежи и геометрическая подоснова;1501123;768a571e484db19c83cc8bff6f0d929bfa33e42c647b692e715be006c3ffaf5a;PUBLIC;8d2cfd9dac117d8cb603b51096bf579a58d37e90
deliverables/G02/v001/01_support/layout/option-A.png;Документы/deliverables/G02/v001/01_support/layout/option-A.png;06 Чертежи и геометрическая подоснова;476707;257da0074c7c2ebeb2547dc75a11eacb1a19d01390f38c231f1197da980acbcf;PUBLIC;8d2cfd9dac117d8cb603b51096bf579a58d37e90
deliverables/G02/v001/01_support/layout/option-A.svg;Документы/deliverables/G02/v001/01_support/layout/option-A.svg;06 Чертежи и геометрическая подоснова;264317;9e2207f4f81a2e0ac790a583184ff70612dcc63182b63ef18b5475902a6ffc52;PUBLIC;8d2cfd9dac117d8cb603b51096bf579a58d37e90
deliverables/G02/v001/01_support/layout/option-B.png;Документы/deliverables/G02/v001/01_support/layout/option-B.png;06 Чертежи и геометрическая подоснова;479310;e4ae8081f67b351af663fc47bf284ae5d1708c838438f70b1cf8d32cbb727ed2;PUBLIC;8d2cfd9dac117d8cb603b51096bf579a58d37e90
deliverables/G02/v001/01_support/layout/option-B.svg;Документы/deliverables/G02/v001/01_support/layout/option-B.svg;06 Чертежи и геометрическая подоснова;267213;2836213b64bd5e42317ecd8e4ade8471fe151dd0817be96e454459c66674ca5e;PUBLIC;8d2cfd9dac117d8cb603b51096bf579a58d37e90
deliverables/G02/v001/01_support/layout/reproduce.py;Документы/deliverables/G02/v001/01_support/layout/reproduce.py;06 Чертежи и геометрическая подоснова;14233;c0e891fbf40b93068f0011b27c5ed339e07fccc451cb25f9457cf3bdc7075552;PUBLIC;8d2cfd9dac117d8cb603b51096bf579a58d37e90
deliverables/G02/v001/01_support/layout/sketch-provenance.json;Документы/deliverables/G02/v001/01_support/layout/sketch-provenance.json;06 Чертежи и геометрическая подоснова;1661;f5834885b9c7fbf83b1dad172a35d1b54df01ec1bde7888e03cd6a7b7655ddb3;PUBLIC;8d2cfd9dac117d8cb603b51096bf579a58d37e90
deliverables/G02/v001/01_support/layout/tradeoffs.csv;Документы/deliverables/G02/v001/01_support/layout/tradeoffs.csv;06 Чертежи и геометрическая подоснова;4021;cd01e1169312efa2f81d3990bd0d775a289eeb9c974bf28b5c585591e249ad0a;PUBLIC;8d2cfd9dac117d8cb603b51096bf579a58d37e90
deliverables/G02/v001/01_support/layout/zones.csv;Документы/deliverables/G02/v001/01_support/layout/zones.csv;06 Чертежи и геометрическая подоснова;8312;6ae1c811cff0d19a7e2f05d0ed145c029f8ba68e8dfccac65d411e0121efe51c;PUBLIC;8d2cfd9dac117d8cb603b51096bf579a58d37e90
deliverables/G02/v001/01_support/manifest.json;Документы/deliverables/G02/v001/01_support/manifest.json;06 Чертежи и геометрическая подоснова;8482;1025e1dc8e31a150854949a856a0779b7603e767d39aba73374c35bc988507d0;PUBLIC;8d2cfd9dac117d8cb603b51096bf579a58d37e90
deliverables/G02/v001/01_support/review/00_review.md;Документы/deliverables/G02/v001/01_support/review/00_review.md;06 Чертежи и геометрическая подоснова;8441;aaec3736c92b45c2447292e84fe4adb13f7333ee51166706556843b859616f3f;PUBLIC;8d2cfd9dac117d8cb603b51096bf579a58d37e90
deliverables/G02/v001/01_support/review/checked-inputs.json;Документы/deliverables/G02/v001/01_support/review/checked-inputs.json;06 Чертежи и геометрическая подоснова;8824;74bf2d5bc01edc5f1e0abba0e2be52fd3f908619df91933050992f061edaf8cd;PUBLIC;8d2cfd9dac117d8cb603b51096bf579a58d37e90
deliverables/G02/v001/01_support/review/independent-results.json;Документы/deliverables/G02/v001/01_support/review/independent-results.json;06 Чертежи и геометрическая подоснова;5557;8adc8b2dae861ce258c20f70f60563642d31f82e3a82593a21c279673f5f4b76;PUBLIC;8d2cfd9dac117d8cb603b51096bf579a58d37e90
deliverables/G02/v001/01_support/review/independent_check.py;Документы/deliverables/G02/v001/01_support/review/independent_check.py;06 Чертежи и геометрическая подоснова;3917;432ffed0065950bc624b06e53d6086efeee896148932f72bf1afa69f87a5d762;PUBLIC;8d2cfd9dac117d8cb603b51096bf579a58d37e90
deliverables/G02/v001/01_support/review/independent_dxf.py;Документы/deliverables/G02/v001/01_support/review/independent_dxf.py;06 Чертежи и геометрическая подоснова;2596;5c59d27ecbc0941d7af4fe1c52dd66ad3aa4fd6e33f0d13817f9c52a21d8ece4;PUBLIC;8d2cfd9dac117d8cb603b51096bf579a58d37e90
deliverables/G02/v001/01_support/sprint-brief.md;Документы/deliverables/G02/v001/01_support/sprint-brief.md;06 Чертежи и геометрическая подоснова;5590;a585c3301d1add3e418d47b039aedfd29726663d555cce13978083382b5afbc3;PUBLIC;8d2cfd9dac117d8cb603b51096bf579a58d37e90
deliverables/G03/v001/00_central-engine-room.pdf;Документы/deliverables/G03/v001/00_central-engine-room.pdf;05 Компоновка МО;70925;21f3085ab8e0d4bc76ad314a1a20f3e67d0bcbef49da6072d7fa2b4349c12892;PUBLIC;8d2cfd9dac117d8cb603b51096bf579a58d37e90
deliverables/G03/v001/01_support/00_readme.md;Документы/deliverables/G03/v001/01_support/00_readme.md;05 Компоновка МО;13839;fdcd9078e1bbcc229363eaca8c444d03d848b4b4ca7ec7dc9cb98ff2569aa442;PUBLIC;8d2cfd9dac117d8cb603b51096bf579a58d37e90
deliverables/G03/v001/01_support/area-height.csv;Документы/deliverables/G03/v001/01_support/area-height.csv;05 Компоновка МО;328;fcb73ab909f3820f9d571acee25468ce4f6bcf765afaed210a049aa6077f2851;PUBLIC;8d2cfd9dac117d8cb603b51096bf579a58d37e90
deliverables/G03/v001/01_support/build_proposal.py;Документы/deliverables/G03/v001/01_support/build_proposal.py;05 Компоновка МО;17051;899827a65318ca5db010f4c6e7246833dc7bb23fe3e6a91816e9c342776005b3;PUBLIC;8d2cfd9dac117d8cb603b51096bf579a58d37e90
deliverables/G03/v001/01_support/extract_geometry.py;Документы/deliverables/G03/v001/01_support/extract_geometry.py;05 Компоновка МО;7081;8ff4c633fb206cf33fc573760be9d96a9affd8478e3fc40700d526289c5c33b9;PUBLIC;8d2cfd9dac117d8cb603b51096bf579a58d37e90
deliverables/G03/v001/01_support/geometry-basis.json;Документы/deliverables/G03/v001/01_support/geometry-basis.json;05 Компоновка МО;406183;c19fe89b190d3fb6a4308cabc7b1b73e8674b4f78cd55aae0894ff00b815831b;PUBLIC;8d2cfd9dac117d8cb603b51096bf579a58d37e90
deliverables/G03/v001/01_support/geometry-basis.md;Документы/deliverables/G03/v001/01_support/geometry-basis.md;05 Компоновка МО;13878;f7931ce6aa4340fd4a50bf482d228415b4c7e5dc95f79488bd8de8633828b4d8;PUBLIC;8d2cfd9dac117d8cb603b51096bf579a58d37e90
deliverables/G03/v001/01_support/manifest.json;Документы/deliverables/G03/v001/01_support/manifest.json;05 Компоновка МО;2967;dfc6754a1eb3ba7fe115c3de131d930a9c15d044982f8f784bbad5c3af780b67;PUBLIC;8d2cfd9dac117d8cb603b51096bf579a58d37e90
deliverables/G03/v001/01_support/plan.png;Документы/deliverables/G03/v001/01_support/plan.png;05 Компоновка МО;322425;1c4581b95f1a830bafaae5a5ea106bb9addf731199892907d91b9b4959f2eb43;PUBLIC;8d2cfd9dac117d8cb603b51096bf579a58d37e90
deliverables/G03/v001/01_support/plan.svg;Документы/deliverables/G03/v001/01_support/plan.svg;05 Компоновка МО;92216;2960b8142682173bec7752f561ab1949f2bb30481e12a8b2cf8acca66d66cb75;PUBLIC;8d2cfd9dac117d8cb603b51096bf579a58d37e90
deliverables/G03/v001/01_support/proposal.json;Документы/deliverables/G03/v001/01_support/proposal.json;05 Компоновка МО;3647;2e3afd890f53f7980e5d796d2e0012f936ec0febc9b7535c2a73604eda77ebc6;PUBLIC;8d2cfd9dac117d8cb603b51096bf579a58d37e90
deliverables/G03/v001/01_support/review.md;Документы/deliverables/G03/v001/01_support/review.md;05 Компоновка МО;6864;aecee4a1c279ae13431eac654f81248cc72273ccd2282784127b9684859bf87f;PUBLIC;8d2cfd9dac117d8cb603b51096bf579a58d37e90
deliverables/G03/v001/01_support/section.png;Документы/deliverables/G03/v001/01_support/section.png;05 Компоновка МО;301008;ede877faf5ba189ed934041ee1e3515c51de505b668c34a1b0c7b519bef5ab7d;PUBLIC;8d2cfd9dac117d8cb603b51096bf579a58d37e90
deliverables/G03/v001/01_support/section.svg;Документы/deliverables/G03/v001/01_support/section.svg;05 Компоновка МО;39621;ee4149230445973edda43be0e8b17dbacd43964015d552652b29bdcef901b1ae;PUBLIC;8d2cfd9dac117d8cb603b51096bf579a58d37e90
deliverables/G03/v001/01_support/source-plan.json;Документы/deliverables/G03/v001/01_support/source-plan.json;05 Компоновка МО;7305;6e3bce4d839c7a94bbe33186a120907f3c7595f3697f5f4c3749755bb4be5d23;PUBLIC;8d2cfd9dac117d8cb603b51096bf579a58d37e90
deliverables/G03/v001/01_support/source-plan.md;Документы/deliverables/G03/v001/01_support/source-plan.md;05 Компоновка МО;10953;f7a7bf996e75c88c7523f3c8c839d9f7649d3bc58672c6059ebd86371c2a3d36;PUBLIC;8d2cfd9dac117d8cb603b51096bf579a58d37e90
deliverables/G03/v001/01_support/verification.json;Документы/deliverables/G03/v001/01_support/verification.json;05 Компоновка МО;5478;19b5db2d11093a0ebd2c025ad9c2ff33043783ac921f286649b6aee58ab99112;PUBLIC;8d2cfd9dac117d8cb603b51096bf579a58d37e90
deliverables/G03/v002/00_equipment-block-layout.pdf;Документы/deliverables/G03/v002/00_equipment-block-layout.pdf;05 Компоновка МО;63438;6567293c46d8ded563e0afbcfe4f772fd5d43386f87ca0f2f245289ecb2133ea;PUBLIC;8d2cfd9dac117d8cb603b51096bf579a58d37e90
deliverables/G03/v002/01_support/00_readme.md;Документы/deliverables/G03/v002/01_support/00_readme.md;05 Компоновка МО;17361;83e7851ad07c53a508ce7a04e6a896fdc30c9573d417ec6fde979b106c79c3ae;PUBLIC;8d2cfd9dac117d8cb603b51096bf579a58d37e90
deliverables/G03/v002/01_support/01-plan.png;Документы/deliverables/G03/v002/01_support/01-plan.png;05 Компоновка МО;233683;87fc431aad521a96e142401b447e5343ab3be7fe4a3564f6aeeb6d36503d48ec;PUBLIC;8d2cfd9dac117d8cb603b51096bf579a58d37e90
deliverables/G03/v002/01_support/01-plan.svg;Документы/deliverables/G03/v002/01_support/01-plan.svg;05 Компоновка МО;37227;14748353703d9ad776b8fb49276d83c02d034668efc8b5d7e8803cb249ca48a7;PUBLIC;8d2cfd9dac117d8cb603b51096bf579a58d37e90
deliverables/G03/v002/01_support/02-elevations.png;Документы/deliverables/G03/v002/01_support/02-elevations.png;05 Компоновка МО;199380;4a687427345a41943b7a16ad0c7db359d592d96e2a938ebd788ea5e3384447ce;PUBLIC;8d2cfd9dac117d8cb603b51096bf579a58d37e90
deliverables/G03/v002/01_support/02-elevations.svg;Документы/deliverables/G03/v002/01_support/02-elevations.svg;05 Компоновка МО;35558;1c8ce3a52092d1521378276853134f9d639ffb7b8be8a6c83076e9cd193774ba;PUBLIC;8d2cfd9dac117d8cb603b51096bf579a58d37e90
deliverables/G03/v002/01_support/03-dry-cabinet.png;Документы/deliverables/G03/v002/01_support/03-dry-cabinet.png;05 Компоновка МО;191283;2df7ab59f4a0a0bc3075f47b3d44e7da86b1ec81cc70d13e79784188a70547a7;PUBLIC;8d2cfd9dac117d8cb603b51096bf579a58d37e90
deliverables/G03/v002/01_support/03-dry-cabinet.svg;Документы/deliverables/G03/v002/01_support/03-dry-cabinet.svg;05 Компоновка МО;23794;c492aeeb8bd94e542e13a2ffb4a52fbcee00f6f3e14cb138e0178e67425e9f74;PUBLIC;8d2cfd9dac117d8cb603b51096bf579a58d37e90
deliverables/G03/v002/01_support/04-open-issues.png;Документы/deliverables/G03/v002/01_support/04-open-issues.png;05 Компоновка МО;182683;6373075bd0971c7be587baa54066672c1201f13e9aae7a74c843ad6d855be986;PUBLIC;8d2cfd9dac117d8cb603b51096bf579a58d37e90
deliverables/G03/v002/01_support/04-open-issues.svg;Документы/deliverables/G03/v002/01_support/04-open-issues.svg;05 Компоновка МО;14993;b304fa94d0fd2873cf577c8fe2c74028be6b0af959548336050b939c4565b2fc;PUBLIC;8d2cfd9dac117d8cb603b51096bf579a58d37e90
deliverables/G03/v002/01_support/auxiliary-basis.json;Документы/deliverables/G03/v002/01_support/auxiliary-basis.json;05 Компоновка МО;49455;67037011a37b828774a545d54ca961f93b4ba9d39129bf6c3f70f664c9985900;PUBLIC;8d2cfd9dac117d8cb603b51096bf579a58d37e90
deliverables/G03/v002/01_support/auxiliary-basis.md;Документы/deliverables/G03/v002/01_support/auxiliary-basis.md;05 Компоновка МО;11942;f463c94108adf5c08e01dfb15cb3d681a2d8203deb9b36b6465b0cc4f765de36;PUBLIC;8d2cfd9dac117d8cb603b51096bf579a58d37e90
deliverables/G03/v002/01_support/blocks.csv;Документы/deliverables/G03/v002/01_support/blocks.csv;05 Компоновка МО;3144;95754ff9235d3f6a2e84a0c1fca55ad6d4f680fd344e1c1961e77d3c1e775508;PUBLIC;8d2cfd9dac117d8cb603b51096bf579a58d37e90
deliverables/G03/v002/01_support/build_blocks.py;Документы/deliverables/G03/v002/01_support/build_blocks.py;05 Компоновка МО;20540;eec5bb56b3f5ac268d9bdaaf6a560084c8c58cc470b611f71575390ca3731b60;PUBLIC;8d2cfd9dac117d8cb603b51096bf579a58d37e90
deliverables/G03/v002/01_support/coverage.csv;Документы/deliverables/G03/v002/01_support/coverage.csv;05 Компоновка МО;1871;8b5463ff4be53f47968d72dc026f1da9adf8a42d23dcc8a37a7396b43154ef6a;PUBLIC;8d2cfd9dac117d8cb603b51096bf579a58d37e90
deliverables/G03/v002/01_support/layout.json;Документы/deliverables/G03/v002/01_support/layout.json;05 Компоновка МО;16926;0ebfbe37d36aa7c3b745d8a4f1b2ed25824d78b869630f61df862b22366bdf20;PUBLIC;8d2cfd9dac117d8cb603b51096bf579a58d37e90
deliverables/G03/v002/01_support/manifest.json;Документы/deliverables/G03/v002/01_support/manifest.json;05 Компоновка МО;3991;604ac847ad1ef872582cf60d28d8b7dbb85b8bf5a11edb27a1469f0ee851c54d;PUBLIC;8d2cfd9dac117d8cb603b51096bf579a58d37e90
deliverables/G03/v002/01_support/propulsion-basis.json;Документы/deliverables/G03/v002/01_support/propulsion-basis.json;05 Компоновка МО;5693;99fb6d79514976076848f3f7a7eb3d670a1d9e46da890189f22a1a791aefee3d;PUBLIC;8d2cfd9dac117d8cb603b51096bf579a58d37e90
deliverables/G03/v002/01_support/propulsion-basis.md;Документы/deliverables/G03/v002/01_support/propulsion-basis.md;05 Компоновка МО;7827;1165809b74fe64cccd46aceb75a3b31df122d1e9a467472911c01ad70774c409;PUBLIC;8d2cfd9dac117d8cb603b51096bf579a58d37e90
deliverables/G03/v002/01_support/review.md;Документы/deliverables/G03/v002/01_support/review.md;05 Компоновка МО;7191;89d5db9e5bf5462edd24c26dd4bc14dd1a7a4278aed818ac654cd21231c48faf;PUBLIC;8d2cfd9dac117d8cb603b51096bf579a58d37e90
deliverables/G03/v002/01_support/sample_shell.py;Документы/deliverables/G03/v002/01_support/sample_shell.py;05 Компоновка МО;2076;2b0aa821194ae68f6401ffe7b72d70fd2e4b42cb2854d8ca81ce60737a76f156;PUBLIC;8d2cfd9dac117d8cb603b51096bf579a58d37e90
deliverables/G03/v002/01_support/shell-check.json;Документы/deliverables/G03/v002/01_support/shell-check.json;05 Компоновка МО;1757;cd42b65afbf1b515ce91d674bb0947ec82172ba7618f518e42d346ae42799ce2;PUBLIC;8d2cfd9dac117d8cb603b51096bf579a58d37e90
deliverables/G03/v002/01_support/verification.json;Документы/deliverables/G03/v002/01_support/verification.json;05 Компоновка МО;7986;142e2451d500587ed554cfccb8ecf5eb30d553112b2c5dcc93fff5d777292c58;PUBLIC;8d2cfd9dac117d8cb603b51096bf579a58d37e90
deliverables/M01/v001/00_equipment-list.md;Документы/deliverables/M01/v001/00_equipment-list.md;04 Оборудование и RFQ;9631;6b7baa69e6b78640b11f1d84c8cf275bb27d0ee221617f4973a05162b34f48f5;PUBLIC;8d2cfd9dac117d8cb603b51096bf579a58d37e90
deliverables/M01/v001/01_support/00_readme.md;Документы/deliverables/M01/v001/01_support/00_readme.md;04 Оборудование и RFQ;1810;94412f4309b19f8269e7fd068444b7e2074ee6dbc59c7de9769acc3525f3ae58;PUBLIC;8d2cfd9dac117d8cb603b51096bf579a58d37e90
deliverables/M01/v001/01_support/checked-inputs.json;Документы/deliverables/M01/v001/01_support/checked-inputs.json;04 Оборудование и RFQ;2064;960c2eb2736358d973f5f30257a728784fa241a6351664239fce8c62a5ba3e88;PUBLIC;8d2cfd9dac117d8cb603b51096bf579a58d37e90
deliverables/M01/v001/01_support/comparison-rules.md;Документы/deliverables/M01/v001/01_support/comparison-rules.md;04 Оборудование и RFQ;16719;3295f6894ab316ad04d04fd2ac531c2eb5360475309bf08c68c80b5fdb9b8427;PUBLIC;8d2cfd9dac117d8cb603b51096bf579a58d37e90
deliverables/M01/v001/01_support/electrical-hydraulic-notes.md;Документы/deliverables/M01/v001/01_support/electrical-hydraulic-notes.md;04 Оборудование и RFQ;9819;37e366c472a63c70a02ef273f144cb4a68bf763cb4d451373d23a91d0e3e6d4f;PUBLIC;8d2cfd9dac117d8cb603b51096bf579a58d37e90
deliverables/M01/v001/01_support/equipment-list.csv;Документы/deliverables/M01/v001/01_support/equipment-list.csv;04 Оборудование и RFQ;14831;0b8330d5a934daac5f1726b74568204200522c70fa2788043310d3b9562414d1;PUBLIC;8d2cfd9dac117d8cb603b51096bf579a58d37e90
deliverables/M01/v001/01_support/manifest.json;Документы/deliverables/M01/v001/01_support/manifest.json;04 Оборудование и RFQ;1556;72963d10053abb1fffd042672c45eb7d6235471fe6edbd84bb038e1dbea1b7b1;PUBLIC;8d2cfd9dac117d8cb603b51096bf579a58d37e90
deliverables/M01/v001/01_support/owner-requirements.md;Документы/deliverables/M01/v001/01_support/owner-requirements.md;04 Оборудование и RFQ;2233;c0708258406b61a360c71a0fc50fca9e9787a33444dbb3b98d27c4b281f08eb8;PUBLIC;8d2cfd9dac117d8cb603b51096bf579a58d37e90
deliverables/M01/v001/01_support/review.md;Документы/deliverables/M01/v001/01_support/review.md;04 Оборудование и RFQ;7952;78b94f5b709c0b365131d0eedeab3259dd687e66da3466661de7d7d000415cda;PUBLIC;8d2cfd9dac117d8cb603b51096bf579a58d37e90
deliverables/M01/v001/01_support/systems-list.md;Документы/deliverables/M01/v001/01_support/systems-list.md;04 Оборудование и RFQ;27917;bbd54427f2c96a15a3ce6bfb4a5fb906300b77fd5d937ef370cd5b6addedd7cf;PUBLIC;8d2cfd9dac117d8cb603b51096bf579a58d37e90
deliverables/M02/v001/00_market-analysis.xlsx;Документы/deliverables/M02/v001/00_market-analysis.xlsx;02 КАЦ и рынок;58367;65ba4f6bc2c128e9f120a484c7bcf8bec9f6b69503ef858c2096301ef2446cab;PUBLIC;8d2cfd9dac117d8cb603b51096bf579a58d37e90
deliverables/M02/v001/01_support/00_findings.md;Документы/deliverables/M02/v001/01_support/00_findings.md;02 КАЦ и рынок;13372;6cb75c95cbdfaa531f20d61acc77a2d8a7be96dd0028c2a8eecd9bc132da4815;PUBLIC;8d2cfd9dac117d8cb603b51096bf579a58d37e90
deliverables/M02/v001/01_support/01_sources-and-files.md;Документы/deliverables/M02/v001/01_support/01_sources-and-files.md;02 КАЦ и рынок;3466;fdc25dd0cb2bf764c408106ebe5332e8e2510d962aa59a12d969d9f5fb7e7f75;PUBLIC;8d2cfd9dac117d8cb603b51096bf579a58d37e90
deliverables/M02/v001/01_support/02_acceptance.md;Документы/deliverables/M02/v001/01_support/02_acceptance.md;02 КАЦ и рынок;4181;70ad18fc317957e8e460fdfd8a48e7a70fbb2877a1935287260e43d4af53ab6a;PUBLIC;8d2cfd9dac117d8cb603b51096bf579a58d37e90
deliverables/M02/v001/01_support/all-candidates.csv;Документы/deliverables/M02/v001/01_support/all-candidates.csv;02 КАЦ и рынок;47175;337c1fcb4f7a96a6967d4a81b58e69bca747bf9433f014240cc338413f264133;PUBLIC;8d2cfd9dac117d8cb603b51096bf579a58d37e90
deliverables/M02/v001/01_support/auxiliary/candidates.csv;Документы/deliverables/M02/v001/01_support/auxiliary/candidates.csv;02 КАЦ и рынок;12038;9a762332a5b4a4225e8a6baeaf32266b4351c0ee3afcfa6ccaa43accfc7bc2d4;PUBLIC;8d2cfd9dac117d8cb603b51096bf579a58d37e90
deliverables/M02/v001/01_support/auxiliary/research.md;Документы/deliverables/M02/v001/01_support/auxiliary/research.md;02 КАЦ и рынок;9905;7bd41d50e790cdbb45aa7bc682aef421b3c0452ebbc1145c36dd418df6d33232;PUBLIC;8d2cfd9dac117d8cb603b51096bf579a58d37e90
deliverables/M02/v001/01_support/basis.md;Документы/deliverables/M02/v001/01_support/basis.md;02 КАЦ и рынок;6722;60b6adc8ebc9f263ecd3d0785e49477f08ef0befc0093c074f21b196c6e0c4fd;PUBLIC;8d2cfd9dac117d8cb603b51096bf579a58d37e90
deliverables/M02/v001/01_support/build_market.py;Документы/deliverables/M02/v001/01_support/build_market.py;02 КАЦ и рынок;22713;c2481307e4f4b83d59b5a085f70492cf94cc74c33ba3a3001d225b7277f879d6;PUBLIC;8d2cfd9dac117d8cb603b51096bf579a58d37e90
deliverables/M02/v001/01_support/checked-inputs.json;Документы/deliverables/M02/v001/01_support/checked-inputs.json;02 КАЦ и рынок;3022;808d3b663b9b42662344f48c579c599a42c9c7c29b42970b20ed14f9f17f6bcc;PUBLIC;8d2cfd9dac117d8cb603b51096bf579a58d37e90
deliverables/M02/v001/01_support/comparison.csv;Документы/deliverables/M02/v001/01_support/comparison.csv;02 КАЦ и рынок;12245;d3a3e8ff011afb20cb1644e3d6e65d7d59ce58d0a924da8070d8adcea913d605;PUBLIC;8d2cfd9dac117d8cb603b51096bf579a58d37e90
deliverables/M02/v001/01_support/coverage.csv;Документы/deliverables/M02/v001/01_support/coverage.csv;02 КАЦ и рынок;9751;a7dcadc3222eddd823a1995f5d6b35d2ae31dfac9f0cdc6db46a761ca1e9396f;PUBLIC;8d2cfd9dac117d8cb603b51096bf579a58d37e90
deliverables/M02/v001/01_support/dimensions.csv;Документы/deliverables/M02/v001/01_support/dimensions.csv;02 КАЦ и рынок;13003;ed37415a64d7e27493595a8925115a38f2302c91e04cb401c9f71008a77739a9;PUBLIC;8d2cfd9dac117d8cb603b51096bf579a58d37e90
deliverables/M02/v001/01_support/electrical/candidates.csv;Документы/deliverables/M02/v001/01_support/electrical/candidates.csv;02 КАЦ и рынок;8230;84a1acf3278b2e3b44896db4393e52f483cf0e2c97a0aeac6cc7650aa9b5e33a;PUBLIC;8d2cfd9dac117d8cb603b51096bf579a58d37e90
deliverables/M02/v001/01_support/electrical/research.md;Документы/deliverables/M02/v001/01_support/electrical/research.md;02 КАЦ и рынок;16729;9c8a975e2bcbaa97ecfb477f1efda5f7da224008d0bfc42166f7af1278aceb58;PUBLIC;8d2cfd9dac117d8cb603b51096bf579a58d37e90
deliverables/M02/v001/01_support/fx.json;Документы/deliverables/M02/v001/01_support/fx.json;02 КАЦ и рынок;441;1327751d48af03052c3ab482af8cec48efc8c4de7e15562022ed2acd8e302150;PUBLIC;8d2cfd9dac117d8cb603b51096bf579a58d37e90
deliverables/M02/v001/01_support/manifest.json;Документы/deliverables/M02/v001/01_support/manifest.json;02 КАЦ и рынок;5569;572bf5bca8661324c061fa882a12b356b2ad9268a0701cacc7d25a38b02680d3;PUBLIC;8d2cfd9dac117d8cb603b51096bf579a58d37e90
deliverables/M02/v001/01_support/propulsion/archive-note.md;Документы/deliverables/M02/v001/01_support/propulsion/archive-note.md;02 КАЦ и рынок;2316;801c8c4c99ba0b5d8795397afb198925e29c5c4d8f496e6491a39a85c15ff277;PUBLIC;8d2cfd9dac117d8cb603b51096bf579a58d37e90
deliverables/M02/v001/01_support/propulsion/candidates.csv;Документы/deliverables/M02/v001/01_support/propulsion/candidates.csv;02 КАЦ и рынок;6290;aba7e9cbbb1cbf03d32a5c9569a3239f435cef626135ead1f468e6de2775ade4;PUBLIC;8d2cfd9dac117d8cb603b51096bf579a58d37e90
deliverables/M02/v001/01_support/propulsion/live-price-extracts.json;Документы/deliverables/M02/v001/01_support/propulsion/live-price-extracts.json;02 КАЦ и рынок;2248;8f59e923753df89d0a9d8acb3f9a94c6647dba8af7b7eba84985f53999913bd6;PUBLIC;8d2cfd9dac117d8cb603b51096bf579a58d37e90
deliverables/M02/v001/01_support/propulsion/pdf-archive.json;Документы/deliverables/M02/v001/01_support/propulsion/pdf-archive.json;02 КАЦ и рынок;1986;be117d1a18ed1f89f870e2363dd98f39822160120cd7e365391176e7f6cb8277;PUBLIC;8d2cfd9dac117d8cb603b51096bf579a58d37e90
deliverables/M02/v001/01_support/propulsion/research.md;Документы/deliverables/M02/v001/01_support/propulsion/research.md;02 КАЦ и рынок;13565;ce04621b459edecaed8e059768cb463aed1838a7c617c0223759ce2ed4702043;PUBLIC;8d2cfd9dac117d8cb603b51096bf579a58d37e90
deliverables/M02/v001/01_support/review/auxiliary-review.md;Документы/deliverables/M02/v001/01_support/review/auxiliary-review.md;02 КАЦ и рынок;5335;30fbfc8a8d0682c42132c25413ab6edea6d203531a66dbe7360d89df8dbde5bd;PUBLIC;8d2cfd9dac117d8cb603b51096bf579a58d37e90
deliverables/M02/v001/01_support/review/electrical-review.md;Документы/deliverables/M02/v001/01_support/review/electrical-review.md;02 КАЦ и рынок;3914;450c83e1ac8b909833db5f58a22dd9805d5db57ef1f4fa5eb4c57ea188f6ab74;PUBLIC;8d2cfd9dac117d8cb603b51096bf579a58d37e90
deliverables/M02/v001/01_support/review/integration-review.md;Документы/deliverables/M02/v001/01_support/review/integration-review.md;02 КАЦ и рынок;7634;b71d60b32ab8fd2aa2d1528dc8a6bc2d821a8d79dbfd46527b85b607a0d65436;PUBLIC;8d2cfd9dac117d8cb603b51096bf579a58d37e90
deliverables/M02/v001/01_support/review/propulsion-review.md;Документы/deliverables/M02/v001/01_support/review/propulsion-review.md;02 КАЦ и рынок;5303;0b6caed51361d0565b8b87c214da35b79cbb20d5a40feaede8e38bbada5eef46;PUBLIC;8d2cfd9dac117d8cb603b51096bf579a58d37e90
deliverables/M02/v001/01_support/review/water-climate-review.md;Документы/deliverables/M02/v001/01_support/review/water-climate-review.md;02 КАЦ и рынок;5377;3b3f1d92da44d2e9c65b030dec12b677190310f5a245acc40f88b0ee1d8de237;PUBLIC;8d2cfd9dac117d8cb603b51096bf579a58d37e90
deliverables/M02/v001/01_support/service-outcomes.csv;Документы/deliverables/M02/v001/01_support/service-outcomes.csv;02 КАЦ и рынок;7373;4bf02d26e1f5c4ce2f67ef6031a1084559988b74696f312901c95cf1dc73c511;PUBLIC;8d2cfd9dac117d8cb603b51096bf579a58d37e90
deliverables/M02/v001/01_support/water-climate/build_register.py;Документы/deliverables/M02/v001/01_support/water-climate/build_register.py;02 КАЦ и рынок;9780;b2e9841c9554fae04f5bee19b291bedf46f6c9e4b45fb60947d97044468b40c4;PUBLIC;8d2cfd9dac117d8cb603b51096bf579a58d37e90
deliverables/M02/v001/01_support/water-climate/candidates.csv;Документы/deliverables/M02/v001/01_support/water-climate/candidates.csv;02 КАЦ и рынок;9943;63d7317c9b57e65d522b39a6f20cfdef7d0c1f0f3c48213091d27d23163f544a;PUBLIC;8d2cfd9dac117d8cb603b51096bf579a58d37e90
deliverables/M02/v001/01_support/water-climate/research.md;Документы/deliverables/M02/v001/01_support/water-climate/research.md;02 КАЦ и рынок;17030;472e483faec72276179d40924e58b83cc34476eeecbdd261d2933948cb55f3ae;PUBLIC;8d2cfd9dac117d8cb603b51096bf579a58d37e90
deliverables/M02/v001/01_support/water-climate/sources/cache-manifest.json;Документы/deliverables/M02/v001/01_support/water-climate/sources/cache-manifest.json;02 КАЦ и рынок;1213;0c2aab3953db0d2feefcdf51b09462a36f7f2ce42c858a2cebf93837b6139bb5;PUBLIC;8d2cfd9dac117d8cb603b51096bf579a58d37e90
deliverables/M02/v001/01_support/water-climate/sources/evidence-extracts.md;Документы/deliverables/M02/v001/01_support/water-climate/sources/evidence-extracts.md;02 КАЦ и рынок;981;71cbb55892e9a923f596c67d5a99a7fdceebca9af68aec7ea2c50a19934b054a;PUBLIC;8d2cfd9dac117d8cb603b51096bf579a58d37e90
deliverables/M03/v001/00_working-KAC.xlsx;Документы/deliverables/M03/v001/00_working-KAC.xlsx;02 КАЦ и рынок;98405;65060bed53e362a17d0a38c0586b79f67f5285fe191f8c7bdf9ebaf4c86640a7;PUBLIC;8d2cfd9dac117d8cb603b51096bf579a58d37e90
deliverables/M03/v001/01_support/00_readme.md;Документы/deliverables/M03/v001/01_support/00_readme.md;02 КАЦ и рынок;12918;8cadf53586971735453fb5b3352e8c30ac5759e20760ae71d7c2e297c873f4e6;PUBLIC;8d2cfd9dac117d8cb603b51096bf579a58d37e90
deliverables/M03/v001/01_support/01_acceptance.md;Документы/deliverables/M03/v001/01_support/01_acceptance.md;02 КАЦ и рынок;5357;eb7f4cb14ae0edf5b2f710d18cc0b1b108c314cc51dd43bdc41b8427282d033f;PUBLIC;8d2cfd9dac117d8cb603b51096bf579a58d37e90
deliverables/M03/v001/01_support/build-stats.json;Документы/deliverables/M03/v001/01_support/build-stats.json;02 КАЦ и рынок;225;b7ec7c5efdb5816768ee7d9965fe34f0ab43520c19ed2254ca9cb5f3a2cc46df;PUBLIC;8d2cfd9dac117d8cb603b51096bf579a58d37e90
deliverables/M03/v001/01_support/build_kac.py;Документы/deliverables/M03/v001/01_support/build_kac.py;02 КАЦ и рынок;21968;5ec4ae8a1fff6bd2931e9f90335070700ca453b05fe44888651a41059a17cb9d;PUBLIC;8d2cfd9dac117d8cb603b51096bf579a58d37e90
deliverables/M03/v001/01_support/checked-inputs.json;Документы/deliverables/M03/v001/01_support/checked-inputs.json;02 КАЦ и рынок;3035;7c7f7fe8579a0090ae18ba27060a8f7b8f815cda7d6a4a4a7542b507c1ec6c6f;PUBLIC;8d2cfd9dac117d8cb603b51096bf579a58d37e90
deliverables/M03/v001/01_support/components.csv;Документы/deliverables/M03/v001/01_support/components.csv;02 КАЦ и рынок;19930;d850d56cec801670bbed2dd3b33806aba49acb782b156165d1547cbc31ae69e2;PUBLIC;8d2cfd9dac117d8cb603b51096bf579a58d37e90
deliverables/M03/v001/01_support/manifest.json;Документы/deliverables/M03/v001/01_support/manifest.json;02 КАЦ и рынок;3959;f7067b2e96c9893d6fbd9fc222fda9a2f78f05828d2fd66c1aa193c6b6fc9a62;PUBLIC;8d2cfd9dac117d8cb603b51096bf579a58d37e90
deliverables/M03/v001/01_support/package-notes.md;Документы/deliverables/M03/v001/01_support/package-notes.md;02 КАЦ и рынок;11325;cf671ea3394402c18eb8e7be626af5339b66f622209bdd4335d60849752d5c93;PUBLIC;8d2cfd9dac117d8cb603b51096bf579a58d37e90
deliverables/M03/v001/01_support/packages.csv;Документы/deliverables/M03/v001/01_support/packages.csv;02 КАЦ и рынок;23445;3e359e42991d66603d59e5dae54501b3e36a2e5b100231f45bcca0ee1c66cd90;PUBLIC;8d2cfd9dac117d8cb603b51096bf579a58d37e90
deliverables/M03/v001/01_support/panda/candidates.csv;Документы/deliverables/M03/v001/01_support/panda/candidates.csv;02 КАЦ и рынок;3010;d5174a6e8b6df6daf1913b94a180c0f7b5c20e32cfbffff505a270392768037b;PUBLIC;8d2cfd9dac117d8cb603b51096bf579a58d37e90
deliverables/M03/v001/01_support/panda/pdf-archive.json;Документы/deliverables/M03/v001/01_support/panda/pdf-archive.json;02 КАЦ и рынок;2345;96b34d26aba391a65c3d623a7c615fdc4d282458e60fe205c9cda1e958b32690;PUBLIC;8d2cfd9dac117d8cb603b51096bf579a58d37e90
deliverables/M03/v001/01_support/panda/research.md;Документы/deliverables/M03/v001/01_support/panda/research.md;02 КАЦ и рынок;11614;44041a8f4dd456b1551d906f909ae0ea211a2c13867a8e6e3e6a10b132ff0b46;PUBLIC;8d2cfd9dac117d8cb603b51096bf579a58d37e90
deliverables/M03/v001/01_support/price-register.csv;Документы/deliverables/M03/v001/01_support/price-register.csv;02 КАЦ и рынок;48690;10c8a7f35b57c4d407d560e3c658eb12fc8f059b450fe9f2514fb901eb24ca2a;PUBLIC;8d2cfd9dac117d8cb603b51096bf579a58d37e90
deliverables/M03/v001/01_support/review/integration-review.md;Документы/deliverables/M03/v001/01_support/review/integration-review.md;02 КАЦ и рынок;7414;329feddf6c62883a171a1ee1678765056fe3fe82856151e9fe0569fae92e49a5;PUBLIC;8d2cfd9dac117d8cb603b51096bf579a58d37e90
deliverables/M03/v001/01_support/review/packages-review.md;Документы/deliverables/M03/v001/01_support/review/packages-review.md;02 КАЦ и рынок;1909;02dfca9c71877edc6f70666f8489f46ae3a2185f802433e274f14f58050d4e89;PUBLIC;8d2cfd9dac117d8cb603b51096bf579a58d37e90
deliverables/M03/v001/01_support/review/panda-review.md;Документы/deliverables/M03/v001/01_support/review/panda-review.md;02 КАЦ и рынок;5634;2dd1c15b2c2f8efd4719e7ce74dd7623ad2dbe9282688dab7a2404b82c8c4c7c;PUBLIC;8d2cfd9dac117d8cb603b51096bf579a58d37e90
deliverables/M03/v001/01_support/review/verification.json;Документы/deliverables/M03/v001/01_support/review/verification.json;02 КАЦ и рынок;27380;f36f1ead0153ffff0e7ed3e7d6c1967fdac260e9ab1561a196176e8b52aea5ba;PUBLIC;8d2cfd9dac117d8cb603b51096bf579a58d37e90
deliverables/M03/v001/01_support/review/yanmar-review.md;Документы/deliverables/M03/v001/01_support/review/yanmar-review.md;02 КАЦ и рынок;4274;22f7473d46f0abede9f74c1a900d75e68fdd1584f55d28e032341094d5ff0d8f;PUBLIC;8d2cfd9dac117d8cb603b51096bf579a58d37e90
deliverables/M03/v001/01_support/scope-checklist.csv;Документы/deliverables/M03/v001/01_support/scope-checklist.csv;02 КАЦ и рынок;47470;d8dedbb9d6365d36f0234f4bdb6b6c2d0f5ab500f39816d8331b92edcb9b4016;PUBLIC;8d2cfd9dac117d8cb603b51096bf579a58d37e90
deliverables/M03/v001/01_support/variant-register.csv;Документы/deliverables/M03/v001/01_support/variant-register.csv;02 КАЦ и рынок;18783;6f8201c4d76caed6b742a6640c8044888c3ed372203d04bda9333b21aa135ebb;PUBLIC;8d2cfd9dac117d8cb603b51096bf579a58d37e90
deliverables/M03/v001/01_support/yanmar/candidates.csv;Документы/deliverables/M03/v001/01_support/yanmar/candidates.csv;02 КАЦ и рынок;2267;78aff6ded8c2518e41bf380f439019473a74d7f60aa381bc192f8e17fc433eff;PUBLIC;8d2cfd9dac117d8cb603b51096bf579a58d37e90
deliverables/M03/v001/01_support/yanmar/pdf-archive.json;Документы/deliverables/M03/v001/01_support/yanmar/pdf-archive.json;02 КАЦ и рынок;2187;ed51cafd42109c7db3cc456665621ec6818755e66ab954b3924e621dbf146560;PUBLIC;8d2cfd9dac117d8cb603b51096bf579a58d37e90
deliverables/M03/v001/01_support/yanmar/research.md;Документы/deliverables/M03/v001/01_support/yanmar/research.md;02 КАЦ и рынок;13879;0811732ffb888fc2991669e0108dc8c81354901dd0c3204596b429a63336e601;PUBLIC;8d2cfd9dac117d8cb603b51096bf579a58d37e90
deliverables/M04/v001/00_yanmar-completeness.md;Документы/deliverables/M04/v001/00_yanmar-completeness.md;03 Yanmar: комплектность и подстановки;9360;d7861b5c3896b88bf55a2ab7f3685b47806e2b946c6dfa7fc0539d4cd63d9d44;PUBLIC;8d2cfd9dac117d8cb603b51096bf579a58d37e90
deliverables/M04/v001/01_support/ancillaries.csv;Документы/deliverables/M04/v001/01_support/ancillaries.csv;03 Yanmar: комплектность и подстановки;3122;222d000a50e9fdd228e369a54487674f4d12848b2a33c971bcf8ed744dd166e6;PUBLIC;8d2cfd9dac117d8cb603b51096bf579a58d37e90
deliverables/M04/v001/01_support/ancillaries.md;Документы/deliverables/M04/v001/01_support/ancillaries.md;03 Yanmar: комплектность и подстановки;7098;cf5614a2b1faa5a7e8bc818fd04d0526932fce20fe0de8bab3421d60e1765015;PUBLIC;8d2cfd9dac117d8cb603b51096bf579a58d37e90
deliverables/M04/v001/01_support/gearbox.csv;Документы/deliverables/M04/v001/01_support/gearbox.csv;03 Yanmar: комплектность и подстановки;2137;3a85cd0e8b74eae595d52b751de940a96f6527bcc1dc95d988473561855f9318;PUBLIC;8d2cfd9dac117d8cb603b51096bf579a58d37e90
deliverables/M04/v001/01_support/gearbox.md;Документы/deliverables/M04/v001/01_support/gearbox.md;03 Yanmar: комплектность и подстановки;10455;fcdf0468e4fb1ba5ebefb44b14c36dff265b9ad87897b81c852984dbc56dd71c;PUBLIC;8d2cfd9dac117d8cb603b51096bf579a58d37e90
deliverables/M04/v001/01_support/local-pdf-index.json;Документы/deliverables/M04/v001/01_support/local-pdf-index.json;03 Yanmar: комплектность и подстановки;942;4658a74380ed29abe21bb38c4d9fe6e31d1f961af5ceed0370ea7dc08c556bfb;PUBLIC;8d2cfd9dac117d8cb603b51096bf579a58d37e90
deliverables/M04/v001/01_support/manifest.json;Документы/deliverables/M04/v001/01_support/manifest.json;03 Yanmar: комплектность и подстановки;1901;4a92b89369e2eb383c66d8b9b1fc77e967911cc05a524955987f3daecc8cf4e4;PUBLIC;8d2cfd9dac117d8cb603b51096bf579a58d37e90
deliverables/M04/v001/01_support/package-price-audit.md;Документы/deliverables/M04/v001/01_support/package-price-audit.md;03 Yanmar: комплектность и подстановки;5653;6c8f1908c4300250a388ba37c47890a0363cd0247bd2b068481d1355ca7e111d;PUBLIC;8d2cfd9dac117d8cb603b51096bf579a58d37e90
deliverables/M04/v001/01_support/review.md;Документы/deliverables/M04/v001/01_support/review.md;03 Yanmar: комплектность и подстановки;6591;1ccbe384197c06d50797c91f670b70a141be0c2293062511230057d44ca1aa2a;PUBLIC;8d2cfd9dac117d8cb603b51096bf579a58d37e90
deliverables/M04/v001/01_support/verification.json;Документы/deliverables/M04/v001/01_support/verification.json;03 Yanmar: комплектность и подстановки;954;79d37f06eca65f5f2f90309c1cffb27f5ea371ea0c4856f3ac6b8cc5cac275eb;PUBLIC;8d2cfd9dac117d8cb603b51096bf579a58d37e90
deliverables/M04/v001/01_support/yanmar-addendum.csv;Документы/deliverables/M04/v001/01_support/yanmar-addendum.csv;03 Yanmar: комплектность и подстановки;5123;171eab9b21bb551307e7ae9a0971b56be1f29ceb1c3228135adaa2144501939a;PUBLIC;8d2cfd9dac117d8cb603b51096bf579a58d37e90
deliverables/M05/v001/00_price-substitutions.md;Документы/deliverables/M05/v001/00_price-substitutions.md;03 Yanmar: комплектность и подстановки;6316;7ba3b67e7c7547ac1ceb68b4e008212d09b8a10f91101ca4b5e9ceaf017ccda1;PUBLIC;8d2cfd9dac117d8cb603b51096bf579a58d37e90
deliverables/M05/v001/01_support/ancillary-alternatives.csv;Документы/deliverables/M05/v001/01_support/ancillary-alternatives.csv;03 Yanmar: комплектность и подстановки;1752;18eda74eaae5c5c6fb3547914b13cf369448eee7bf7bffb5feda540c1b7b8d89;PUBLIC;8d2cfd9dac117d8cb603b51096bf579a58d37e90
deliverables/M05/v001/01_support/ancillary-alternatives.md;Документы/deliverables/M05/v001/01_support/ancillary-alternatives.md;03 Yanmar: комплектность и подстановки;6281;2d669bf2e3ceddf9471a110161adb76a6f4e767d537323da52000247ad695b35;PUBLIC;8d2cfd9dac117d8cb603b51096bf579a58d37e90
deliverables/M05/v001/01_support/fx.json;Документы/deliverables/M05/v001/01_support/fx.json;03 Yanmar: комплектность и подстановки;419;a3acc7343e45c586fc4e7b1e8c00d9add4309302b94a88af3057deae4cd2e233;PUBLIC;8d2cfd9dac117d8cb603b51096bf579a58d37e90
deliverables/M05/v001/01_support/gearbox-alternatives.csv;Документы/deliverables/M05/v001/01_support/gearbox-alternatives.csv;03 Yanmar: комплектность и подстановки;1772;e51b48b5d44f9b549c070536436672fc2a80c6012013e99cd55a4db13137d983;PUBLIC;8d2cfd9dac117d8cb603b51096bf579a58d37e90
deliverables/M05/v001/01_support/gearbox-alternatives.md;Документы/deliverables/M05/v001/01_support/gearbox-alternatives.md;03 Yanmar: комплектность и подстановки;7095;74337ea82c8c367b3c52f89fbf39309aa64a99e04510fa544c47a91edee8aa79;PUBLIC;8d2cfd9dac117d8cb603b51096bf579a58d37e90
deliverables/M05/v001/01_support/manifest.json;Документы/deliverables/M05/v001/01_support/manifest.json;03 Yanmar: комплектность и подстановки;1675;72e27f2ce2a19d846d38dfe9939df10639246859bb4d16f70bc26e7be143a997;PUBLIC;8d2cfd9dac117d8cb603b51096bf579a58d37e90
deliverables/M05/v001/01_support/price-substitutions.csv;Документы/deliverables/M05/v001/01_support/price-substitutions.csv;03 Yanmar: комплектность и подстановки;4032;de68f41faebd69a8988fabfde80efe7b197b4dc9b185c97a540f4fd08095dc98;PUBLIC;8d2cfd9dac117d8cb603b51096bf579a58d37e90
deliverables/M05/v001/01_support/review.md;Документы/deliverables/M05/v001/01_support/review.md;03 Yanmar: комплектность и подстановки;5347;f39918926ea8563927bc57a2704bcabd0e4406e1eb6d93e43bb6460610c201c7;PUBLIC;8d2cfd9dac117d8cb603b51096bf579a58d37e90
deliverables/M05/v001/01_support/verification.json;Документы/deliverables/M05/v001/01_support/verification.json;03 Yanmar: комплектность и подстановки;968;1b5e2d58e03a33d58544054cbe0d4b14eb28be06aeedb498ef03feacc9a173eb;PUBLIC;8d2cfd9dac117d8cb603b51096bf579a58d37e90
deliverables/M06/v001/00_powerplant-scope.xlsx;Документы/deliverables/M06/v001/00_powerplant-scope.xlsx;04 Оборудование и RFQ;36534;0b92c3401704256d5c47f2149787d6fabaf82257ba2a4eb8e878b009838caa8a;PUBLIC;8d2cfd9dac117d8cb603b51096bf579a58d37e90
deliverables/M06/v001/01_support/00_readme.md;Документы/deliverables/M06/v001/01_support/00_readme.md;04 Оборудование и RFQ;7418;274486c58f84e272b70e53f98b93b17d56ebaa3da8a4563faac128906ce83775;PUBLIC;8d2cfd9dac117d8cb603b51096bf579a58d37e90
deliverables/M06/v001/01_support/RFQ-draft-en.md;Документы/deliverables/M06/v001/01_support/RFQ-draft-en.md;04 Оборудование и RFQ;6779;2f8dc43c7c24bfad6924b4f51dfa38ec09f0c01cefcf184f15b90e8197dc6e3f;PUBLIC;8d2cfd9dac117d8cb603b51096bf579a58d37e90
deliverables/M06/v001/01_support/build-stats.json;Документы/deliverables/M06/v001/01_support/build-stats.json;04 Оборудование и RFQ;186;91cb83a3bd6ff7348c401d1c1784db847da8d9ae515f50dca69bc721b5b873ea;PUBLIC;8d2cfd9dac117d8cb603b51096bf579a58d37e90
deliverables/M06/v001/01_support/build_scope.py;Документы/deliverables/M06/v001/01_support/build_scope.py;04 Оборудование и RFQ;11258;0ac830329b19b6b20f54c545a10b653c8b797a3d33bffc95536c473dec38c818;PUBLIC;8d2cfd9dac117d8cb603b51096bf579a58d37e90
deliverables/M06/v001/01_support/electrical-hydraulic-notes.md;Документы/deliverables/M06/v001/01_support/electrical-hydraulic-notes.md;04 Оборудование и RFQ;7973;f2bbda4ff1b3502e7458e000f61074b02a2eacc20009e46190e9f696e7b52acc;PUBLIC;8d2cfd9dac117d8cb603b51096bf579a58d37e90
deliverables/M06/v001/01_support/electrical-hydraulic.csv;Документы/deliverables/M06/v001/01_support/electrical-hydraulic.csv;04 Оборудование и RFQ;21232;738fce475302284bd5e70092697bdbd21329edfd384849087362181512716874;PUBLIC;8d2cfd9dac117d8cb603b51096bf579a58d37e90
deliverables/M06/v001/01_support/generator-interfaces.csv;Документы/deliverables/M06/v001/01_support/generator-interfaces.csv;04 Оборудование и RFQ;4108;b9040718264222e3de01c5a919896f96549a625fc85bf6bacc322edf2e1ebdd2;PUBLIC;8d2cfd9dac117d8cb603b51096bf579a58d37e90
deliverables/M06/v001/01_support/manifest.json;Документы/deliverables/M06/v001/01_support/manifest.json;04 Оборудование и RFQ;2650;75d315ee2ed4d31990d1d9bb342b5b3750c8349734669e69c1d77ace94af27a6;PUBLIC;8d2cfd9dac117d8cb603b51096bf579a58d37e90
deliverables/M06/v001/01_support/mechanical-notes.md;Документы/deliverables/M06/v001/01_support/mechanical-notes.md;04 Оборудование и RFQ;9088;6b81f46155c30f5aa12d7a82df49f812ff5bbc94f59b003bdf1d6664b765da8b;PUBLIC;8d2cfd9dac117d8cb603b51096bf579a58d37e90
deliverables/M06/v001/01_support/mechanical.csv;Документы/deliverables/M06/v001/01_support/mechanical.csv;04 Оборудование и RFQ;19250;2d865d45270f3020e48d2368b03f5f7b4b3ea2d3e8c28f9e35f23996cb0d5612;PUBLIC;8d2cfd9dac117d8cb603b51096bf579a58d37e90
deliverables/M06/v001/01_support/open-questions.csv;Документы/deliverables/M06/v001/01_support/open-questions.csv;04 Оборудование и RFQ;4595;2bd46e96df62b2bb7a2a39a1dde713f67b963161810f382880c63b9058237521;PUBLIC;8d2cfd9dac117d8cb603b51096bf579a58d37e90
deliverables/M06/v001/01_support/review.md;Документы/deliverables/M06/v001/01_support/review.md;04 Оборудование и RFQ;7635;935886f1fd79869f9e7dc3d2fcacdda196f6646d6ac87001b0b6f04da1fefa1a;PUBLIC;8d2cfd9dac117d8cb603b51096bf579a58d37e90
deliverables/M06/v001/01_support/scope-register.csv;Документы/deliverables/M06/v001/01_support/scope-register.csv;04 Оборудование и RFQ;44180;77d0459edf6aedf529a1933c969126d76bb253c673e2d60882022bdd07958fed;PUBLIC;8d2cfd9dac117d8cb603b51096bf579a58d37e90
deliverables/M06/v001/01_support/space-inputs.csv;Документы/deliverables/M06/v001/01_support/space-inputs.csv;04 Оборудование и RFQ;2908;4efa4311d64f3fd8cdcf68ebd799aa0d3e031bb189efb4098b8d35d81b80c08b;PUBLIC;8d2cfd9dac117d8cb603b51096bf579a58d37e90
deliverables/M06/v001/01_support/verification.json;Документы/deliverables/M06/v001/01_support/verification.json;04 Оборудование и RFQ;2485;427abb95c361eb9eca756bad8b98226fc1af2f715780cf5f962c566951aa5db1;PUBLIC;8d2cfd9dac117d8cb603b51096bf579a58d37e90
deliverables/M07/v001/00_engine-room-estimate.xlsx;Документы/deliverables/M07/v001/00_engine-room-estimate.xlsx;01 Текущая смета;86916;b4eaf485d69df0432c9d13eda988f7046bd9f7601063b05576edb20f469532f6;PUBLIC;8d2cfd9dac117d8cb603b51096bf579a58d37e90
deliverables/M07/v001/01_support/00_readme.md;Документы/deliverables/M07/v001/01_support/00_readme.md;01 Текущая смета;10717;0c4af278f4368e11fbc92c02957c9757a513d26cbb1c9168b8e705fa085582ca;PUBLIC;8d2cfd9dac117d8cb603b51096bf579a58d37e90
deliverables/M07/v001/01_support/01_estimate-print.pdf;Документы/deliverables/M07/v001/01_support/01_estimate-print.pdf;01 Текущая смета;66767;46b54f181a435fb979a467c2da6e5b2c549b32ddf8ae8844a11be609330e7e9c;PUBLIC;8d2cfd9dac117d8cb603b51096bf579a58d37e90
deliverables/M07/v001/01_support/build_estimate.py;Документы/deliverables/M07/v001/01_support/build_estimate.py;01 Текущая смета;16654;5c95bac480b9baeaabb0bc3bace8b516e6c13e0046bf19c792a644b3625c5d4b;PUBLIC;8d2cfd9dac117d8cb603b51096bf579a58d37e90
deliverables/M07/v001/01_support/build_print.py;Документы/deliverables/M07/v001/01_support/build_print.py;01 Текущая смета;5879;5a29fde9c87c85ed347149cbb635b1b5cdbb8376950826f21e1e9cc39f3efd78;PUBLIC;8d2cfd9dac117d8cb603b51096bf579a58d37e90
deliverables/M07/v001/01_support/cost-scope-audit.json;Документы/deliverables/M07/v001/01_support/cost-scope-audit.json;01 Текущая смета;37851;c42737d0190739d0ed6c1f848c4005d6b79ac4057ace290acdeae140bc7ba69b;PUBLIC;8d2cfd9dac117d8cb603b51096bf579a58d37e90
deliverables/M07/v001/01_support/cost-scope-audit.md;Документы/deliverables/M07/v001/01_support/cost-scope-audit.md;01 Текущая смета;17203;c031290042a848e53a8992ccf34166ef806cce257844afd14476df53828be0ca;PUBLIC;8d2cfd9dac117d8cb603b51096bf579a58d37e90
deliverables/M07/v001/01_support/estimate-lines.csv;Документы/deliverables/M07/v001/01_support/estimate-lines.csv;01 Текущая смета;21847;6703684c2163de7e952b878041c72dfb631cb55f673cda54e4b5851dd22a948c;PUBLIC;8d2cfd9dac117d8cb603b51096bf579a58d37e90
deliverables/M07/v001/01_support/manifest.json;Документы/deliverables/M07/v001/01_support/manifest.json;01 Текущая смета;2751;05621f7cdb2510ed06fbea7fb5192c00405de91c6ef0ecbd676775dc3fe5652e;PUBLIC;8d2cfd9dac117d8cb603b51096bf579a58d37e90
deliverables/M07/v001/01_support/propulsion-carryforward.json;Документы/deliverables/M07/v001/01_support/propulsion-carryforward.json;01 Текущая смета;9104;b0ad9abf147ed00780def3c30235b17cf7a56e371adb8295f53ded09f45d7c02;PUBLIC;8d2cfd9dac117d8cb603b51096bf579a58d37e90
deliverables/M07/v001/01_support/propulsion-carryforward.md;Документы/deliverables/M07/v001/01_support/propulsion-carryforward.md;01 Текущая смета;6990;2af1d9c1948fc85ca41904b28dddc1ad23e7edd034be9562ba5822b0f3920661;PUBLIC;8d2cfd9dac117d8cb603b51096bf579a58d37e90
deliverables/M07/v001/01_support/review.md;Документы/deliverables/M07/v001/01_support/review.md;01 Текущая смета;6608;cf5d81f09ea587e0065b401a89b88e95755f02a9573ba39790800c927dc5c314;PUBLIC;8d2cfd9dac117d8cb603b51096bf579a58d37e90
deliverables/M07/v001/01_support/summary.png;Документы/deliverables/M07/v001/01_support/summary.png;01 Текущая смета;167043;53a80193b132508269c5bb5b77d678bd4bd13965f24f84de2acd44cfe84480c9;PUBLIC;8d2cfd9dac117d8cb603b51096bf579a58d37e90
deliverables/M07/v001/01_support/totals.json;Документы/deliverables/M07/v001/01_support/totals.json;01 Текущая смета;424;09f273a40cba85a42105b14c4f34e912768c29dd3a3d34fa42080a631ca41941;PUBLIC;8d2cfd9dac117d8cb603b51096bf579a58d37e90
deliverables/M07/v001/01_support/verification.json;Документы/deliverables/M07/v001/01_support/verification.json;01 Текущая смета;11377;7b55709972e4c866956bbc2d63f774192e1bab8ae21d065a6d301f33a22b0f9d;PUBLIC;8d2cfd9dac117d8cb603b51096bf579a58d37e90
deliverables/O02/v001/00_office-launch.md;Документы/deliverables/O02/v001/00_office-launch.md;08 Требования, проверки и зависимости;13324;e78295791137c3bfe517f6ca4704f028c6762393204d6e5a1a95dc0c246a021c;PUBLIC;8d2cfd9dac117d8cb603b51096bf579a58d37e90
deliverables/O02/v001/01_support/00_acceptance.md;Документы/deliverables/O02/v001/01_support/00_acceptance.md;08 Требования, проверки и зависимости;5859;63675574b444873cc1af4c873efbed138192c8e3cc51dc86f9f98eab7220c620;PUBLIC;8d2cfd9dac117d8cb603b51096bf579a58d37e90
deliverables/O02/v001/01_support/commercial/00_commercial-basis.md;Документы/deliverables/O02/v001/01_support/commercial/00_commercial-basis.md;08 Требования, проверки и зависимости;9046;db19a357f3776d0c15a7c781fdf25846246ad02665793e903bf7aa8dace1b005;PUBLIC;8d2cfd9dac117d8cb603b51096bf579a58d37e90
deliverables/O02/v001/01_support/commercial/learning-card.md;Документы/deliverables/O02/v001/01_support/commercial/learning-card.md;08 Требования, проверки и зависимости;4662;5f9685e8ce24d9f8a507126e02ebc0b05a01672f47df80b3ad5c0e6d7e2d477d;PUBLIC;8d2cfd9dac117d8cb603b51096bf579a58d37e90
deliverables/O02/v001/01_support/commercial/preliminary-market-note.md;Документы/deliverables/O02/v001/01_support/commercial/preliminary-market-note.md;08 Требования, проверки и зависимости;4324;cb6854e7c98e28f7d5290a073a777d06b490a973b8a9744f89aa981017859e1e;PUBLIC;8d2cfd9dac117d8cb603b51096bf579a58d37e90
deliverables/O02/v001/01_support/commercial/rfq-drafts.md;Документы/deliverables/O02/v001/01_support/commercial/rfq-drafts.md;08 Требования, проверки и зависимости;6935;9cc371605d1ce5fde52a55f1f06ac40904d5c77321583ff81a043c3482f32e95;PUBLIC;8d2cfd9dac117d8cb603b51096bf579a58d37e90
deliverables/O02/v001/01_support/design/00_design-basis.md;Документы/deliverables/O02/v001/01_support/design/00_design-basis.md;08 Требования, проверки и зависимости;22073;541cfb89d0772536a52aa8a23fe05d3c27521636ca35b7900efe1f946b4d8f3c;PUBLIC;8d2cfd9dac117d8cb603b51096bf579a58d37e90
deliverables/O02/v001/01_support/design/01_project-brief.md;Документы/deliverables/O02/v001/01_support/design/01_project-brief.md;08 Требования, проверки и зависимости;11701;528985e11bd6445865675d8c5fac3f523561b4d940e5233608d5aee49c2fd99f;PUBLIC;8d2cfd9dac117d8cb603b51096bf579a58d37e90
deliverables/O02/v001/01_support/design/design-gaps.csv;Документы/deliverables/O02/v001/01_support/design/design-gaps.csv;08 Требования, проверки и зависимости;7061;f01a563561357a425e4d7bc876f119d6653df324e0a7d17b6ae34e5401cc9427;PUBLIC;8d2cfd9dac117d8cb603b51096bf579a58d37e90
deliverables/O02/v001/01_support/design/layout-zones.csv;Документы/deliverables/O02/v001/01_support/design/layout-zones.csv;08 Требования, проверки и зависимости;5988;25c3ac653681136c133e7f73e68921f35be47c7c2a940b66de1727ce5d29f9b6;PUBLIC;8d2cfd9dac117d8cb603b51096bf579a58d37e90
deliverables/O02/v001/01_support/design/learning-card.md;Документы/deliverables/O02/v001/01_support/design/learning-card.md;08 Требования, проверки и зависимости;5840;9c71dcc0c726c9916d957a9fedbac6e1b28db5f8cd5ebad3f6b7851ad5959574;PUBLIC;8d2cfd9dac117d8cb603b51096bf579a58d37e90
deliverables/O02/v001/01_support/manifest.json;Документы/deliverables/O02/v001/01_support/manifest.json;08 Требования, проверки и зависимости;3068;0b778dc463ced009e3c0dae002afda161c5eb1f64589595326dc157f0d69255e;PUBLIC;8d2cfd9dac117d8cb603b51096bf579a58d37e90
deliverables/O02/v001/01_support/review/00_review.md;Документы/deliverables/O02/v001/01_support/review/00_review.md;08 Требования, проверки и зависимости;10851;64511e10f27950d62dced632b3dc938e62bac2afaba56dc7d0f1090ad17a7af9;PUBLIC;8d2cfd9dac117d8cb603b51096bf579a58d37e90
deliverables/O02/v001/01_support/review/findings.csv;Документы/deliverables/O02/v001/01_support/review/findings.csv;08 Требования, проверки и зависимости;5143;33d40c90301e06cc9fe5385fa4f554a25e4fb89eb2dcb3724a4e58cafae4c3c9;PUBLIC;8d2cfd9dac117d8cb603b51096bf579a58d37e90
deliverables/O02/v001/01_support/systems/00_systems-basis.md;Документы/deliverables/O02/v001/01_support/systems/00_systems-basis.md;08 Требования, проверки и зависимости;11991;2c5f58dd0650eaeced078a420efe732a7c7ff1678d3ad228ced979cecfb371b5;PUBLIC;8d2cfd9dac117d8cb603b51096bf579a58d37e90
deliverables/O02/v001/01_support/systems/equipment-register.csv;Документы/deliverables/O02/v001/01_support/systems/equipment-register.csv;08 Требования, проверки и зависимости;131696;7d78a4941849a77cd93a173fb2bcb7ef8828ae5ba2a378d1e2625c8fc421f478;PUBLIC;8d2cfd9dac117d8cb603b51096bf579a58d37e90
deliverables/O02/v001/01_support/systems/interface-register.csv;Документы/deliverables/O02/v001/01_support/systems/interface-register.csv;08 Требования, проверки и зависимости;21715;8eaa21974068559601b54600c9d20e7381d8b1f408fa5a2e6151f13942e41efe;PUBLIC;8d2cfd9dac117d8cb603b51096bf579a58d37e90
deliverables/O02/v001/01_support/systems/learning-card.md;Документы/deliverables/O02/v001/01_support/systems/learning-card.md;08 Требования, проверки и зависимости;7410;a1d5010ecb27b30cc877274970e5f3aade005e7cadfba78410abbd1f20422ceb;PUBLIC;8d2cfd9dac117d8cb603b51096bf579a58d37e90
deliverables/R01/v001/00_shipbuilding-research.md;Документы/deliverables/R01/v001/00_shipbuilding-research.md;08 Требования, проверки и зависимости;62782;f96497b38d3e44456ca2c569e84abf9cfdc8af4d03e2df4f8fe8310ebb9676b3;PUBLIC;8d2cfd9dac117d8cb603b51096bf579a58d37e90
deliverables/R01/v001/01_support/applicability.csv;Документы/deliverables/R01/v001/01_support/applicability.csv;08 Требования, проверки и зависимости;7597;3e86dd5d63913f4a436292946867f4949817eb4ede88249026e201e233ea075b;PUBLIC;8d2cfd9dac117d8cb603b51096bf579a58d37e90
deliverables/R01/v001/01_support/sources.csv;Документы/deliverables/R01/v001/01_support/sources.csv;08 Требования, проверки и зависимости;14830;4554f697001f1bcd292260bbc8b625f81aeba37ba90fe375e95f6b7110218d35;PUBLIC;8d2cfd9dac117d8cb603b51096bf579a58d37e90
deliverables/R01/v001/01_support/verification.md;Документы/deliverables/R01/v001/01_support/verification.md;08 Требования, проверки и зависимости;2528;3e3ad3dc6061358a5370ca3ff6855c3ef64c96f1e150dcb730234bacbf2cdee9;PUBLIC;8d2cfd9dac117d8cb603b51096bf579a58d37e90
deliverables/U01/v001/00_UTV_template.xlsx;Документы/deliverables/U01/v001/00_UTV_template.xlsx;07 Пустая основа УТВ;274646;03f2387084789467a9af5c7d8dba8af0329009109ddcd5adbfb2531fa34d7439;PUBLIC;8d2cfd9dac117d8cb603b51096bf579a58d37e90
deliverables/U01/v001/01_support/00_readme.md;Документы/deliverables/U01/v001/01_support/00_readme.md;07 Пустая основа УТВ;18388;f605637dac840e1cbf992603058373b158bc257b60441276aef2c17c2951aed2;PUBLIC;8d2cfd9dac117d8cb603b51096bf579a58d37e90
deliverables/U01/v001/01_support/acceptance.md;Документы/deliverables/U01/v001/01_support/acceptance.md;07 Пустая основа УТВ;3979;4200c6fd7af3007698fedae153b6370734d9f0e72d78e2c9194412371327a412;PUBLIC;8d2cfd9dac117d8cb603b51096bf579a58d37e90
deliverables/U01/v001/01_support/basis/commercial-workflow.md;Документы/deliverables/U01/v001/01_support/basis/commercial-workflow.md;07 Пустая основа УТВ;16270;a09785e4e37fc54ee4ce9fe20f3f73938b9c0d62595b1334530693fe38822452;PUBLIC;8d2cfd9dac117d8cb603b51096bf579a58d37e90
deliverables/U01/v001/01_support/basis/hull-outfitting.md;Документы/deliverables/U01/v001/01_support/basis/hull-outfitting.md;07 Пустая основа УТВ;15310;cacce5c8a315f674cb7ce4c497cf547455c7436322f6e99de03157432b864c96;PUBLIC;8d2cfd9dac117d8cb603b51096bf579a58d37e90
deliverables/U01/v001/01_support/basis/hull-packages.json;Документы/deliverables/U01/v001/01_support/basis/hull-packages.json;07 Пустая основа УТВ;25555;5888a9d7407e3c9741ac5760fdc741b8ae772c3bcafcb81dfb32a78ed43e1e9c;PUBLIC;8d2cfd9dac117d8cb603b51096bf579a58d37e90
deliverables/U01/v001/01_support/basis/hull-peer-review.md;Документы/deliverables/U01/v001/01_support/basis/hull-peer-review.md;07 Пустая основа УТВ;7464;5c4ea2220b179f49e26cf3e784383c5e6c7477fd768f87c4809a2c1a5247473c;PUBLIC;8d2cfd9dac117d8cb603b51096bf579a58d37e90
deliverables/U01/v001/01_support/basis/structure-review.md;Документы/deliverables/U01/v001/01_support/basis/structure-review.md;07 Пустая основа УТВ;19293;22775be2b50e327b6b2d3a530a113c5570c3ddc0fb2cf0c50cf8c64ef3ae75f1;PUBLIC;8d2cfd9dac117d8cb603b51096bf579a58d37e90
deliverables/U01/v001/01_support/basis/systems-packages.json;Документы/deliverables/U01/v001/01_support/basis/systems-packages.json;07 Пустая основа УТВ;30554;90cd1aae9855bdade989a2059d48aed9a998196f2bf4481457b316bf51f9e890;PUBLIC;8d2cfd9dac117d8cb603b51096bf579a58d37e90
deliverables/U01/v001/01_support/basis/systems.md;Документы/deliverables/U01/v001/01_support/basis/systems.md;07 Пустая основа УТВ;18792;67e9c0cf82296cc3075b1aecf28bb42ccd5d5117090a4b28f7ce66393cc111bf;PUBLIC;8d2cfd9dac117d8cb603b51096bf579a58d37e90
deliverables/U01/v001/01_support/manifest.json;Документы/deliverables/U01/v001/01_support/manifest.json;07 Пустая основа УТВ;3361;177c47dfa95e6908e9e242ea6a0cc6c0d0d3a6df5e24b7e3ff217b67c64d0d21;PUBLIC;8d2cfd9dac117d8cb603b51096bf579a58d37e90
deliverables/U01/v001/01_support/review/check_cases.py;Документы/deliverables/U01/v001/01_support/review/check_cases.py;07 Пустая основа УТВ;2698;77fa902a3cd04d3fe45f2525854b757b5aa78b98fc0ab2738eefe6f05130e3e9;PUBLIC;8d2cfd9dac117d8cb603b51096bf579a58d37e90
deliverables/U01/v001/01_support/review/checked-inputs.json;Документы/deliverables/U01/v001/01_support/review/checked-inputs.json;07 Пустая основа УТВ;1591;fe91e43fbba523eb02b077db585ee1ae511ef77462379b911f58a5a6c5363871;PUBLIC;8d2cfd9dac117d8cb603b51096bf579a58d37e90
deliverables/U01/v001/01_support/review/create_cases.py;Документы/deliverables/U01/v001/01_support/review/create_cases.py;07 Пустая основа УТВ;7046;09c823f06113afdc0a7bf82f69b2dd3c70008f0cff4b6a9f7ef257aaadb1c252;PUBLIC;8d2cfd9dac117d8cb603b51096bf579a58d37e90
deliverables/U01/v001/01_support/review/final-revision-check.json;Документы/deliverables/U01/v001/01_support/review/final-revision-check.json;07 Пустая основа УТВ;3954;af1f74a6685a3d11c5bcafae2d4b73202fb06e5303e4503d77ab6bb918b30239;PUBLIC;8d2cfd9dac117d8cb603b51096bf579a58d37e90
deliverables/U01/v001/01_support/review/output-guard.json;Документы/deliverables/U01/v001/01_support/review/output-guard.json;07 Пустая основа УТВ;187;5ef6c2dc92617e25c9d756bdf071267da3e88ac0ccef07a9d077191806a4d05c;PUBLIC;8d2cfd9dac117d8cb603b51096bf579a58d37e90
deliverables/U01/v001/01_support/review/review.md;Документы/deliverables/U01/v001/01_support/review/review.md;07 Пустая основа УТВ;8440;22110c33258e5a35ad7d8a0b0376271cdccbe1b1c144b7cd7f3e5326efa81cf9;PUBLIC;8d2cfd9dac117d8cb603b51096bf579a58d37e90
deliverables/U01/v001/01_support/review/workbook-tests.json;Документы/deliverables/U01/v001/01_support/review/workbook-tests.json;07 Пустая основа УТВ;8885;7dc5cb7fad4b732f939c1060e96540b3c2df86edfed3f893054c584ee84f0aca;PUBLIC;8d2cfd9dac117d8cb603b51096bf579a58d37e90
deliverables/U01/v001/01_support/tools/build_template.py;Документы/deliverables/U01/v001/01_support/tools/build_template.py;07 Пустая основа УТВ;31453;5d478872ac1fbdb9b4a97cf5f8894fc917b5f7e1689ef06c75ab44b86995a275;PUBLIC;8d2cfd9dac117d8cb603b51096bf579a58d37e90
deliverables/U01/v001/01_support/workbook-schema.json;Документы/deliverables/U01/v001/01_support/workbook-schema.json;07 Пустая основа УТВ;8998;225360f4519d56c30aadb5f0402a551393e7b1b106c702f5ac5bdd2902607fd7;PUBLIC;8d2cfd9dac117d8cb603b51096bf579a58d37e90
docs/01-hull-geometry-weights.md;Документы/docs/01-hull-geometry-weights.md;08 Требования, проверки и зависимости;5054;8438ca12a15f35ad497596781013787c60d72e296f6835bb04b11a9b065a22c8;PUBLIC;8d2cfd9dac117d8cb603b51096bf579a58d37e90
docs/02-rig-sails-deck.md;Документы/docs/02-rig-sails-deck.md;08 Требования, проверки и зависимости;3479;7391ed997a4e00871d30de7709ba0c5eb853925f261936aa110d3f6d0e1f3e37;PUBLIC;8d2cfd9dac117d8cb603b51096bf579a58d37e90
docs/03-propulsion-steering.md;Документы/docs/03-propulsion-steering.md;08 Требования, проверки и зависимости;4309;cc82de7083180ef3fdd53c04dff97d9a01ff97bf560bfa7272f76a509f16a965;PUBLIC;8d2cfd9dac117d8cb603b51096bf579a58d37e90
docs/04-electrical-generation.md;Документы/docs/04-electrical-generation.md;08 Требования, проверки и зависимости;4163;c6fa9a9385cb0364df4a7df9127076440b694f9df2324ecef6b338781e6fa694;PUBLIC;8d2cfd9dac117d8cb603b51096bf579a58d37e90
docs/05-tanks-plumbing-hvac.md;Документы/docs/05-tanks-plumbing-hvac.md;08 Требования, проверки и зависимости;4451;fe908909c22a48d6d974a97afa0421edf3560984bbe8037e1acef1e2650386d3;PUBLIC;8d2cfd9dac117d8cb603b51096bf579a58d37e90
docs/06-layout-interior-machinery.md;Документы/docs/06-layout-interior-machinery.md;08 Требования, проверки и зависимости;3173;86d87ae047b57754761b5504fe5d7fb7e5423796139aa767cb8565dfd802d00e;PUBLIC;8d2cfd9dac117d8cb603b51096bf579a58d37e90
docs/07-reference-yachts.md;Документы/docs/07-reference-yachts.md;08 Требования, проверки и зависимости;4491;f26fa637718b4921d622e867986a966506fd19ad69c085bf0191acf4cc28ad38;PUBLIC;8d2cfd9dac117d8cb603b51096bf579a58d37e90
docs/08-open-questions-survey.md;Документы/docs/08-open-questions-survey.md;08 Требования, проверки и зависимости;4998;23c6e23ada6df6412c855409d31f7d1dd887c2f3e351fc724d878191cbfd61e6;PUBLIC;8d2cfd9dac117d8cb603b51096bf579a58d37e90
docs/16-premium-builder-specification.md;Документы/docs/16-premium-builder-specification.md;08 Требования, проверки и зависимости;16050;07f5d57d460c2db030c208190275b10fe8de821dace4a98d7950e1bc72760f3e;PUBLIC;8d2cfd9dac117d8cb603b51096bf579a58d37e90
documentation/01-hull-and-geometry/3d/2-1.3dm;Документы/documentation/01-hull-and-geometry/3d/2-1.3dm;06 Чертежи и геометрическая подоснова;8659943;814ecb9ae6afa27963f288d52df8db9e67d5c43bf967131b89b5ff40f1c3caa8;PUBLIC;8d2cfd9dac117d8cb603b51096bf579a58d37e90
documentation/01-hull-and-geometry/lines/Linie teoretyczne VDS 67.DWG;Документы/documentation/01-hull-and-geometry/lines/Linie teoretyczne VDS 67.DWG;06 Чертежи и геометрическая подоснова;348145;1d6a5b151c62a5902ed784fe18d8f11e08a844355561c5086203c4694b31b589;PUBLIC;8d2cfd9dac117d8cb603b51096bf579a58d37e90
documentation/02-general-arrangement/7-1.pdf;Документы/documentation/02-general-arrangement/7-1.pdf;06 Чертежи и геометрическая подоснова;1070272;71c31e8ddcea35efb728e7567f18e7a78359f5aadf365bf3f8f5ce006a7a8486;PUBLIC;8d2cfd9dac117d8cb603b51096bf579a58d37e90
documentation/03-rig-and-sails/8-1.pdf;Документы/documentation/03-rig-and-sails/8-1.pdf;06 Чертежи и геометрическая подоснова;322313;d385d61571106e80be1e818969f47170e15d1d23024c074d220a6b3d40485cb1;PUBLIC;8d2cfd9dac117d8cb603b51096bf579a58d37e90
documentation/04-photos/hull/60EFCC49-2240-4061-8B70-3D480DCC43CE.jpg;Документы/documentation/04-photos/hull/60EFCC49-2240-4061-8B70-3D480DCC43CE.jpg;06 Чертежи и геометрическая подоснова;967472;3481bc91aac8ddd742cea61a99fdd47bec8b1d83701565d357b1a37a7d75d462;PUBLIC;8d2cfd9dac117d8cb603b51096bf579a58d37e90
documentation/05-reference-images/3898828_20120417012409_4_XLARGE.jpg;Документы/documentation/05-reference-images/3898828_20120417012409_4_XLARGE.jpg;06 Чертежи и геометрическая подоснова;5528;3873ca45117ad4c290258463b9904ff27be074d5df14fa9782913bdf66f17b00;PUBLIC;8d2cfd9dac117d8cb603b51096bf579a58d37e90
documentation/99-service/email-reaction.json;Документы/documentation/99-service/email-reaction.json;06 Чертежи и геометрическая подоснова;40;a508002a094808df504618aab757f502e9c77ddab949f84d0d2f066115966caa;PUBLIC;8d2cfd9dac117d8cb603b51096bf579a58d37e90
documentation/CAD-status.md;Документы/documentation/CAD-status.md;06 Чертежи и геометрическая подоснова;3278;8e44c80ef76a2bc4ded8bdd232fa37e9eaa769c720d256bc155c7559235cc738;PUBLIC;8d2cfd9dac117d8cb603b51096bf579a58d37e90
documentation/README.md;Документы/documentation/README.md;06 Чертежи и геометрическая подоснова;5205;3576914d13f68686a987dd8cdbe5fbc9103564af507dc6642a7023da46493edf;PUBLIC;8d2cfd9dac117d8cb603b51096bf579a58d37e90
documentation/previews/DOC-003-general-arrangement.png;Документы/documentation/previews/DOC-003-general-arrangement.png;06 Чертежи и геометрическая подоснова;664023;31a23d68a04200fb50441fc27ebd9f4c2fdc894788095f84aa7e517074a341c7;PUBLIC;8d2cfd9dac117d8cb603b51096bf579a58d37e90
documentation/previews/DOC-004-sailplan.png;Документы/documentation/previews/DOC-004-sailplan.png;06 Чертежи и геометрическая подоснова;390068;3537e9d17c518604caa3d2d88b834e52d840f4161b0af443e42f73936d35c5b4;PUBLIC;8d2cfd9dac117d8cb603b51096bf579a58d37e90
documentation/registers/2026-09-10/delivery-manifest.json;Документы/documentation/registers/2026-09-10/delivery-manifest.json;06 Чертежи и геометрическая подоснова;925;58b35315bdbf67bbe13c8404276e9ac322077978f5f285f4c24d299781dfdccc;PUBLIC;8d2cfd9dac117d8cb603b51096bf579a58d37e90
documentation/registers/2026-09-10/documents.csv;Документы/documentation/registers/2026-09-10/documents.csv;06 Чертежи и геометрическая подоснова;2185;679234db366cfe8eebc017eb4eb30f6c534054cfedba319e3bc2c21186c8bf68;PUBLIC;8d2cfd9dac117d8cb603b51096bf579a58d37e90
documentation/registers/2026-09-10/occurrences.csv;Документы/documentation/registers/2026-09-10/occurrences.csv;06 Чертежи и геометрическая подоснова;1937;3dfec907e7f53afb949e173027b3ba0644cee62c3fd270cc41d0f8d54c6cac35;PUBLIC;8d2cfd9dac117d8cb603b51096bf579a58d37e90
documentation/registers/2026-09-10/verification.md;Документы/documentation/registers/2026-09-10/verification.md;06 Чертежи и геометрическая подоснова;3273;169dc08372eceafccc0af0a791195a7aae0e90ffaeb813cab2af5efe62aea34e;PUBLIC;8d2cfd9dac117d8cb603b51096bf579a58d37e90
experiments/EXP-001/00_proposal.md;Документы/experiments/EXP-001/00_proposal.md;06 Чертежи и геометрическая подоснова;8525;9ecda8f2d17f2dd4ba336b5d90830f8036dc992966ac1d1e3f1bc2f591e0c230;PUBLIC;8d2cfd9dac117d8cb603b51096bf579a58d37e90
experiments/EXP-001/01_support/acceptance.md;Документы/experiments/EXP-001/01_support/acceptance.md;06 Чертежи и геометрическая подоснова;2991;77f158d6dd192dbde82bfc3542311f41093c94275d7d1624c890b5d98a9778d8;PUBLIC;8d2cfd9dac117d8cb603b51096bf579a58d37e90
experiments/EXP-001/01_support/basis/basis.md;Документы/experiments/EXP-001/01_support/basis/basis.md;06 Чертежи и геометрическая подоснова;7609;8eef950498215bdb15b8bb8a5627da46ce5410efb63201514260cfee76142df8;PUBLIC;8d2cfd9dac117d8cb603b51096bf579a58d37e90
experiments/EXP-001/01_support/basis/extract_basis.py;Документы/experiments/EXP-001/01_support/basis/extract_basis.py;06 Чертежи и геометрическая подоснова;1378;b6f55fc553d3d1e2f8f8fd318864adf933aa21519adadeb1cd69911607cae046;PUBLIC;8d2cfd9dac117d8cb603b51096bf579a58d37e90
experiments/EXP-001/01_support/basis/source-refs.json;Документы/experiments/EXP-001/01_support/basis/source-refs.json;06 Чертежи и геометрическая подоснова;14812;a4d803971643f4dd8c0e61ea6e2054841987ed4138082d5b616d6b4af78b8939;PUBLIC;8d2cfd9dac117d8cb603b51096bf579a58d37e90
experiments/EXP-001/01_support/design-brief.md;Документы/experiments/EXP-001/01_support/design-brief.md;06 Чертежи и геометрическая подоснова;3391;b754e8f2dda94209d555b00058d5c6ee90a69bd4aa30183101d6494ce1f1fe13;PUBLIC;8d2cfd9dac117d8cb603b51096bf579a58d37e90
experiments/EXP-001/01_support/engineering-notes.md;Документы/experiments/EXP-001/01_support/engineering-notes.md;06 Чертежи и геометрическая подоснова;3822;7a38d4556b6fea085c9ce44d8b37b7aaea554e514b51d7bac78f00c2711b2907;PUBLIC;8d2cfd9dac117d8cb603b51096bf579a58d37e90
experiments/EXP-001/01_support/manifest.json;Документы/experiments/EXP-001/01_support/manifest.json;06 Чертежи и геометрическая подоснова;4685;0f2e887cd8d869b653863a5ef79749d4b7c6c05238c19472f0a8491d17685a86;PUBLIC;8d2cfd9dac117d8cb603b51096bf579a58d37e90
experiments/EXP-001/01_support/model/README.md;Документы/experiments/EXP-001/01_support/model/README.md;06 Чертежи и геометрическая подоснова;3687;4edfc2a9d0939683bbcae4886e0f6bc20dbfba4d9e733dca5bfe4670384a8bd5;PUBLIC;8d2cfd9dac117d8cb603b51096bf579a58d37e90
experiments/EXP-001/01_support/model/build_model.py;Документы/experiments/EXP-001/01_support/model/build_model.py;06 Чертежи и геометрическая подоснова;18071;5f012aa539a753e159a463af6bf2fc566760120f85eb96852e1a2b130bc93a87;PUBLIC;8d2cfd9dac117d8cb603b51096bf579a58d37e90
experiments/EXP-001/01_support/model/experiment.blend;Документы/experiments/EXP-001/01_support/model/experiment.blend;06 Чертежи и геометрическая подоснова;13975336;2308af27b136a30543de68152d1b54857a1becc25c9db67b9beeed371aa9a8da;PUBLIC;8d2cfd9dac117d8cb603b51096bf579a58d37e90
experiments/EXP-001/01_support/model/exterior.png;Документы/experiments/EXP-001/01_support/model/exterior.png;06 Чертежи и геометрическая подоснова;1930919;6f65da242be7b1f53f9fe027586cf7920c514331f173a0c90f96ae83e1ca8a09;PUBLIC;8d2cfd9dac117d8cb603b51096bf579a58d37e90
experiments/EXP-001/01_support/model/parameters.json;Документы/experiments/EXP-001/01_support/model/parameters.json;06 Чертежи и геометрическая подоснова;2910;ccf6bcbbb1d6686388fe6f68a4ffc91e82247df0133d2d1b7b135d38a921197d;PUBLIC;8d2cfd9dac117d8cb603b51096bf579a58d37e90
experiments/EXP-001/01_support/model/reference-inventory.json;Документы/experiments/EXP-001/01_support/model/reference-inventory.json;06 Чертежи и геометрическая подоснова;51541;5548a3f9ccc36c423cb88f5cb71f3ee5179985fd7ea18f4ba37bfd045d63efe5;PUBLIC;8d2cfd9dac117d8cb603b51096bf579a58d37e90
experiments/EXP-001/01_support/model/roof-detail.png;Документы/experiments/EXP-001/01_support/model/roof-detail.png;06 Чертежи и геометрическая подоснова;2044346;c97f58731991025d16dca28b087b10fb565d056dc2a1d2667d0fb36f4a164fb6;PUBLIC;8d2cfd9dac117d8cb603b51096bf579a58d37e90
experiments/EXP-001/01_support/model/section.png;Документы/experiments/EXP-001/01_support/model/section.png;06 Чертежи и геометрическая подоснова;1849099;4a1cc4dac3371e76c70d1f7c346f262cdc7c631755c3932f1b34e5272a095b46;PUBLIC;8d2cfd9dac117d8cb603b51096bf579a58d37e90
experiments/EXP-001/01_support/model/side.png;Документы/experiments/EXP-001/01_support/model/side.png;06 Чертежи и геометрическая подоснова;1861158;8e088ec0b344c20191337197b11c7939858ed7b2f9a018110e9fa1615dc7207e;PUBLIC;8d2cfd9dac117d8cb603b51096bf579a58d37e90
experiments/EXP-001/01_support/review/check_scene.py;Документы/experiments/EXP-001/01_support/review/check_scene.py;06 Чертежи и геометрическая подоснова;5181;3fa5010628d6bd8867f3b43cb757fc833140b3feebf58d5f000ccf3f6e134cbb;PUBLIC;8d2cfd9dac117d8cb603b51096bf579a58d37e90
experiments/EXP-001/01_support/review/check_source.py;Документы/experiments/EXP-001/01_support/review/check_source.py;06 Чертежи и геометрическая подоснова;2394;df64e448491d4e6caac2eeaf74d35f80b019601f420dd0c77522a108aac63db5;PUBLIC;8d2cfd9dac117d8cb603b51096bf579a58d37e90
experiments/EXP-001/01_support/review/checked-inputs.json;Документы/experiments/EXP-001/01_support/review/checked-inputs.json;06 Чертежи и геометрическая подоснова;2912;dd029e04f690211251fc68fff39757de04b5b03325c5471ed5dc3d528c00f89e;PUBLIC;8d2cfd9dac117d8cb603b51096bf579a58d37e90
experiments/EXP-001/01_support/review/existing-release.log;Документы/experiments/EXP-001/01_support/review/existing-release.log;06 Чертежи и геометрическая подоснова;253;f614b54bd896120860d3fd87114c7b5e9381b262a646080228fac655d9b7930f;PUBLIC;8d2cfd9dac117d8cb603b51096bf579a58d37e90
experiments/EXP-001/01_support/review/expected-native-meshes.json.gz;Документы/experiments/EXP-001/01_support/review/expected-native-meshes.json.gz;06 Чертежи и геометрическая подоснова;2424359;fe06e8a07a3e6ad60aa30fb245faf8573c3132980c6ab75b2e8cd2ecdacce4d7;PUBLIC;8d2cfd9dac117d8cb603b51096bf579a58d37e90
experiments/EXP-001/01_support/review/missing-output.log;Документы/experiments/EXP-001/01_support/review/missing-output.log;06 Чертежи и геометрическая подоснова;185;13cf5dbd26a439eba90fab8063a9875e1112d64f626513d0cc1b3decf929ef0a;PUBLIC;8d2cfd9dac117d8cb603b51096bf579a58d37e90
experiments/EXP-001/01_support/review/output-guard-check.json;Документы/experiments/EXP-001/01_support/review/output-guard-check.json;06 Чертежи и геометрическая подоснова;587;a304250a1d3bc2b47c2c563ac60d02dc0bfbc7b87e5e3b0ef7caaf5b75a6661f;PUBLIC;8d2cfd9dac117d8cb603b51096bf579a58d37e90
experiments/EXP-001/01_support/review/review.md;Документы/experiments/EXP-001/01_support/review/review.md;06 Чертежи и геометрическая подоснова;8915;24547df2c490add825b141b67bd39f8b47953f53ecaf2cf8eefa88cd735217ad;PUBLIC;8d2cfd9dac117d8cb603b51096bf579a58d37e90
experiments/EXP-001/01_support/review/scene-check.json;Документы/experiments/EXP-001/01_support/review/scene-check.json;06 Чертежи и геометрическая подоснова;1474;e7b11041ad96d440d1d72f33a0137bad200e535ae4abfe66dc42f85daab3b90e;PUBLIC;8d2cfd9dac117d8cb603b51096bf579a58d37e90
experiments/EXP-001/01_support/review/scene-check.log;Документы/experiments/EXP-001/01_support/review/scene-check.log;06 Чертежи и геометрическая подоснова;353;483b32dc1c2537917e4efd9e03dc8e373bb84cbd10b75817d855b9539ebe4506;PUBLIC;8d2cfd9dac117d8cb603b51096bf579a58d37e90
experiments/EXP-001/01_support/review/source-check.json;Документы/experiments/EXP-001/01_support/review/source-check.json;06 Чертежи и геометрическая подоснова;2357;7f8c56544673d2763a5c9e6ffb250a8744ab2c7c8baf680ed46ad4edea5fe32b;PUBLIC;8d2cfd9dac117d8cb603b51096bf579a58d37e90
experiments/EXP-002/00_proposal.md;Документы/experiments/EXP-002/00_proposal.md;06 Чертежи и геометрическая подоснова;7770;ff2f6f86d76278163de9411734b6f4f9762c67a19d6f43ac47a8080a0ab08395;PUBLIC;8d2cfd9dac117d8cb603b51096bf579a58d37e90
experiments/EXP-002/01_support/acceptance.md;Документы/experiments/EXP-002/01_support/acceptance.md;06 Чертежи и геометрическая подоснова;2918;7e763f3113df3eb9c7f1ee580b28781ab0bf23903e8286144f8a370154778a6c;PUBLIC;8d2cfd9dac117d8cb603b51096bf579a58d37e90
experiments/EXP-002/01_support/basis/basis.md;Документы/experiments/EXP-002/01_support/basis/basis.md;06 Чертежи и геометрическая подоснова;6962;11b6f5e41a6b290b84e07a88cfdb43937da55e9ab880bd545614875c43f97196;PUBLIC;8d2cfd9dac117d8cb603b51096bf579a58d37e90
experiments/EXP-002/01_support/basis/deck-sections.json;Документы/experiments/EXP-002/01_support/basis/deck-sections.json;06 Чертежи и геометрическая подоснова;294358;54568a41a6ffe47c0e8a5fe8a592b15d81833ee04627d8e3449e694b947931ca;PUBLIC;8d2cfd9dac117d8cb603b51096bf579a58d37e90
experiments/EXP-002/01_support/basis/extract_sections.py;Документы/experiments/EXP-002/01_support/basis/extract_sections.py;06 Чертежи и геометрическая подоснова;2223;681ee3e1c0e14059a6fd6d967359c0ca5f6e0c39eabea97d82fd0675281b2fc6;PUBLIC;8d2cfd9dac117d8cb603b51096bf579a58d37e90
experiments/EXP-002/01_support/brief.md;Документы/experiments/EXP-002/01_support/brief.md;06 Чертежи и геометрическая подоснова;3418;a81c0a326eab4a89be0aa266ad440114076eaf1240783b9b4fc8b16e6e8fb189;PUBLIC;8d2cfd9dac117d8cb603b51096bf579a58d37e90
experiments/EXP-002/01_support/design-intent.md;Документы/experiments/EXP-002/01_support/design-intent.md;06 Чертежи и геометрическая подоснова;2599;81b02e044a339270bf827855a275056f12f4225a8752b13692424d24116fc6e1;PUBLIC;8d2cfd9dac117d8cb603b51096bf579a58d37e90
experiments/EXP-002/01_support/manifest.json;Документы/experiments/EXP-002/01_support/manifest.json;06 Чертежи и геометрическая подоснова;5857;c94ac8e1ca18fc02abd9311f6da68fad84a4e290d8f79485ef3f674309a89abe;PUBLIC;8d2cfd9dac117d8cb603b51096bf579a58d37e90
experiments/EXP-002/01_support/model/README.md;Документы/experiments/EXP-002/01_support/model/README.md;06 Чертежи и геометрическая подоснова;5370;ad25082b8609ba8a45cd366e46e7bd077e7dd40ff78e54b455bfedf0a4d15165;PUBLIC;8d2cfd9dac117d8cb603b51096bf579a58d37e90
experiments/EXP-002/01_support/model/build_model.py;Документы/experiments/EXP-002/01_support/model/build_model.py;06 Чертежи и геометрическая подоснова;22924;8c101b0ff968378ba9dd7fc4f3ce45617ac7f3a5589328ffb9cfacea8b56a18b;PUBLIC;8d2cfd9dac117d8cb603b51096bf579a58d37e90
experiments/EXP-002/01_support/model/detail.png;Документы/experiments/EXP-002/01_support/model/detail.png;06 Чертежи и геометрическая подоснова;2032962;5d02a901959acdd8cbdc5fd19b664ea38d0a80e2fb0d394be8b36bf28509abda;PUBLIC;8d2cfd9dac117d8cb603b51096bf579a58d37e90
experiments/EXP-002/01_support/model/experiment.blend;Документы/experiments/EXP-002/01_support/model/experiment.blend;06 Чертежи и геометрическая подоснова;15423208;f3b33300d3a72a10be57a852c8897ae05db199a8bb07f6e6afb505711e317565;PUBLIC;8d2cfd9dac117d8cb603b51096bf579a58d37e90
experiments/EXP-002/01_support/model/exterior.png;Документы/experiments/EXP-002/01_support/model/exterior.png;06 Чертежи и геометрическая подоснова;1936390;e6ad4218e64c32169e6323f6524e8036289424fb0722d8618ec4644505035008;PUBLIC;8d2cfd9dac117d8cb603b51096bf579a58d37e90
experiments/EXP-002/01_support/model/font-license.txt;Документы/experiments/EXP-002/01_support/model/font-license.txt;06 Чертежи и геометрическая подоснова;3859;63d3ba759d12804c5b31a9d5940d855c1820d1f5999e6b0872eb1c7ff045fbc9;PUBLIC;8d2cfd9dac117d8cb603b51096bf579a58d37e90
experiments/EXP-002/01_support/model/hardtop-clearances.json;Документы/experiments/EXP-002/01_support/model/hardtop-clearances.json;06 Чертежи и геометрическая подоснова;1266;592169094685e7220a69b5c6424b385a89a7cee1ba877e85b7bb89f81fe4e6f2;PUBLIC;8d2cfd9dac117d8cb603b51096bf579a58d37e90
experiments/EXP-002/01_support/model/parameters.json;Документы/experiments/EXP-002/01_support/model/parameters.json;06 Чертежи и геометрическая подоснова;9031;f37420437202fbad905546303b16e3a0825685c3f9146b021d98e251f55a4f1b;PUBLIC;8d2cfd9dac117d8cb603b51096bf579a58d37e90
experiments/EXP-002/01_support/model/passages.json;Документы/experiments/EXP-002/01_support/model/passages.json;06 Чертежи и геометрическая подоснова;4627;bd4901cc2cce4ea8d0a85ed402a6b5a1475be64953e96896d76d9da04244df98;PUBLIC;8d2cfd9dac117d8cb603b51096bf579a58d37e90
experiments/EXP-002/01_support/model/reference-inventory.json;Документы/experiments/EXP-002/01_support/model/reference-inventory.json;06 Чертежи и геометрическая подоснова;47770;a128d7eb1eb1309dee5fbecad7d7080ad9cf6b3650e6ca24f2c94ea70494a19a;PUBLIC;8d2cfd9dac117d8cb603b51096bf579a58d37e90
experiments/EXP-002/01_support/model/side.png;Документы/experiments/EXP-002/01_support/model/side.png;06 Чертежи и геометрическая подоснова;1863597;c9444a9754a1c99a90daad6ca825c1abbd0d2c523726df1fc6a164cf57ed168f;PUBLIC;8d2cfd9dac117d8cb603b51096bf579a58d37e90
experiments/EXP-002/01_support/model/top.png;Документы/experiments/EXP-002/01_support/model/top.png;06 Чертежи и геометрическая подоснова;1900393;74499d799c0b220eab3d20472aa8f67bab8344f4fb4cc47579ce8c68a0f6d196;PUBLIC;8d2cfd9dac117d8cb603b51096bf579a58d37e90
experiments/EXP-002/01_support/review/baseline-readonly-sha.json;Документы/experiments/EXP-002/01_support/review/baseline-readonly-sha.json;06 Чертежи и геометрическая подоснова;3768;9b6329afed460fe83349f01e1aeb0a5d8572201795e8522b1134ce7922d1b668;PUBLIC;8d2cfd9dac117d8cb603b51096bf579a58d37e90
experiments/EXP-002/01_support/review/basis-check.json;Документы/experiments/EXP-002/01_support/review/basis-check.json;06 Чертежи и геометрическая подоснова;9372;3eea58d21eae6dd1c1d915c0d23f55f78444e83cec888ab6e8add5d3da02adce;PUBLIC;8d2cfd9dac117d8cb603b51096bf579a58d37e90
experiments/EXP-002/01_support/review/check_basis.py;Документы/experiments/EXP-002/01_support/review/check_basis.py;06 Чертежи и геометрическая подоснова;2323;96abc30f277dace5594bcf95c01b3a2780a30cfe8491805ecaa2210c585e32b3;PUBLIC;8d2cfd9dac117d8cb603b51096bf579a58d37e90
experiments/EXP-002/01_support/review/check_output_guard.py;Документы/experiments/EXP-002/01_support/review/check_output_guard.py;06 Чертежи и геометрическая подоснова;1107;708aba0b33eb6ab2971cb73ceb68962adbad4819139b1436749edb6622068255;PUBLIC;8d2cfd9dac117d8cb603b51096bf579a58d37e90
experiments/EXP-002/01_support/review/check_passages.py;Документы/experiments/EXP-002/01_support/review/check_passages.py;06 Чертежи и геометрическая подоснова;2434;0c0ef0cc55168c944296c30e14d7dcc7b5cc1eb2faab303898648711f8e1e8ef;PUBLIC;8d2cfd9dac117d8cb603b51096bf579a58d37e90
experiments/EXP-002/01_support/review/check_scene.py;Документы/experiments/EXP-002/01_support/review/check_scene.py;06 Чертежи и геометрическая подоснова;4992;7c96dc27376cc92b7bc2bcc04b165ac3dedf9f093d5b226b7dd7ad09f9fda38c;PUBLIC;8d2cfd9dac117d8cb603b51096bf579a58d37e90
experiments/EXP-002/01_support/review/checked-inputs.json;Документы/experiments/EXP-002/01_support/review/checked-inputs.json;06 Чертежи и геометрическая подоснова;2911;509cee15074d6794eb543466728bfed74ee8c466f8547e0c659867b51b762610;PUBLIC;8d2cfd9dac117d8cb603b51096bf579a58d37e90
experiments/EXP-002/01_support/review/existing-release.log;Документы/experiments/EXP-002/01_support/review/existing-release.log;06 Чертежи и геометрическая подоснова;253;99b0a3aaa29900c2358b1987764656be722b035305dcd60a07faf0cf8d543bb3;PUBLIC;8d2cfd9dac117d8cb603b51096bf579a58d37e90
experiments/EXP-002/01_support/review/geometry-extracted.json;Документы/experiments/EXP-002/01_support/review/geometry-extracted.json;06 Чертежи и геометрическая подоснова;43804;ae1aff5ea4530fa52d8cfb3914b5bfdf989b55abee67491e27e696b7740031ec;PUBLIC;8d2cfd9dac117d8cb603b51096bf579a58d37e90
experiments/EXP-002/01_support/review/guard-check.json;Документы/experiments/EXP-002/01_support/review/guard-check.json;06 Чертежи и геометрическая подоснова;289;9ba32ce7e865b2c6e49ccf151c29d42138ea355afeaa7de1a59ffba4f7f3c3ea;PUBLIC;8d2cfd9dac117d8cb603b51096bf579a58d37e90
experiments/EXP-002/01_support/review/missing-output.log;Документы/experiments/EXP-002/01_support/review/missing-output.log;06 Чертежи и геометрическая подоснова;185;13cf5dbd26a439eba90fab8063a9875e1112d64f626513d0cc1b3decf929ef0a;PUBLIC;8d2cfd9dac117d8cb603b51096bf579a58d37e90
experiments/EXP-002/01_support/review/passage-check.json;Документы/experiments/EXP-002/01_support/review/passage-check.json;06 Чертежи и геометрическая подоснова;14670;b26990f3aa0ace34c8f44c398cd430debd1a6e4cd405c90728b90b6ab2e4b517;PUBLIC;8d2cfd9dac117d8cb603b51096bf579a58d37e90
experiments/EXP-002/01_support/review/review.md;Документы/experiments/EXP-002/01_support/review/review.md;06 Чертежи и геометрическая подоснова;9579;5ee8756f01fb6a8ff723189ae5e87183b19382ccc23c2fb38cdbb0622fee9b9b;PUBLIC;8d2cfd9dac117d8cb603b51096bf579a58d37e90
experiments/EXP-002/01_support/review/scene-check.json;Документы/experiments/EXP-002/01_support/review/scene-check.json;06 Чертежи и геометрическая подоснова;2009;919e0c61e44ef7335eac4062313278007ab9080388ddf9db3f897f5fb4034666;PUBLIC;8d2cfd9dac117d8cb603b51096bf579a58d37e90
experiments/EXP-002/01_support/review/scene-check.log;Документы/experiments/EXP-002/01_support/review/scene-check.log;06 Чертежи и геометрическая подоснова;1932;b5deb5ec0dacd5c5f08ed0eb37a8c0b4e2c2fe1b29ac4d5004d721e7e3e32c83;PUBLIC;8d2cfd9dac117d8cb603b51096bf579a58d37e90
experiments/EXP-003/00_proposal.md;Документы/experiments/EXP-003/00_proposal.md;06 Чертежи и геометрическая подоснова;5793;9f50591f03b487d9f312c8b4969c762391680aadaa1c29ff94b408bbb5a5e3b7;PUBLIC;8d2cfd9dac117d8cb603b51096bf579a58d37e90
experiments/EXP-003/01_support/acceptance.md;Документы/experiments/EXP-003/01_support/acceptance.md;06 Чертежи и геометрическая подоснова;3603;5c1f618e4e4db6b207be0e4d8d8a69d815cb33590cfd676e30264fd5ee372f88;PUBLIC;8d2cfd9dac117d8cb603b51096bf579a58d37e90
experiments/EXP-003/01_support/basis/basis.md;Документы/experiments/EXP-003/01_support/basis/basis.md;06 Чертежи и геометрическая подоснова;6637;c4ed745fd16a5278c82884afcb7caa96789b951089307c43ae9e3457f917a15f;PUBLIC;8d2cfd9dac117d8cb603b51096bf579a58d37e90
experiments/EXP-003/01_support/basis/bulwark-basis.json;Документы/experiments/EXP-003/01_support/basis/bulwark-basis.json;06 Чертежи и геометрическая подоснова;542766;cf44183ebe4044a3e5357017457792ddd657839cdc41386e88ab649480a8a77e;PUBLIC;8d2cfd9dac117d8cb603b51096bf579a58d37e90
experiments/EXP-003/01_support/basis/extract_bulwark.py;Документы/experiments/EXP-003/01_support/basis/extract_bulwark.py;06 Чертежи и геометрическая подоснова;2479;5594a7d8dbe94e0bee906eae1daae4a510c6865ebc264cc106af085769deda36;PUBLIC;8d2cfd9dac117d8cb603b51096bf579a58d37e90
experiments/EXP-003/01_support/brief.md;Документы/experiments/EXP-003/01_support/brief.md;06 Чертежи и геометрическая подоснова;3426;1267747870c2ca541dc218a8e00f0753d7d6b44fb412485ed68511377849099d;PUBLIC;8d2cfd9dac117d8cb603b51096bf579a58d37e90
experiments/EXP-003/01_support/design-intent.md;Документы/experiments/EXP-003/01_support/design-intent.md;06 Чертежи и геометрическая подоснова;2487;c5d781a84012de2dfe5aca5738e0aeea2dbc88238786d99c84bab859bb390af3;PUBLIC;8d2cfd9dac117d8cb603b51096bf579a58d37e90
experiments/EXP-003/01_support/manifest.json;Документы/experiments/EXP-003/01_support/manifest.json;06 Чертежи и геометрическая подоснова;5523;2e3ee8f98b0af8e120db03f540e9e367979be02405266e904feb102ad68f5f24;PUBLIC;8d2cfd9dac117d8cb603b51096bf579a58d37e90
experiments/EXP-003/01_support/model/README.md;Документы/experiments/EXP-003/01_support/model/README.md;06 Чертежи и геометрическая подоснова;3000;9d758b59472586405be1cb97c2e666e49e3b3bfb8ef9ecbf2746af9e541abac9;PUBLIC;8d2cfd9dac117d8cb603b51096bf579a58d37e90
experiments/EXP-003/01_support/model/build_model.py;Документы/experiments/EXP-003/01_support/model/build_model.py;06 Чертежи и геометрическая подоснова;22635;47c6f4471753fb9431a8623db8158f9a8ccbea631678ccefdaa435027121cdc8;PUBLIC;8d2cfd9dac117d8cb603b51096bf579a58d37e90
experiments/EXP-003/01_support/model/detail.png;Документы/experiments/EXP-003/01_support/model/detail.png;06 Чертежи и геометрическая подоснова;2408642;65bebb76ba05a585508ef4d7d7eace9e0108f6e63ae15a75423d301f8e5dbdd9;PUBLIC;8d2cfd9dac117d8cb603b51096bf579a58d37e90
experiments/EXP-003/01_support/model/experiment.blend;Документы/experiments/EXP-003/01_support/model/experiment.blend;06 Чертежи и геометрическая подоснова;18143900;450cb9dd8185a2b591d058d6a3cb09487dbd100257b63713f0a904868a8f363e;PUBLIC;8d2cfd9dac117d8cb603b51096bf579a58d37e90
experiments/EXP-003/01_support/model/exterior.png;Документы/experiments/EXP-003/01_support/model/exterior.png;06 Чертежи и геометрическая подоснова;2282617;55338914b8da852936b2909a3c4cd7da8042df6183b32851deb9953a2b9e8a27;PUBLIC;8d2cfd9dac117d8cb603b51096bf579a58d37e90
experiments/EXP-003/01_support/model/font-license.txt;Документы/experiments/EXP-003/01_support/model/font-license.txt;06 Чертежи и геометрическая подоснова;3859;63d3ba759d12804c5b31a9d5940d855c1820d1f5999e6b0872eb1c7ff045fbc9;PUBLIC;8d2cfd9dac117d8cb603b51096bf579a58d37e90
experiments/EXP-003/01_support/model/inner-bulwark-gaps.json;Документы/experiments/EXP-003/01_support/model/inner-bulwark-gaps.json;06 Чертежи и геометрическая подоснова;3693;7b1045cf49bbe355c0688a81a2c5bc10892a4ee4814638730135ad291028d74c;PUBLIC;8d2cfd9dac117d8cb603b51096bf579a58d37e90
experiments/EXP-003/01_support/model/parameters.json;Документы/experiments/EXP-003/01_support/model/parameters.json;06 Чертежи и геометрическая подоснова;8127;5b5cf5fe2ae99ebdc49ffbc969df2be57948345bd41da9a5a658189ccd137e15;PUBLIC;8d2cfd9dac117d8cb603b51096bf579a58d37e90
experiments/EXP-003/01_support/model/side.png;Документы/experiments/EXP-003/01_support/model/side.png;06 Чертежи и геометрическая подоснова;2214246;a97a355e7698c9bed035b4d013384a64ca0af29b1d9b19376589e87297ab684d;PUBLIC;8d2cfd9dac117d8cb603b51096bf579a58d37e90
experiments/EXP-003/01_support/model/top.png;Документы/experiments/EXP-003/01_support/model/top.png;06 Чертежи и геометрическая подоснова;2274630;5c0382d0811661454ac1448d05827dfac445d1cb5369fb1f157fa8162b345f04;PUBLIC;8d2cfd9dac117d8cb603b51096bf579a58d37e90
experiments/EXP-003/01_support/model/transition-clearances.json;Документы/experiments/EXP-003/01_support/model/transition-clearances.json;06 Чертежи и геометрическая подоснова;1074;574e5e4fad46dc4d7576115efd9370ab6265230698fd1fc0912541dcd90f1620;PUBLIC;8d2cfd9dac117d8cb603b51096bf579a58d37e90
experiments/EXP-003/01_support/review/baseline-check.json;Документы/experiments/EXP-003/01_support/review/baseline-check.json;06 Чертежи и геометрическая подоснова;68;934d0d99dfe62bf37a00582c1996ddab46582940d57d98f05576a00f1f008b77;PUBLIC;8d2cfd9dac117d8cb603b51096bf579a58d37e90
experiments/EXP-003/01_support/review/baseline-readonly-sha.json;Документы/experiments/EXP-003/01_support/review/baseline-readonly-sha.json;06 Чертежи и геометрическая подоснова;9886;afa911fa885b02e2ddb80a251a6f127186e42c41f12f93781f4eb81844e9b6ba;PUBLIC;8d2cfd9dac117d8cb603b51096bf579a58d37e90
experiments/EXP-003/01_support/review/basis-check.json;Документы/experiments/EXP-003/01_support/review/basis-check.json;06 Чертежи и геометрическая подоснова;748;1bbab0f46717edda100e989064eccd718fb7bc1274030903160474f2ac5dc61a;PUBLIC;8d2cfd9dac117d8cb603b51096bf579a58d37e90
experiments/EXP-003/01_support/review/check_basis.py;Документы/experiments/EXP-003/01_support/review/check_basis.py;06 Чертежи и геометрическая подоснова;2491;855565e05e12fc69acca8b1ffe3161d3809fe87e2baf9cfb2640474edc892df9;PUBLIC;8d2cfd9dac117d8cb603b51096bf579a58d37e90
experiments/EXP-003/01_support/review/check_output_guard.py;Документы/experiments/EXP-003/01_support/review/check_output_guard.py;06 Чертежи и геометрическая подоснова;1107;fea1b3d32e9f71fd9352d4b370ddac653a4dd0c7fa006a64f39b3ea237f57d9c;PUBLIC;8d2cfd9dac117d8cb603b51096bf579a58d37e90
experiments/EXP-003/01_support/review/check_scene.py;Документы/experiments/EXP-003/01_support/review/check_scene.py;06 Чертежи и геометрическая подоснова;7789;dea7b42bf5f22b36eac82834937fb1c346e4f0298aa21eec9950170ed9a7437a;PUBLIC;8d2cfd9dac117d8cb603b51096bf579a58d37e90
experiments/EXP-003/01_support/review/checked-inputs.json;Документы/experiments/EXP-003/01_support/review/checked-inputs.json;06 Чертежи и геометрическая подоснова;2451;3a3431b7e6585c835c38c5a0a9adf044223b31310043cb693a027aee2c12199c;PUBLIC;8d2cfd9dac117d8cb603b51096bf579a58d37e90
experiments/EXP-003/01_support/review/existing-release.log;Документы/experiments/EXP-003/01_support/review/existing-release.log;06 Чертежи и геометрическая подоснова;241;237758b6082364d78de3e4de4234dcfbbd95a007a0b60f26240fed4ac0a9cd3c;PUBLIC;8d2cfd9dac117d8cb603b51096bf579a58d37e90
experiments/EXP-003/01_support/review/geometry-extracted.json;Документы/experiments/EXP-003/01_support/review/geometry-extracted.json;06 Чертежи и геометрическая подоснова;3257373;fbe7a25dc0412183428370d9325a11f35eda5752b8425e992ad800de2b68e217;PUBLIC;8d2cfd9dac117d8cb603b51096bf579a58d37e90
experiments/EXP-003/01_support/review/guard-check.json;Документы/experiments/EXP-003/01_support/review/guard-check.json;06 Чертежи и геометрическая подоснова;289;9ba32ce7e865b2c6e49ccf151c29d42138ea355afeaa7de1a59ffba4f7f3c3ea;PUBLIC;8d2cfd9dac117d8cb603b51096bf579a58d37e90
experiments/EXP-003/01_support/review/missing-output.log;Документы/experiments/EXP-003/01_support/review/missing-output.log;06 Чертежи и геометрическая подоснова;185;13cf5dbd26a439eba90fab8063a9875e1112d64f626513d0cc1b3decf929ef0a;PUBLIC;8d2cfd9dac117d8cb603b51096bf579a58d37e90
experiments/EXP-003/01_support/review/review.md;Документы/experiments/EXP-003/01_support/review/review.md;06 Чертежи и геометрическая подоснова;10089;086caf49ea573545338d0bc01938494c6f1f7d9c175b344ac9319f4287afcbf2;PUBLIC;8d2cfd9dac117d8cb603b51096bf579a58d37e90
experiments/EXP-003/01_support/review/scene-check.json;Документы/experiments/EXP-003/01_support/review/scene-check.json;06 Чертежи и геометрическая подоснова;11192;db6788a70d8f5f82b0396bd91ae3c1fbcc72cb61c430b33418febac4607dcc9d;PUBLIC;8d2cfd9dac117d8cb603b51096bf579a58d37e90
experiments/EXP-003/01_support/review/scene-check.log;Документы/experiments/EXP-003/01_support/review/scene-check.log;06 Чертежи и геометрическая подоснова;7949;88f7f216df031ebad53b24fb2b0b2b918930e69cdf89538444d77ad49ae2b38f;PUBLIC;8d2cfd9dac117d8cb603b51096bf579a58d37e90
experiments/decisions/2026-09-10-exp003-concept.md;Документы/experiments/decisions/2026-09-10-exp003-concept.md;06 Чертежи и геометрическая подоснова;1373;b35813c27339eacbc23cb8d19c08f29dc1c900abc33ae0a262a6650989a74a71;PUBLIC;8d2cfd9dac117d8cb603b51096bf579a58d37e90
knowledge/README.md;Документы/knowledge/README.md;08 Требования, проверки и зависимости;4043;f0d1c7265525d50dc0b47ef860c4a650a489b6da7a3691bfa4a3b8d405d37a57;PUBLIC;8d2cfd9dac117d8cb603b51096bf579a58d37e90
office/CHANGELOG.md;Документы/office/CHANGELOG.md;08 Требования, проверки и зависимости;30538;fa6837ffc656918655fd3b3424e8cdfd1efc9b1803a492940234b8262005b5c5;PUBLIC;8d2cfd9dac117d8cb603b51096bf579a58d37e90
office/HANDOFF-TO-HEAD.md;Документы/office/HANDOFF-TO-HEAD.md;08 Требования, проверки и зависимости;13937;3e5ee7fe61efb8f8c9c5bf3e4e2f0c9741750cdaf6e93e2ab0550d17b190a34e;PUBLIC;8d2cfd9dac117d8cb603b51096bf579a58d37e90
office/README.md;Документы/office/README.md;08 Требования, проверки и зависимости;2656;d0e0707bb3446bb6a8d621716fe26804a75ec965ac8df49b74b5ff6e8ca12544;PUBLIC;8d2cfd9dac117d8cb603b51096bf579a58d37e90
office/agent-office.md;Документы/office/agent-office.md;08 Требования, проверки и зависимости;21523;3fc9f10eba333201d34a1fa89a159f30e1c4c5ec4fdcf71afbebc7d74e2d89f2;PUBLIC;8d2cfd9dac117d8cb603b51096bf579a58d37e90
office/charter.md;Документы/office/charter.md;08 Требования, проверки и зависимости;3204;8833c30b9249c874468963a3713c744039299842a8b72d6742c95356a264f8c8;PUBLIC;8d2cfd9dac117d8cb603b51096bf579a58d37e90
office/checks/bootstrap-acceptance.md;Документы/office/checks/bootstrap-acceptance.md;08 Требования, проверки и зависимости;3542;9f23d6da911b5384c6c663683c75d489641fca3f23cc2e7fce51fcec47beb00f;PUBLIC;8d2cfd9dac117d8cb603b51096bf579a58d37e90
office/checks/incoming-update-review.json;Документы/office/checks/incoming-update-review.json;08 Требования, проверки и зависимости;3104;fafba141a8fd44e1ae5bf6e742aac4d6f881137669c0d941d83ce0c1233c9b74;PUBLIC;8d2cfd9dac117d8cb603b51096bf579a58d37e90
office/checks/incoming-update-review.md;Документы/office/checks/incoming-update-review.md;08 Требования, проверки и зависимости;3527;454de77c847d869f6351dcb06ea2b226aa3ecd6ddb6362fb79ab317a0708416f;PUBLIC;8d2cfd9dac117d8cb603b51096bf579a58d37e90
office/checks/independent-review.json;Документы/office/checks/independent-review.json;08 Требования, проверки и зависимости;10681;187f1151536cea383e35a698cc964862e005fc7ba809e8291f411873aa008e2d;PUBLIC;8d2cfd9dac117d8cb603b51096bf579a58d37e90
office/checks/independent-review.md;Документы/office/checks/independent-review.md;08 Требования, проверки и зависимости;6466;7e85b475f3d1734b87dd47f965ce0cf857642af601d91271c6bce7b3f8bc5f81;PUBLIC;8d2cfd9dac117d8cb603b51096bf579a58d37e90
office/checks/tax-treatment-2026-09-11-review.md;Документы/office/checks/tax-treatment-2026-09-11-review.md;08 Требования, проверки и зависимости;1238;db0185c1020a0c550d71dec6ae15aeecea90f8ad6d305374aa38c8a03adcaf6c;PUBLIC;8d2cfd9dac117d8cb603b51096bf579a58d37e90
office/cost-policy.md;Документы/office/cost-policy.md;08 Требования, проверки и зависимости;10624;57c8bd085466c7faad615ab966c1a5df9010eeca3855039bbbf54a85ac42b3f7;PUBLIC;8d2cfd9dac117d8cb603b51096bf579a58d37e90
office/data-dictionary.md;Документы/office/data-dictionary.md;08 Требования, проверки и зависимости;8473;c903ad8084a16c670984f60b7a22cfe8d39ffc1c693da782b4597e9f45e5fcd8;PUBLIC;8d2cfd9dac117d8cb603b51096bf579a58d37e90
office/document-control.md;Документы/office/document-control.md;08 Требования, проверки и зависимости;5116;820c712a19a4087017d45a9e33e392e49584c3f531ba622b7672230d21e176d6;PUBLIC;8d2cfd9dac117d8cb603b51096bf579a58d37e90
office/evidence-and-changes.md;Документы/office/evidence-and-changes.md;08 Требования, проверки и зависимости;5757;a47f43d2abc7019029b855397e822142a046fc079ee39ce1c2ad456eced04767;PUBLIC;8d2cfd9dac117d8cb603b51096bf579a58d37e90
office/project.json;Документы/office/project.json;08 Требования, проверки и зависимости;6277;d51f9fd26ccc704930e48530aed618dc5efbed3df1dedfe2ef306b074b09735c;PUBLIC;8d2cfd9dac117d8cb603b51096bf579a58d37e90
office/quality-and-release.md;Документы/office/quality-and-release.md;08 Требования, проверки и зависимости;4092;e36dbe7278c742212e5605de07a08208025446bd42f89181856e9d5aee0a7013;PUBLIC;8d2cfd9dac117d8cb603b51096bf579a58d37e90
office/repository.md;Документы/office/repository.md;08 Требования, проверки и зависимости;3561;95b7ae0bb4cb7c207bc477225ea4a50eda82669e81263a6caef3cece644b3936;PUBLIC;8d2cfd9dac117d8cb603b51096bf579a58d37e90
office/roles-and-handoffs.md;Документы/office/roles-and-handoffs.md;08 Требования, проверки и зависимости;5309;c3b4c41a4246d71ae733c5714161c3419ce68833628401f82c1f99f337a06f42;PUBLIC;8d2cfd9dac117d8cb603b51096bf579a58d37e90
office/specialization-plan.md;Документы/office/specialization-plan.md;08 Требования, проверки и зависимости;8457;9b0ee8e4ecca94aeeadec3030fb18ec712371291c28fc3788b43771bc09b9d09;PUBLIC;8d2cfd9dac117d8cb603b51096bf579a58d37e90
office/tax-treatment-2026-09-11.md;Документы/office/tax-treatment-2026-09-11.md;08 Требования, проверки и зависимости;10645;2062383dc3b4a3b1e2fcbffba1c49d144387c082db651504385e8a4c8386f3ed;PUBLIC;8d2cfd9dac117d8cb603b51096bf579a58d37e90
office/workflow.md;Документы/office/workflow.md;08 Требования, проверки и зависимости;4942;39632aed5a3763ed0e0e693fa327c99e9931f4e41479909893f76c0bc562efc7;PUBLIC;8d2cfd9dac117d8cb603b51096bf579a58d37e90
skills/README.md;Документы/skills/README.md;08 Требования, проверки и зависимости;2119;de5077b35903b174d2db89f387590c2686f89358b8a3f004803358d895250a7d;PUBLIC;8d2cfd9dac117d8cb603b51096bf579a58d37e90
skills/estimate-change-review/SKILL.md;Документы/skills/estimate-change-review/SKILL.md;08 Требования, проверки и зависимости;1620;cc1b9a6f1115f7dedfe907b5ffeab19ab9d18935c15196bdd91609d7780d964b;PUBLIC;8d2cfd9dac117d8cb603b51096bf579a58d37e90
skills/estimate-costing/SKILL.md;Документы/skills/estimate-costing/SKILL.md;08 Требования, проверки и зависимости;1876;8c5ff667f6bd2475d5494344e36d08ef32d19a16239c1f33a8465e10425d2454;PUBLIC;8d2cfd9dac117d8cb603b51096bf579a58d37e90
skills/estimate-evidence/SKILL.md;Документы/skills/estimate-evidence/SKILL.md;08 Требования, проверки и зависимости;1701;4dd1ccfdc532c53a5b2352f36cfe2e5c8b8494b722abbaf5a0e6f4aea78b44b5;PUBLIC;8d2cfd9dac117d8cb603b51096bf579a58d37e90
skills/estimate-release/SKILL.md;Документы/skills/estimate-release/SKILL.md;08 Требования, проверки и зависимости;1532;31a45302a661886a81169dc38c7e839333ad5d0887394f91d97fcd0b612a7820;PUBLIC;8d2cfd9dac117d8cb603b51096bf579a58d37e90
skills/yacht-project-office/SKILL.md;Документы/skills/yacht-project-office/SKILL.md;08 Требования, проверки и зависимости;1776;33e7179e99361c4eb1975287050e9915418eb70da37f7c8ef9ece511d3c3d2be;PUBLIC;8d2cfd9dac117d8cb603b51096bf579a58d37e90
sources/SOURCES.md;Документы/sources/SOURCES.md;08 Требования, проверки и зависимости;4921;42e4254be6c79bd4dce179eeb5c149a1e85f4792a69b54502e66d701bdbcda33;PUBLIC;8d2cfd9dac117d8cb603b51096bf579a58d37e90
templates/README.md;Документы/templates/README.md;08 Требования, проверки и зависимости;1385;ee63b8725aef92ac56d2c5f539e7c4bc52a8276b38e2c4d958018f5e7de69272;PUBLIC;8d2cfd9dac117d8cb603b51096bf579a58d37e90
templates/decision.md;Документы/templates/decision.md;08 Требования, проверки и зависимости;967;735890bf183a00b6783c426642a96cf2b7718dc3338cedea23601cc0b2f577a4;PUBLIC;8d2cfd9dac117d8cb603b51096bf579a58d37e90
templates/handoff.md;Документы/templates/handoff.md;08 Требования, проверки и зависимости;1081;fdccb08be514f7b5b7620063955f7743909670fcb1c4c42beba4a9c4ac15fb81;PUBLIC;8d2cfd9dac117d8cb603b51096bf579a58d37e90
templates/registers/changes.csv;Документы/templates/registers/changes.csv;08 Требования, проверки и зависимости;187;283f7dfdea553750c2df5846a3793e5401658d8cc99eb6bbd64d537102d1abad;PUBLIC;8d2cfd9dac117d8cb603b51096bf579a58d37e90
templates/registers/cost-control.csv;Документы/templates/registers/cost-control.csv;08 Требования, проверки и зависимости;210;2c8ee363b7c8e701cd645481f9bf305fe3076f71b9dd745538b364703815964e;PUBLIC;8d2cfd9dac117d8cb603b51096bf579a58d37e90
templates/registers/decisions.csv;Документы/templates/registers/decisions.csv;08 Требования, проверки и зависимости;73;864d1c3f46f1bf1ff285580badb3da85152bbf853c4bd0c89a510f819e9d1b15;PUBLIC;8d2cfd9dac117d8cb603b51096bf579a58d37e90
templates/registers/deliverables.csv;Документы/templates/registers/deliverables.csv;08 Требования, проверки и зависимости;105;66fe912110a1efff84519bcc14d4e051793ce82c231e934e47397739ea14080e;PUBLIC;8d2cfd9dac117d8cb603b51096bf579a58d37e90
templates/registers/estimate.csv;Документы/templates/registers/estimate.csv;08 Требования, проверки и зависимости;129;1547666eca2486a028e09f7cc37f6f7984b8221757ff29472060f2140b27046c;PUBLIC;8d2cfd9dac117d8cb603b51096bf579a58d37e90
templates/registers/interfaces.csv;Документы/templates/registers/interfaces.csv;08 Требования, проверки и зависимости;131;eb13d711f31d70209ce48e6acc663338023e29711d83fc2e0a25c731bd58268c;PUBLIC;8d2cfd9dac117d8cb603b51096bf579a58d37e90
templates/registers/quantities.csv;Документы/templates/registers/quantities.csv;08 Требования, проверки и зависимости;117;274e49b3e4562d0c4a18afd1a422a72def9a226b1984d29dbeb86ec68d7e3714;PUBLIC;8d2cfd9dac117d8cb603b51096bf579a58d37e90
templates/registers/questions.csv;Документы/templates/registers/questions.csv;08 Требования, проверки и зависимости;103;c6f7fd8886786a6cc3a8ccea1c85a03530220fbfa265001fca74eb3f54689a03;PUBLIC;8d2cfd9dac117d8cb603b51096bf579a58d37e90
templates/registers/quotes.csv;Документы/templates/registers/quotes.csv;08 Требования, проверки и зависимости;302;a9e81900f2625e96b7f72f3417aaea283961c0917e6b520b8847d7692e3e72dd;PUBLIC;8d2cfd9dac117d8cb603b51096bf579a58d37e90
templates/registers/risks.csv;Документы/templates/registers/risks.csv;08 Требования, проверки и зависимости;132;2f3d7771be964e4b73df212f991b28305bb7531c5ccf8fb092f31513401d7c25;PUBLIC;8d2cfd9dac117d8cb603b51096bf579a58d37e90
templates/registers/roles.csv;Документы/templates/registers/roles.csv;08 Требования, проверки и зависимости;61;45c5b70a6104348792f6706433553695f11570351735e44ffb7f5ba286689491;PUBLIC;8d2cfd9dac117d8cb603b51096bf579a58d37e90
templates/registers/source-register.csv;Документы/templates/registers/source-register.csv;08 Требования, проверки и зависимости;142;cbba19baaa5ac72469bfd454514b5f5b000ec3ebdd4594f4b3c8d9a823b30b80;PUBLIC;8d2cfd9dac117d8cb603b51096bf579a58d37e90
templates/registers/spec-crosswalk.csv;Документы/templates/registers/spec-crosswalk.csv;08 Требования, проверки и зависимости;114;d6f8412ae551d0b8c81476229bf7ce23bfd25bd3d61062ff6f198570f2edc44a;PUBLIC;8d2cfd9dac117d8cb603b51096bf579a58d37e90
templates/registers/tasks.csv;Документы/templates/registers/tasks.csv;08 Требования, проверки и зависимости;95;19a5ff5713b81ad6f7fdd72638c15531a15e33a45a7da8e78e061230f5272e4c;PUBLIC;8d2cfd9dac117d8cb603b51096bf579a58d37e90
templates/registers/wbs.csv;Документы/templates/registers/wbs.csv;08 Требования, проверки и зависимости;57;f1580d8e06c929dd87c4da26cfdfbe80e320a4cf4b601d04466bf45a4d0843e0;PUBLIC;8d2cfd9dac117d8cb603b51096bf579a58d37e90
templates/release.md;Документы/templates/release.md;08 Требования, проверки и зависимости;1351;f05db6805f2c1b61870744e6dbed619cae13443bb0aefbb97124e9d3f06ed161;PUBLIC;8d2cfd9dac117d8cb603b51096bf579a58d37e90
templates/review.md;Документы/templates/review.md;08 Требования, проверки и зависимости;1088;fe6ef69e8f9a62fa0f60837a6430e4f2876d8772b38b5f855d2ca0b8d34f17fa;PUBLIC;8d2cfd9dac117d8cb603b51096bf579a58d37e90
templates/task.md;Документы/templates/task.md;08 Требования, проверки и зависимости;867;ceff8b9bf2828eeac89a92629c98678afbd6f6b1738154f5e1c81af99c02e572;PUBLIC;8d2cfd9dac117d8cb603b51096bf579a58d37e90
tools/README.md;Документы/tools/README.md;08 Требования, проверки и зависимости;7229;9d09ab6bb233fa2ae615e4b2e4443c24f275857c216aaaf972e95bdd17c88581;PUBLIC;8d2cfd9dac117d8cb603b51096bf579a58d37e90
tools/cad/blender_all_breps_scene.py;Документы/tools/cad/blender_all_breps_scene.py;08 Требования, проверки и зависимости;4392;330cf43c35413b1d7ef72f4199813ba0f0cea1c80ddad73fec369ca9d1c39fab;PUBLIC;8d2cfd9dac117d8cb603b51096bf579a58d37e90
tools/cad/blender_reference_scene.py;Документы/tools/cad/blender_reference_scene.py;08 Требования, проверки и зависимости;3769;8edfef6cf641d7ee8dfe8c9cf8b90ae750c40ae9fc06c5ca4f9bfb9a280918c1;PUBLIC;8d2cfd9dac117d8cb603b51096bf579a58d37e90
tools/cad/rhino_all_breps_to_obj.py;Документы/tools/cad/rhino_all_breps_to_obj.py;08 Требования, проверки и зависимости;444;3943173ad54bca535dd34199ea341b077c3720df63c42305d488fdc1d509a61f;PUBLIC;8d2cfd9dac117d8cb603b51096bf579a58d37e90
tools/cad/rhino_cached_mesh_to_obj.py;Документы/tools/cad/rhino_cached_mesh_to_obj.py;08 Требования, проверки и зависимости;5429;8dbf3b484f9966be60622fb57c9febadfcd46aad8bb3f6d7dc01474658b49ad7;PUBLIC;8d2cfd9dac117d8cb603b51096bf579a58d37e90
tools/office.py;Документы/tools/office.py;08 Требования, проверки и зависимости;9677;5b6a061ad4893f72ef75f7b55c1283f9bf79e9ccc0a857ceee03f232e8b98c5f;PUBLIC;8d2cfd9dac117d8cb603b51096bf579a58d37e90
tools/verify_documents.py;Документы/tools/verify_documents.py;08 Требования, проверки и зависимости;1884;41b03897f377ec5625466f69d19aa39b02b0712bd5b68079094f098766abf24b;PUBLIC;8d2cfd9dac117d8cb603b51096bf579a58d37e90
