# VDS67 cached render meshes only; not production geometry
# units: metres; axes unchanged from G02 Rhino working frame
# z=0 is drawing datum, not an approved waterline
o shell_133_47cc8bdb-89af-4af9-9312-275b5b3d047c
v -18.1126817969 -0.494679663672 -0.221911550632
v -18.0993028906 -1.00747263242 -0.160651785007
v -18.0900157812 -1.4601113043 -0.00162053500701
v -18.0881095313 -1.86323825742 0.411627511868
v -18.0945372656 -2.0717597418 0.968824777493
v -15.6486192969 -0.597648413672 -0.768718191257
v -15.6361505469 -1.09347653867 -0.695366628757
v -15.6281622656 -1.51008200742 -0.558163503757
v -15.6230099219 -1.8818222418 -0.335179128757
v -15.6223575781 -2.25141794492 0.104676339993
v -15.6283126562 -2.46668747617 0.656420480618
v -15.6380333594 -2.56605271055 1.24919977749
v -12.9914640234 -0.460876929297 -1.13584123813
v -12.9785206641 -0.987197241797 -1.07672991001
v -12.9689903906 -1.43357810117 -0.964362722507
v -12.9619161719 -1.81340427305 -0.798061941257
v -12.957918125 -2.15273044492 -0.549401785007
v -12.9582052344 -2.50261325742 -0.094040456882
v -12.9640929297 -2.72378513242 0.453152902493
v -12.9744298438 -2.82330271055 1.04593610562
v -10.3997335547 -0.566638648047 -1.21992131626
v -10.3875021094 -1.07102927305 -1.14282756626
v -10.3787980078 -1.49070310117 -1.00965959751
v -10.3734747656 -1.84112888242 -0.819966238132
v -10.37105875 -2.14716989805 -0.544981863132
v -10.3726730078 -2.46666794492 -0.065624441257
v -10.3791651953 -2.6719550543 0.494164621243
v -10.3890157813 -2.77321091367 1.08552985562
v -7.75005777344 -0.486099585547 -1.15603655063
v -7.74005289062 -0.943314429297 -1.04191545688
v -7.73392203125 -1.30674802305 -0.864124441257
v -7.73077652344 -1.6017831793 -0.630665456882
v -7.73079898438 -1.85403903867 -0.313196706882
v -7.73505582031 -2.11600388242 0.211779855618
v -7.74298355469 -2.2870722418 0.798459543118
v -7.75283511719 -2.39766794492 1.38244587124
v -5.10680435547 -0.266867163672 -0.982272878757
v -5.09977212891 -0.652427710547 -0.812087331882
v -5.09799576172 -0.922433569922 -0.560071706882
v -5.09896011719 -1.13126364805 -0.258573660007
v -5.10208414063 -1.31092966367 0.116342355618
v -5.10898941406 -1.51032028867 0.690736886868
v -5.11743814453 -1.67308396055 1.28413532437
v -2.63361490234 -0.201093726172 -0.455015066257
v -2.63672842773 -0.356865210547 -0.112845144382
v -2.64016568359 -0.490265601172 0.248373605618
v -2.64474649414 -0.628691382422 0.655932199368
v -2.65227164062 -0.816376929297 1.23951813687
v -2.6610052832 -0.993605444922 1.82156696499
v -18.0937267187 -1.25087888242 -0.094665456882
v -19.2876232031 -1.22163083555 0.187000558743
v -19.2991466406 -0.710628882422 0.074111886868
v -19.2925411719 -0.985230444922 0.115447824368
v -18.0876817969 -1.69451169492 0.179041574368
v -19.2845567969 -1.64733591367 0.582352121243
v -19.2842091406 -1.4768769293 0.351148996243
v -18.0903458594 -1.9838144293 0.677281808743
v -19.2907228125 -1.8592128668 1.13695954312
v -19.2869474219 -1.76777731992 0.848168527493
v -15.6251622656 -1.70744333555 -0.455813894382
v -16.8558458594 -1.68595896055 -0.180263113132
v -16.8627071875 -1.2817128668 -0.377544363132
v -16.8586271094 -1.49775583555 -0.289948660007
v -15.6216661719 -2.0886972418 -0.132671316257
v -16.8546759375 -2.0696581793 0.248410714993
v -16.854105625 -1.9040331793 0.013357980618
v -15.6247267188 -2.37527927305 0.367631418118
v -16.860918125 -2.28030856992 0.803844308743
v -16.8570060156 -2.19159958555 0.512914621243
v -12.9573185156 -2.34502146055 -0.335403738132
v -14.2888839453 -2.40760153867 -0.018864675632
v -14.2890421484 -2.04814646055 -0.466712331882
v -14.2881192969 -2.24720310117 -0.258026785007
v -12.960418125 -2.6283456793 0.167541574368
v -14.2946983984 -2.62742771055 0.529316964993
v -14.2911173438 -2.53321872617 0.242736886868
v -10.371199375 -2.32121481992 -0.316614675632
v -11.6637911719 -2.5228534918 -0.110071706882
v -11.6630069922 -2.18558200742 -0.575360769382
v -11.6626691016 -2.36983200742 -0.355050222507
v -6.4275978125 -0.397958960547 -1.08603459751
v -7.75677652344 -0.221050757422 -1.18225725376
v -6.43386636719 -0.140355444922 -1.11842912876
v -5.10247916016 -0.477179663672 -0.911194753757
v -6.41939126953 -0.818650366797 -0.943466238132
v -7.74452164062 -0.726630835547 -1.10847014438
v -6.42285611328 -0.621874976172 -1.02565373813
v -5.09842496094 -0.797244116797 -0.693839285007
v -6.41546402344 -1.1406347418 -0.732679128757
v -7.73659292969 -1.1342988043 -0.960347097507
v -6.4170196875 -0.989035132422 -0.845497488132
v -5.09821109375 -1.0332909918 -0.414358816257
v -6.41428921875 -1.3959784918 -0.467913503757
v -7.73197085938 -1.46266013242 -0.754013113132
v -6.41457535156 -1.27614450742 -0.606448660007
v -5.10029947266 -1.22671677305 -0.075622488132
v -6.41551480469 -1.61167771055 -0.121520925632
v -7.73036441406 -1.73678122617 -0.478960378757
v -6.41460074219 -1.51156638242 -0.300880300632
v -3.87029751953 -0.100218726172 -0.850694753757
v -2.63378458008 -0.0771445074219 -0.594548269382
v -3.86425894531 -0.452996069922 -0.654327566257
v -3.86629996094 -0.299716773047 -0.770745535007
v -2.63492569336 -0.286798804297 -0.290143972507
v -3.86443472656 -0.666242163672 -0.357476003757
v -3.86387808594 -0.569556616797 -0.513770925632
v -2.63843936523 -0.424466773047 0.067092355618
v -3.86704751953 -0.830935523047 -0.021059988132
v -3.86549820312 -0.752654273047 -0.192429128757
v -18.0876134375 -1.78590622617 0.289783761868
v -18.6863478125 -1.75674021055 0.495838449368
v -19.2840196875 -1.57042771055 0.460174386868
v -18.6859689063 -1.58693747617 0.264109933743
v -18.6858439062 -1.6794941168 0.373926339993
v -19.8828360938 -1.53597263242 0.670422433743
v -19.8825411719 -1.36474802305 0.439824777493
v -19.8822833594 -1.45935544492 0.548012277493
v -19.2853595313 -1.36167966367 0.259244699368
v -19.8865470313 -1.09760153867 0.285094308743
v -19.8839044531 -1.24551950742 0.351111886868
v -18.0884435156 -1.58651169492 0.081430246243
v -18.6887735937 -1.34271872617 0.091231027493
v -18.6869005469 -1.47548435117 0.169238839993
v -16.8546564063 -1.80209177305 -0.089069753757
v -17.4708146094 -1.80175388242 0.094236886868
v -17.4728048438 -1.57617185117 -0.093421316257
v -17.4714552344 -1.69697458555 -0.00593498813201
v -2.63344522461 -0.144974585547 -0.529505300632
v -3.24812662109 -0.334259741797 -0.560380300632
v -3.8650275 -0.381505835547 -0.716706472507
v -3.24946890625 -0.194349585547 -0.687335378757
v -3.24853287109 -0.269957007422 -0.628423269382
v -4.48162320313 -0.558611304297 -0.737884206882
v -5.10093423828 -0.568652319922 -0.864778738132
v -4.48406363281 -0.393806616797 -0.845218191257
v -4.48261929687 -0.480707007422 -0.795206472507
v -3.86810123047 -0.206189429297 -0.815413503757
v -3.25095669922 -0.105755835547 -0.735934988132
v -2.02034048828 -0.0539198980469 -0.338585378757
v -2.019074375 -0.00672458554694 -0.420106863132
v -0.210756748047 -0.0990038824219 1.88425837124
v -0.344930576172 -0.149999976172 1.88140485562
v -2.65596109375 -0.905527319922 1.53008844937
v -1.43172891602 -0.451675757422 1.52794977749
v -1.43577994141 -0.543386694922 1.81651032437
v -0.822956699219 -0.358845679297 1.96247712124
v -1.43373550781 -0.497767554297 1.67203962124
v -0.821432773437 -0.266164038672 1.67466071499
v -0.822574619141 -0.312744116797 1.81837360562
v -2.64847598633 -0.723285132422 0.947170480618
v -1.424824375 -0.260814429297 0.946883371243
v -1.42783169922 -0.356425757422 1.23729157437
v -0.516461826172 -0.219478491797 1.89213532437
v -0.822101962891 -0.289568335547 1.74642633999
v -0.516196445312 -0.172671851172 1.74859626187
v -0.516518588867 -0.196199194922 1.82026618374
v -1.42971426758 -0.404246069922 1.38246930874
v -0.817381015625 -0.169669898047 1.38497907437
v -0.819600498047 -0.218140601172 1.52964313687
v -0.209101230469 -0.151693335547 2.04570368374
v -1.83659952148 -0.741951148047 1.97626423062
v -3.52801089844 -1.32024606992 1.91068219937
v -5.22769351562 -1.84153708555 1.85156110562
v -6.93727847656 -2.28059958555 1.79924079312
v -8.65714664062 -2.61227146055 1.75283844937
v -10.0396866797 -2.7866581793 1.71941657437
v -11.426730625 -2.8701269293 1.68956891812
v -12.8160323828 -2.8630644293 1.66335016812
v -14.2064474219 -2.77116403867 1.64099665249
v -15.9437833594 -2.55759177305 1.61918610562
v -17.6800177344 -2.27177927305 1.60367243374
v -19.3211954688 -1.95960739805 1.59490876187
v -19.9178907813 -1.69731052305 1.06672321499
v -20.109074375 -1.57022653867 0.859922433743
v -20.2544942969 -1.44051364805 0.680600168118
v -20.318636875 -1.3634941168 0.594320871243
v -20.3651661719 -1.2892363043 0.527666574368
v -20.3968341406 -1.22224216367 0.480377511868
v -20.4169454688 -1.16764060117 0.449627511868
v -20.4388009375 -1.08984372617 0.415732980618
v -20.4609767188 -0.976628882422 0.380904855618
v -20.4803732031 -0.816460913672 0.349967355618
v -20.4977482031 -0.466847632422 0.321715402493
v -20.4989786719 -5.66167969446e-05 0.319641183743
v -19.2855724219 -1.71173239805 0.711963449368
v -19.8852560156 -1.6572519293 0.935588449368
v -19.8838849219 -1.60031638242 0.800078683743
v -19.8824767187 -1.49949802305 0.607768136868
v -20.1815157812 -1.4032363043 0.592393136868
v -20.181699375 -1.4434081793 0.652127511868
v -19.882293125 -1.41471481992 0.491813058743
v -20.1818067969 -1.30798044492 0.484719308743
v -20.1815372656 -1.35840427305 0.536346261868
v -19.8830665625 -1.30862497617 0.392707589993
v -20.1832501563 -1.18663083555 0.397686105618
v -20.1823634375 -1.2510331793 0.438256418118
v -20.1820470313 -1.28038083555 0.460797433743
v -20.3314767188 -1.27943552305 0.507297433743
v -20.3320450781 -1.2220566168 0.461172433743
v -20.3317228125 -1.25164450742 0.483522043118
v -20.1827638281 -1.21982028867 0.417190011868
v -20.3329474219 -1.15699606992 0.421123605618
v -20.3324513281 -1.19054685117 0.440340402493
v -19.8850724219 -1.17503122617 0.315357980618
v -20.1860372656 -1.0346894293 0.334852121243
v -20.1844825781 -1.11433591367 0.363359933743
v -19.2898478125 -1.1086894293 0.147065011868
v -19.8921153906 -0.846054663672 0.225522043118
v -19.8890958594 -0.977445288672 0.250863839993
v -18.1056954687 -0.761312476172 -0.199356863132
v -19.3125626563 -0.148382788672 0.051943918118
v -19.3059474219 -0.437361304297 0.056820871243
v -18.642168125 -9.74179694458e-06 -0.108481863132
v -16.872465 -5.27105469446e-05 -0.536645925632
v -15.4499552344 -5.83554694458e-06 -0.830981863132
v -13.6618360938 -5.83554694458e-06 -1.08632951938
v -11.8672794531 -1.92929694458e-06 -1.21485686313
v -10.4307775 3.93007805542e-06 -1.24389787876
v -8.99599625 7.83632805542e-06 -1.22688225376
v -7.5623009375 -2.34136719446e-05 -1.17872014438
v -6.13003628906 1.97695305542e-06 -1.10294670688
v -4.34458804687 -0.00104489804694 -0.935606863132
v -2.70494961914 1.97695305542e-06 -0.663720144382
v -2.62639322266 1.97695305542e-06 -0.644296316257
v -2.3270340918 -0.0142363042969 -0.544749441257
v -2.21186905273 -0.000402319921945 -0.515239675632
v -2.00582608398 -0.00140036679694 -0.420934988132
v -1.98908169922 -0.00155271054694 -0.411694753757
v -2.01966128906 -0.0315644292969 -0.380347097507
v -2.02353238281 -0.124242163672 -0.161595144382
v -2.63414908203 -0.247099585547 -0.375108816257
v -2.02186441406 -0.0918007574219 -0.252276785007
v -2.32716617187 -0.0775702886719 -0.476163503757
v -2.63354336914 -0.112683569922 -0.563337331882
v -2.32703165039 -0.0475292730469 -0.511767019382
v -2.01935513672 -0.0194784917969 -0.400495535007
v -2.32777774414 -0.129273413672 -0.398194753757
v -2.63347452148 -0.174335913672 -0.493309988132
v -2.32742056641 -0.104705054297 -0.438212331882
v -2.17343204102 -0.0425761480469 -0.448472097507
v -2.32708291992 -0.0629355230469 -0.494274831882
v -2.17314322266 -0.0137031011719 -0.484997488132
v -2.17327212891 -0.0285214605469 -0.467042410007
v -2.01921158203 -0.0131874761719 -0.410370535007
v -2.17383658203 -0.0685663824219 -0.409620535007
v -2.32727945312 -0.0914804449219 -0.457462331882
v -2.17362100586 -0.0559101324219 -0.429317800632
v -2.09634195312 -0.0247577886719 -0.434372488132
v -2.17334830078 -0.0356406011719 -0.457831472507
v -2.09613760742 -0.0109960699219 -0.453175222507
v -2.09623599609 -0.0179687261719 -0.443849050632
v -2.01914224609 -0.00997849179694 -0.415255300632
v -2.096574375 -0.0378007574219 -0.414991628757
v -2.17352310547 -0.0493300542969 -0.438966238132
v -2.09645474609 -0.0313652105469 -0.424751394382
v -1.97930655273 -0.00228317929694 -0.405165456882
v -1.95156509766 -0.00493356992194 -0.384845144382
v -2.0195052832 -0.0256015386719 -0.390487722507
v -2.01999063477 -0.0430292730469 -0.359698660007
v -2.02107583984 -0.0737070074219 -0.296112722507
v -1.9260262793 -0.00758396054694 -0.364462331882
v -1.90230191406 -0.0101659917969 -0.344001394382
v -1.94268130859 -0.0239296636719 -0.344591238132
v -2.0198231543 -0.0373730230469 -0.370083425632
v -1.94248819336 -0.0184101324219 -0.355085378757
v -2.1743387793 -0.0920273199219 -0.368729910007
v -2.32758755859 -0.117289038672 -0.418444753757
v -2.17407657227 -0.0805917730469 -0.389411550632
v -2.3287059668 -0.171193335547 -0.315067800632
v -2.63384415039 -0.225035132422 -0.415815847507
v -2.32820914062 -0.151134741797 -0.357354910007
v -3.24845035156 -0.435611304297 -0.407837331882
v -3.86391080078 -0.514562476172 -0.586681081882
v -3.24813833984 -0.388271460547 -0.486780691257
v -1.87999942383 -0.0126093511719 -0.323452566257
v -1.9430821875 -0.0345468511719 -0.323263113132
v -2.02016299805 -0.0485429449219 -0.349196706882
v -1.94287930664 -0.0293066167969 -0.333981863132
v -1.86656387695 -0.0337382574219 -0.264503347507
v -2.02070035156 -0.0640468511719 -0.317536550632
v -1.86608731445 -0.0245781011719 -0.286321706882
v -1.85872891602 -0.0148359136719 -0.302804128757
v -1.8381747168 -0.0168222417969 -0.281976003757
v -1.8181278418 -0.0186093511719 -0.260788503757
v -1.86632388672 -0.0292109136719 -0.275454519382
v -1.86755044922 -0.0508769292969 -0.219915456882
v -2.02146451172 -0.0829452886719 -0.274349050632
v -1.86705240234 -0.0424902105469 -0.242356863132
v -2.02268912109 -0.108533179297 -0.207347097507
v -2.02675186523 -0.183476538672 0.024250558743
v -2.635824375 -0.322601538672 -0.202085378757
v -2.02520621094 -0.153929663672 -0.068714285007
v -1.79839200195 -0.0202284917969 -0.239052175632
v -1.86680679687 -0.0381620855469 -0.253468191257
v -1.77877017578 -0.0216952886719 -0.216581472507
v -1.79010586914 -0.0301210699219 -0.203503347507
v -1.86730044922 -0.0467265386719 -0.231169363132
v -1.78982730469 -0.0260839605469 -0.214849050632
v -1.86856607422 -0.0667245855469 -0.174286550632
v -2.02227334961 -0.100316382422 -0.229931081882
v -1.86805582031 -0.0589394292969 -0.197214285007
v -2.32983121094 -0.207187476172 -0.227184988132
v -2.63451456055 -0.267585913672 -0.333136160007
v -2.32925210937 -0.189769507422 -0.271591238132
v -0.600077670898 -0.0779882574219 1.36319587124
v -11.8967364844 -2.8774316168 1.67442243374
v -11.8926476172 -2.87741013242 1.67428766812
v -11.8885948828 -2.87738864805 1.67373298062
v -11.8846085547 -2.87736521055 1.67276813687
v -11.8807423438 -2.87733981992 1.67139704312
v -11.8770284766 -2.8773144293 1.66963337124
v -11.8735157813 -2.87728708555 1.66749665249
v -11.8702384375 -2.87725778867 1.66501227749
v -11.8672296484 -2.87722653867 1.66219587124
v -11.8645255469 -2.87719333555 1.65909040249
v -11.8621593359 -2.8771581793 1.65572126187
v -11.8601505469 -2.87712106992 1.65213141812
v -11.8585235938 -2.87708200742 1.64835407437
v -11.8572941016 -2.8770409918 1.64444391812
v -11.8564737891 -2.87699802305 1.64042633999
v -11.8560665625 -2.8769550543 1.63636383999
v -11.8560792578 -2.87691013242 1.63228180874
v -11.8564884375 -2.87686716367 1.62832282437
v -11.857293125 -2.87682419492 1.62442243374
v -11.8584747656 -2.8767831793 1.62063141812
v -11.8600294531 -2.8767441168 1.61697712124
v -11.86193375 -2.87670700742 1.61349665249
v -11.8641759375 -2.87667185117 1.61022516812
v -11.8667276953 -2.8766425543 1.60719196499
v -11.8695733984 -2.87661716367 1.60442048062
v -11.8726788672 -2.8765956793 1.60194587124
v -11.8760148047 -2.87658200742 1.59979157437
v -11.8795558203 -2.8765722418 1.59797321499
v -11.8832599219 -2.87657028867 1.59652008999
v -11.8871007422 -2.87657419492 1.59543610562
v -11.8910294531 -2.87658396055 1.59474274624
v -12.0152726172 -2.87689450742 1.59229157437
v -12.0193575781 -2.87689646055 1.59242633999
v -12.0233946875 -2.87690427305 1.59297516812
v -12.0273546484 -2.87691794492 1.59393024624
v -12.0312101172 -2.8769394293 1.59528962124
v -12.0349122656 -2.87696481992 1.59703571499
v -12.0384161719 -2.87699606992 1.59915485562
v -12.0416905859 -2.87703122617 1.60162360562
v -12.0446935156 -2.87707028867 1.60441462124
v -12.0473985937 -2.8771113043 1.60749860562
v -12.0497706641 -2.87715622617 1.61084626187
v -12.0517892188 -2.87720114805 1.61441462124
v -12.0534298438 -2.87724606992 1.61817048062
v -12.0546759375 -2.87729294492 1.62206891812
v -12.0555157812 -2.8773378668 1.62606696499
v -12.0559454688 -2.87737888242 1.63011579312
v -12.0559571875 -2.87741989805 1.63418805874
v -12.0555675391 -2.87745700742 1.63816852749
v -12.0547853125 -2.87749216367 1.64208063687
v -12.0536163672 -2.87752341367 1.64589313687
v -12.0520694922 -2.87755271055 1.64958258999
v -12.0501720312 -2.87757614805 1.65308063687
v -12.04793375 -2.87759958555 1.65637555874
v -12.0453829687 -2.87761716367 1.65943219937
v -12.0425392188 -2.87763278867 1.66221540249
v -12.0394317969 -2.87764646055 1.66470758999
v -12.03609 -2.8776581793 1.66687555874
v -12.0325401953 -2.87766794492 1.66870758999
v -12.0288253516 -2.8776738043 1.67017438687
v -12.0249737891 -2.87767966367 1.67126813687
v -12.0210304297 -2.87768552305 1.67196735562
v -10.3952296484 -2.8020644293 1.40301032437
v -12.9804005469 -2.84754489805 1.36689899624
v -11.6798790625 -2.84004489805 1.03270563687
v -11.6859786719 -2.86543747617 1.35300641812
v -11.6893419531 -2.87251560117 1.51740290249
v -12.9836886328 -2.8540019293 1.53203376187
v -12.3327511328 -2.86633591367 1.35218610562
v -12.3360753516 -2.8728456793 1.51708063687
v -14.3047599219 -2.72614841367 1.12268805874
v -14.3112950781 -2.75127927305 1.44285798062
v -11.6911183203 -2.87460739805 1.60067048062
v -12.3378585547 -2.87460544492 1.60069001187
v -12.0125978125 -2.8751191168 1.51530524624
v -10.3985528906 -2.81173435117 1.56554352749
v -11.0401251562 -2.84420310117 1.36981501187
v -11.0434972266 -2.85234177305 1.53343219937
v -7.75811734375 -2.44208981992 1.68770758999
v -9.06938101562 -2.62003708555 1.20661969937
v -9.07523453125 -2.65520700742 1.51874665249
v -11.6920382422 -2.87524606992 1.64279743374
v -11.8527228125 -2.87641013242 1.59923102749
v -11.8536466406 -2.87698825742 1.64141266812
v -11.0452452734 -2.8550800543 1.61623493374
v -11.3663077734 -2.86495114805 1.52342633999
v -11.3680724219 -2.86732810117 1.60647712124
v -11.8541222266 -2.8771425543 1.66280133999
v -12.3387862891 -2.8750722418 1.64300837124
v -12.1760929297 -2.87639841367 1.59924860562
v -12.1770216406 -2.87689060117 1.64152594937
v -12.985449375 -2.85578513242 1.61585212124
v -12.6597735937 -2.86577731992 1.52267438687
v -12.6615489844 -2.86750388242 1.60640485562
v -13.6454571875 -2.80852146055 1.39762946499
v -13.6487442969 -2.81548825742 1.56276423062
v -11.6925128516 -2.8754316168 1.66415680874
v -11.7728360937 -2.8762675543 1.64198493374
v -11.7733107031 -2.87643747617 1.66335798062
v -11.3689825781 -2.86812302305 1.64848493374
v -11.5295675391 -2.87158396055 1.60308454312
v -11.5304835547 -2.87229489805 1.64515290249
v -11.813715 -2.87682614805 1.66304938687
v -11.8139562109 -2.8768691168 1.67384235562
v -12.1774972266 -2.8770019293 1.66296344937
v -12.0961583594 -2.87735739805 1.64113923062
v -12.0966339453 -2.8774784918 1.66256501187
v -11.8542423438 -2.8771659918 1.66819001187
v -11.8538829687 -2.87707810117 1.65207477749
v -11.8531808203 -2.87674021055 1.62024274624
v -11.6902208594 -2.87368356992 1.55894587124
v -12.0134796484 -2.87618747617 1.55693610562
v -11.8509415625 -2.87443356992 1.51586579312
v -11.8518233984 -2.87554489805 1.55745563687
v -11.6876300391 -2.8694550543 1.43485016812
v -12.3343771094 -2.87008396055 1.43425251187
v -12.0092530859 -2.86838864805 1.35062555874
v -12.0108917578 -2.87224216367 1.43259821499
v -11.6828370703 -2.85458200742 1.19144196499
v -12.9773448828 -2.8372909918 1.20492633999
v -12.3267667578 -2.84177731992 1.03133844937
v -12.3296769141 -2.85594333555 1.19029938687
v -10.3836583594 -2.73142771055 0.782879464993
v -12.9688917578 -2.7841113043 0.741277902493
v -11.66993375 -2.73981638242 0.440508371243
v -11.6745030859 -2.80008200742 0.728561105618
v -11.8541817969 -2.87715427305 1.66549274624
v -11.8643448828 -2.87723239805 1.66813727749
v -11.8642247656 -2.87720896055 1.66274860562
v -11.8642843359 -2.87722263242 1.66544001187
v -11.8540021094 -2.87711325742 1.65743024624
v -11.7730724219 -2.87636325742 1.65263923062
v -11.8132394141 -2.87666403867 1.64166852749
v -11.8134757422 -2.87675778867 1.65232673062
v -11.691574375 -2.87496677305 1.62165485562
v -11.7719132422 -2.87566013242 1.59983063687
v -11.77237125 -2.87600388242 1.62082868374
v -11.8138351172 -2.87685153867 1.66843610562
v -11.8341593359 -2.87703513242 1.67371149624
v -11.833918125 -2.8769941168 1.66291852749
v -11.8340382422 -2.8770175543 1.66830524624
v -11.8540616797 -2.87712888242 1.66011383999
v -11.8135948828 -2.87679489805 1.65768024624
v -11.8336788672 -2.87692771055 1.65219391812
v -11.8337980078 -2.8769628668 1.65754743374
v -11.8539425391 -2.8770956793 1.65475055874
v -11.8537648047 -2.87703513242 1.64673688687
v -11.8534132422 -2.87687497617 1.63080329312
v -11.8538233984 -2.8770566168 1.64940485562
v -11.8133575781 -2.87671481992 1.64699079312
v -11.8334425391 -2.87683591367 1.64153180874
v -11.8335607031 -2.8768847418 1.64685602749
v -11.7726026953 -2.87614646055 1.63138337124
v -11.8127745703 -2.87641013242 1.62050641812
v -11.8130060156 -2.8765488043 1.63106305874
v -11.8537052344 -2.87701169492 1.64407282437
v -11.8535294531 -2.87693356992 1.63610212124
v -11.8535880469 -2.87696091367 1.63875641812
v -11.8131222266 -2.87660935117 1.63635993374
v -11.8332091406 -2.8767206793 1.63092633999
v -11.8333253516 -2.87678122617 1.63622321499
v -11.8534708594 -2.87690427305 1.63345173062
v -11.8532970312 -2.87681052305 1.62551813687
v -11.8529503516 -2.87658396055 1.60972126187
v -11.8522706641 -2.8760097418 1.57831891812
v -12.0139278906 -2.8766269293 1.57782282437
v -11.9326446875 -2.8760175543 1.55707477749
v -11.9330919531 -2.87646872617 1.57794977749
v -12.3369562109 -2.87385153867 1.55878571499
v -12.1743097266 -2.87458591367 1.51571344937
v -12.1751905859 -2.8756191168 1.55738337124
v -11.8533546484 -2.87684372617 1.62816071499
v -11.8128898047 -2.87648239805 1.62577985562
v -11.8329767188 -2.87658396055 1.62036774624
v -11.8330929297 -2.87665427305 1.62564118374
v -11.7721417578 -2.87584177305 1.61031305874
v -11.8123165625 -2.87607419492 1.59950055874
v -11.8125441016 -2.8762519293 1.60998688687
v -11.6906671484 -2.87417771055 1.57978180874
v -11.7710148047 -2.8747675543 1.55807868374
v -11.7714620703 -2.87524606992 1.57892829312
v -11.3671827734 -2.86625778867 1.56486383999
v -11.5277970312 -2.86935935117 1.51992048062
v -11.5286749609 -2.87059177305 1.56141266812
v -11.0417901953 -2.84871481992 1.45129352749
v -11.36293375 -2.85740231992 1.35938337124
v -11.3645948828 -2.86164060117 1.44106305874
v -10.3920392187 -2.78924021055 1.24300446499
v -11.0339151953 -2.81739646055 1.05060407437
v -11.0369259375 -2.83254294492 1.20886188687
v -11.8532384375 -2.8767753668 1.62287946499
v -11.8530655859 -2.87666403867 1.61497712124
v -11.8531232031 -2.87670310117 1.61760993374
v -11.8126593359 -2.87633396055 1.61524274624
v -11.8327472266 -2.87642771055 1.60984626187
v -11.8328614844 -2.87650778867 1.61510212124
v -11.8530079688 -2.87662497617 1.61234821499
v -11.8528360937 -2.87649997617 1.60447321499
v -11.8729269141 -2.87655075742 1.59911969937
v -11.85249625 -2.87621872617 1.58876618374
v -11.9333175391 -2.87667185117 1.58840485562
v -11.8926798438 -2.87627731992 1.57810407437
v -11.8929054297 -2.87648239805 1.58855524624
v -11.8528937109 -2.87654294492 1.60709626187
v -11.8629386328 -2.8765722418 1.60441657437
v -11.8629952734 -2.87661521055 1.60703962124
v -11.8124298437 -2.87616403867 1.60474079312
v -11.8325187109 -2.8762519293 1.59935798062
v -11.8326329687 -2.87634177305 1.60460016812
v -11.7716876563 -2.87546091367 1.58937165249
v -11.8118644141 -2.8756659918 1.57859235562
v -11.81209 -2.8758769293 1.58903766812
v -11.8527794531 -2.8764550543 1.60185212124
v -11.862824375 -2.87648239805 1.59917438687
v -11.8628819922 -2.87652731992 1.60179352749
v -11.8526085547 -2.87631638242 1.59399665249
v -11.8930187109 -2.8765800543 1.59378766812
v -11.8727003516 -2.87635935117 1.58865290249
v -11.8728136328 -2.87645700742 1.59388337124
v -12.1765538672 -2.87668552305 1.62030719937
v -12.095230625 -2.87684958555 1.59888532437
v -12.0956905859 -2.87714450742 1.61993219937
v -11.8728702734 -2.87650388242 1.59650251187
v -11.8829161719 -2.87651950742 1.59383454312
v -11.9131114844 -2.87658591367 1.58847126187
v -12.0141534766 -2.87682419492 1.58828180874
v -11.9735079688 -2.87658591367 1.57785602749
v -11.9737335547 -2.87678513242 1.58831305874
v -12.1756388281 -2.8760409918 1.57828766812
v -12.0943282813 -2.87605271055 1.55703962124
v -12.0947765234 -2.87648435117 1.57793610562
v -12.0548038672 -2.87696481992 1.59879157437
v -12.0950030859 -2.87667575742 1.58840094937
v -12.0543507422 -2.87659372617 1.57784821499
v -12.0545763281 -2.87678708555 1.58831305874
v -12.0546896094 -2.8768769293 1.59354938687
v -12.0343644141 -2.8768144293 1.58828962124
v -12.0344776953 -2.87690622617 1.59352594937
v -12.0954591406 -2.87700778867 1.60939313687
v -12.0550333594 -2.87712302305 1.60929743374
v -12.0142101172 -2.87687106992 1.59090094937
v -12.0344210547 -2.8768613043 1.59090680874
v -12.0242589453 -2.8768222418 1.58828376187
v -12.0243155859 -2.87686716367 1.59090290249
v -12.0140401953 -2.87672653867 1.58305133999
v -12.0544630469 -2.87669138242 1.58307868374
v -12.0341388281 -2.8766191168 1.57782868374
v -12.0342511328 -2.87671872617 1.58305719937
v -12.0137032813 -2.87641403867 1.56737360562
v -12.0945519141 -2.8762753668 1.56748102749
v -12.0539025 -2.8761581793 1.55695758999
v -12.0541251563 -2.87638278867 1.56739704312
v -12.0130362891 -2.87568356992 1.53609821499
v -12.1747472266 -2.8751347418 1.53652399624
v -12.0934464453 -2.87500583555 1.51538923062
v -12.0938849219 -2.87556052305 1.53619001187
v -12.0117355078 -2.87380466367 1.47385993374
v -12.3352169531 -2.8715878668 1.47557087124
v -12.1726066016 -2.87177731992 1.43294001187
v -12.1734483984 -2.87330466367 1.47423298062
v -12.9820099219 -2.8512519293 1.44905915249
v -12.6564689062 -2.8593613043 1.35762946499
v -12.6580841406 -2.86306052305 1.43975641812
v -11.9939435156 -2.8768144293 1.58828962124
v -12.0345353125 -2.87695114805 1.59614704312
v -12.054918125 -2.87704685117 1.60404157437
v -12.0446974219 -2.87698044492 1.59877790249
v -12.0547472266 -2.87692185117 1.59617048062
v -12.0445841406 -2.87689450742 1.59353571499
v -12.0446407813 -2.87693747617 1.59615680874
v -12.0750167578 -2.8769159918 1.59883063687
v -12.0951163672 -2.87676560117 1.59364118374
v -12.0747892188 -2.87674021055 1.58835016812
v -12.0749025 -2.8768300543 1.59358844937
v -12.1356603125 -2.87666208555 1.59903571499
v -12.1758653906 -2.8762284918 1.58876032437
v -12.1352062109 -2.8762988043 1.57808258999
v -12.1354327734 -2.87648825742 1.58855133999
v -12.2569689063 -2.8756503668 1.59985016812
v -12.3374044531 -2.87426169492 1.57970954312
v -12.2560665625 -2.8748847418 1.55796540249
v -12.2565148047 -2.8752988043 1.57887946499
v -12.4996769141 -2.87163864805 1.60307868374
v -12.6606495703 -2.86676560117 1.56443610562
v -12.4978966406 -2.86990622617 1.51940485562
v -12.4987755469 -2.87089841367 1.56113923062
v -12.0548614844 -2.87700583555 1.60141657437
v -12.0447550391 -2.87702341367 1.60140290249
v -12.07524625 -2.87707419492 1.60933649624
v -12.0953448828 -2.8769316168 1.60413532437
v -12.0751310156 -2.87699802305 1.60408063687
v -12.1361202734 -2.87695114805 1.62009040249
v -12.1763224219 -2.87655075742 1.60976227749
v -12.1358888281 -2.87681638242 1.60954743374
v -12.2578976172 -2.8761269293 1.64214899624
v -12.3383194922 -2.87488083555 1.62177008999
v -12.2574298437 -2.87592966367 1.62092048062
v -12.6624718359 -2.86796091367 1.64879548062
v -12.5006036719 -2.87209372617 1.64543415249
v -12.0549757422 -2.87708591367 1.60666852749
v -12.0551485937 -2.8771972418 1.61456110562
v -12.0959230078 -2.87726169492 1.63051227749
v -12.0550909766 -2.87716013242 1.61192829312
v -12.0754767188 -2.8772128668 1.61987555874
v -12.095574375 -2.87707810117 1.61465876187
v -12.0753614844 -2.87714646055 1.61460212124
v -12.0757091406 -2.87733200742 1.63045368374
v -12.0958067969 -2.87720700742 1.62521735562
v -12.0755929297 -2.8772753668 1.62515876187
v -12.1365880469 -2.87716013242 1.64130329312
v -12.1767862891 -2.8767988043 1.63089313687
v -12.1363526953 -2.87706638242 1.63067243374
v -12.0656026953 -2.8773613043 1.63043024624
v -12.0756515234 -2.87730466367 1.62780524624
v -12.0654864844 -2.87730271055 1.62513727749
v -12.0655441016 -2.87733200742 1.62778180874
v -12.0759444922 -2.87742966367 1.64108063687
v -12.0960401953 -2.87731247617 1.63581891812
v -12.0758263281 -2.87738278867 1.63576032437
v -12.0562071875 -2.87760739805 1.66245563687
v -12.0963946875 -2.8774316168 1.65182087124
v -12.0559679297 -2.8775566168 1.65171344937
v -12.0657198828 -2.87741208555 1.63573688687
v -12.0757677344 -2.87735935117 1.63310602749
v -12.0656612891 -2.87738669492 1.63308258999
v -12.0761808203 -2.87750388242 1.65176032437
v -12.0962765234 -2.87739841367 1.64647321499
v -12.0760626563 -2.87746872617 1.64641266812
v -12.1370636328 -2.87727731992 1.66273493374
v -12.1772579688 -2.87695896055 1.65221344937
v -12.1368253516 -2.87723044492 1.65198688687
v -12.0560870703 -2.87758591367 1.65707673062
v -12.0560275 -2.8775722418 1.65439313687
v -12.0764200781 -2.87755271055 1.66250251187
v -12.0965138281 -2.87745896055 1.65718415249
v -12.0762999609 -2.87753122617 1.65712360562
v -12.0461007422 -2.87762888242 1.66243805874
v -12.0561476172 -2.87759763242 1.65976423062
v -12.0563282812 -2.87762302305 1.66785212124
v -12.0462218359 -2.87764450742 1.66783258999
v -12.0562677344 -2.87761716367 1.66515094937
v -12.0461612891 -2.87763669492 1.66513337124
f 2 52 212 210
f 210 212 211 1
f 122 51 207
f 207 53 50
f 50 3 122
f 122 207 50
f 51 119 209 207
f 207 209 208 53
f 50 53 52 2
f 4 111 114 110
f 111 55 112 114
f 114 112 56 113
f 110 114 113 54
f 188 117 112
f 55 115 188
f 112 55 188
f 188 190 189 117
f 117 189 193 191
f 191 193 192 116
f 191 116 56
f 112 117 191
f 56 112 191
f 194 120 118
f 56 116 194
f 118 56 194
f 197 196 194
f 116 192 197
f 194 116 197
f 192 198 200 197
f 197 200 199 196
f 196 199 203 201
f 201 203 202 195
f 201 195 120
f 194 196 201
f 120 194 201
f 120 195 206 204
f 204 206 205 119
f 204 119 51
f 118 120 204
f 51 118 204
f 54 113 123 121
f 113 56 118 123
f 123 118 51 122
f 121 123 122 3
f 5 58 59 57
f 59 186 187 185
f 185 187 115 55
f 185 55 111
f 111 4 57
f 57 59 185
f 185 111 57
f 62 2 210
f 210 1 7
f 7 8 62
f 62 210 7
f 9 61 63 60
f 126 3 50
f 63 61 126
f 50 63 126
f 63 50 2 62
f 60 63 62 8
f 10 65 66 64
f 110 54 125
f 125 66 65
f 65 4 110
f 110 125 65
f 66 125 127 124
f 125 54 121 127
f 127 121 3 126
f 124 127 126 61
f 124 61 9
f 64 66 124
f 9 64 124
f 11 68 69 67
f 68 5 57 69
f 69 57 4 65
f 67 69 65 10
f 13 14 6
f 15 7 6 14
f 16 8 7 15
f 72 9 60
f 60 8 16
f 16 17 72
f 72 60 16
f 18 71 73 70
f 71 10 64 73
f 73 64 9 72
f 70 73 72 17
f 19 75 76 74
f 75 11 67 76
f 76 67 10 71
f 74 76 71 18
f 376 75 429
f 75 19 429
f 429 20 376
f 376 12 11 75
f 377 400 401
f 566 373 401
f 400 369 566
f 401 400 566
f 12 376 377
f 425 369 400
f 400 377 376
f 376 20 425
f 425 400 376
f 22 14 13 21
f 23 15 14 22
f 24 16 15 23
f 79 17 16
f 24 25 79
f 16 24 79
f 26 78 80 77
f 78 18 70 80
f 80 70 17 79
f 77 80 79 25
f 78 430 74
f 430 19 74
f 74 18 78
f 78 26 27 430
f 494 370 431
f 428 28 494
f 431 428 494
f 426 20 429
f 431 370 426
f 429 431 426
f 431 429 19 430
f 428 431 430 27
f 440 378 406
f 407 387 440
f 406 407 440
f 405 407 406 392
f 392 406 489 487
f 484 416 489
f 406 378 484
f 489 406 484
f 489 416 372 488
f 487 489 488 391
f 487 391 383
f 390 392 487
f 383 390 487
f 383 391 492 490
f 488 372 420
f 492 391 488
f 420 492 488
f 492 420 371 491
f 490 492 491 382
f 490 382 368
f 381 383 490
f 368 381 490
f 409 444 446 443
f 432 393 445
f 446 413 432
f 445 446 432
f 443 446 445 408
f 448 439 437
f 404 408 448
f 437 404 448
f 408 445 450 448
f 447 436 450
f 445 393 447
f 450 445 447
f 451 414 449
f 450 436 451
f 449 450 451
f 448 450 449 439
f 439 449 457 455
f 454 452 457
f 449 414 454
f 457 449 454
f 461 389 456
f 457 452 461
f 456 457 461
f 455 457 456 438
f 455 438 403
f 437 439 455
f 403 437 455
f 437 403 387
f 402 404 437
f 387 402 437
f 413 433 435 432
f 432 435 434 393
f 511 509 469
f 509 511 510 503
f 503 510 520 518
f 518 520 519 388
f 458 442 440
f 387 403 458
f 440 387 458
f 464 460 458
f 403 438 464
f 458 403 464
f 438 456 466 464
f 463 462 466
f 456 389 463
f 466 456 463
f 467 453 465
f 466 462 467
f 465 466 467
f 464 466 465 460
f 460 465 480 478
f 477 468 480
f 465 453 477
f 480 465 477
f 496 415 479
f 480 468 496
f 479 480 496
f 478 480 479 459
f 478 459 442
f 458 460 478
f 442 458 478
f 499 483 481
f 442 459 499
f 481 442 499
f 459 479 501 499
f 498 497 501
f 479 415 498
f 501 479 498
f 502 469 500
f 501 497 502
f 500 501 502
f 499 501 500 483
f 483 500 514 512
f 509 503 514
f 500 469 509
f 514 500 509
f 518 388 513
f 514 503 518
f 513 514 518
f 512 514 513 482
f 512 482 441
f 481 483 512
f 441 481 512
f 481 441 378
f 440 442 481
f 378 440 481
f 645 644 646 647
f 647 646 625 642
f 640 412 634
f 636 626 640
f 634 636 640
f 634 410 635 636
f 636 635 396 615
f 632 626 636
f 615 411 632
f 636 615 632
f 643 625 639
f 641 637 643
f 639 641 643
f 639 412 640 641
f 641 640 626 631
f 638 637 641
f 631 627 638
f 641 631 638
f 631 626 632 633
f 633 632 411 622
f 616 396 600
f 602 525 616
f 600 602 616
f 600 394 601 602
f 602 601 379 584
f 598 525 602
f 584 395 598
f 602 584 598
f 622 411 623 624
f 629 624 623
f 607 612 629
f 623 607 629
f 628 624 629 630
f 630 629 612 618
f 618 612 619 621
f 621 619 614 620
f 619 612 607
f 613 614 619
f 607 613 619
f 614 613 527 609
f 623 411 615
f 617 607 623
f 615 617 623
f 615 396 616 617
f 617 616 525 597
f 613 607 617
f 597 527 613
f 617 597 613
f 610 527 597
f 599 544 610
f 597 599 610
f 597 525 598 599
f 599 598 395 580
f 595 544 599
f 580 526 595
f 599 580 595
f 609 527 610 611
f 611 610 544 594
f 608 606 611
f 594 545 608
f 611 594 608
f 605 545 594
f 596 571 605
f 594 596 605
f 594 544 595 596
f 596 595 526 576
f 592 571 596
f 576 537 592
f 596 576 592
f 593 592 537 572
f 572 537 573 575
f 575 573 541 574
f 570 575 574 543
f 547 543 574
f 574 541 540
f 540 542 547
f 547 574 540
f 549 547 542 548
f 546 549 548 531
f 573 537 576
f 579 541 573
f 576 579 573
f 576 526 577 579
f 579 577 538 578
f 541 579 578 540
f 551 540 578
f 578 538 536
f 536 539 551
f 551 578 536
f 548 542 553
f 550 531 548
f 553 550 548
f 542 540 551 553
f 553 551 539 552
f 550 553 552 471
f 577 526 580
f 583 538 577
f 580 583 577
f 580 395 581 583
f 583 581 534 582
f 538 583 582 536
f 555 536 582
f 582 534 476
f 476 535 555
f 555 582 476
f 552 539 557
f 554 471 552
f 557 554 552
f 539 536 555 557
f 557 555 535 556
f 554 557 556 417
f 581 395 584
f 587 534 581
f 584 587 581
f 584 379 585 587
f 587 585 474 586
f 534 587 586 476
f 559 476 586
f 586 474 375
f 375 475 559
f 559 586 375
f 556 535 561
f 558 417 556
f 561 558 556
f 535 476 559 561
f 561 559 475 560
f 558 561 560 380
f 515 486 484
f 378 441 515
f 484 378 515
f 441 482 517 515
f 513 388 521
f 521 505 517
f 517 482 513
f 513 521 517
f 517 505 470 516
f 515 517 516 486
f 516 470 419
f 485 486 516
f 419 485 516
f 484 486 485 416
f 519 504 528
f 528 524 521
f 521 388 519
f 519 528 521
f 529 522 508
f 523 524 529
f 508 523 529
f 521 524 523 505
f 530 506 473
f 507 508 530
f 473 507 530
f 523 508 507
f 470 505 523
f 507 470 523
f 569 531 550
f 550 471 532
f 532 533 569
f 569 550 532
f 506 533 532 473
f 532 471 554
f 554 417 472
f 472 473 532
f 532 554 472
f 507 473 472
f 419 470 507
f 472 419 507
f 472 417 558
f 558 380 418
f 418 419 472
f 472 558 418
f 485 419 418
f 372 416 485
f 418 372 485
f 604 603 399 588
f 601 394 604
f 588 379 601
f 604 588 601
f 589 399 397
f 373 398 589
f 397 373 589
f 585 379 588
f 591 474 585
f 588 591 585
f 588 399 589 591
f 591 589 398 590
f 474 591 590 375
f 563 375 590
f 590 398 568
f 568 421 563
f 563 590 568
f 398 373 566 568
f 568 566 369 567
f 421 568 567 374
f 418 380 562
f 562 423 420
f 420 372 418
f 418 562 420
f 560 475 565
f 562 380 560
f 565 562 560
f 475 375 563 565
f 565 563 421 564
f 562 565 564 423
f 564 421 374
f 422 423 564
f 374 422 564
f 420 423 422 371
f 422 374 427
f 424 371 422
f 427 424 422
f 567 369 425
f 427 374 567
f 425 427 567
f 427 425 20 426
f 424 427 426 370
f 368 382 495 493
f 491 371 424
f 495 382 491
f 424 495 491
f 495 424 370 494
f 493 495 494 28
f 86 30 22
f 21 29 86
f 22 21 86
f 90 31 23
f 22 30 90
f 23 22 90
f 94 32 24
f 23 31 94
f 24 23 94
f 98 33 25
f 24 32 98
f 25 24 98
f 77 25 33
f 34 26 77
f 33 34 77
f 35 27 26 34
f 385 28 428
f 428 27 35
f 35 36 385
f 385 428 35
f 493 28 385
f 386 368 493
f 385 386 493
f 384 386 385 36
f 81 29 82 83
f 134 38 85
f 87 84 134
f 85 87 134
f 85 30 86 87
f 87 86 29 81
f 84 87 81 37
f 39 89 91 88
f 89 31 90 91
f 91 90 30 85
f 88 91 85 38
f 40 93 95 92
f 93 32 94 95
f 95 94 31 89
f 92 95 89 39
f 41 97 99 96
f 97 33 98 99
f 99 98 32 93
f 96 99 93 40
f 97 41 42
f 34 33 97
f 42 34 97
f 43 35 34 42
f 238 44 129
f 132 128 238
f 129 132 238
f 129 102 130 132
f 132 130 103 131
f 234 128 132
f 131 101 234
f 132 131 234
f 102 133 136 130
f 133 38 134 136
f 136 134 84 135
f 130 136 135 103
f 137 103 135
f 135 84 37
f 37 100 137
f 137 135 37
f 131 103 137 138
f 272 104 291
f 291 45 105
f 105 106 272
f 272 291 105
f 105 39 88 106
f 133 102 273
f 273 106 88
f 88 38 133
f 133 273 88
f 303 104 272
f 274 231 303
f 272 274 303
f 272 106 273 274
f 274 273 102 129
f 270 231 274
f 129 44 270
f 274 129 270
f 46 108 109 107
f 108 40 92 109
f 109 92 39 105
f 107 109 105 45
f 96 40 108
f 108 46 47
f 47 41 96
f 96 108 47
f 150 48 42
f 41 47 150
f 42 41 150
f 143 49 43
f 42 48 143
f 43 42 143
f 276 139 277 278
f 278 277 259 263
f 263 259 264 265
f 265 264 229
f 277 139 266
f 268 259 277
f 266 268 277
f 266 237 267 268
f 268 267 239 245
f 264 259 268
f 245 229 264
f 268 245 264
f 267 237 44
f 238 239 267
f 44 238 267
f 246 239 238
f 128 233 246
f 238 128 246
f 253 236 258
f 258 229 245
f 245 247 253
f 253 258 245
f 245 239 246 247
f 254 247 246
f 233 240 254
f 246 233 254
f 236 253 255 244
f 253 247 254 255
f 255 254 240 248
f 252 244 255
f 248 140 252
f 255 248 252
f 248 240 249 251
f 251 249 243 250
f 249 240 233
f 241 243 249
f 233 241 249
f 243 241 235 242
f 241 233 128
f 234 235 241
f 128 234 241
f 235 234 101 225
f 290 45 291 292
f 302 230 292
f 291 104 302
f 292 291 302
f 299 289 300 301
f 301 300 232 286
f 230 302 304 289
f 302 104 303 304
f 304 303 231 269
f 300 289 304
f 269 232 300
f 304 269 300
f 287 232 269
f 271 260 287
f 269 271 287
f 269 231 270 271
f 271 270 44 237
f 266 139 280
f 280 260 271
f 271 237 266
f 266 280 271
f 296 286 297 298
f 297 286 232
f 287 288 297
f 232 287 297
f 294 288 287
f 260 279 294
f 287 260 294
f 285 279 260
f 280 281 285
f 260 280 285
f 148 144 157 159
f 159 157 152 158
f 157 144 48
f 150 152 157
f 48 150 157
f 152 150 47 151
f 147 145 143
f 48 144 147
f 143 48 147
f 146 145 147 149
f 154 149 147
f 144 148 154
f 147 144 154
f 153 149 154 156
f 156 154 148 155
f 141 142 155
f 142 160 153
f 160 161 146
f 161 162 49
f 162 163 43
f 163 164 36
f 164 165 384
f 165 166 386
f 166 167 390
f 168 169 401
f 169 170 377
f 170 171 12
f 171 172 5
f 172 173 58
f 173 174 186
f 174 175 190
f 175 176 189
f 176 177 198
f 177 178 200
f 178 179 203
f 179 180 202
f 180 181 202
f 181 182 205
f 182 183 208
f 183 184 208
f 184 213 211
f 213 214 1
f 214 215 6
f 215 216 13
f 216 217 13
f 217 218 21
f 218 219 21
f 219 220 82
f 220 221 83
f 221 222 37
f 222 223 100
f 223 224 101
f 224 226 225
f 226 227 250
f 227 228 252
f 228 256 244
f 256 257 258
f 257 261 229
f 261 262 263
f 262 275 278
f 275 282 276
f 282 283 281
f 283 284 279
f 284 293 288
f 293 295 298
f 295 305 151
f 305 141 159
f 306 307 444
f 307 308 444
f 308 309 444
f 309 310 444
f 310 311 433
f 311 312 433
f 312 313 433
f 313 314 435
f 314 315 434
f 315 316 447
f 316 317 436
f 317 318 414
f 318 319 452
f 319 320 461
f 320 321 463
f 321 322 467
f 322 323 453
f 323 324 468
f 324 325 415
f 325 326 498
f 326 327 502
f 327 328 469
f 328 329 511
f 329 330 510
f 330 331 520
f 331 332 504
f 332 333 528
f 333 334 528
f 334 335 529
f 335 336 529
f 336 337 522
f 337 338 546
f 338 339 549
f 339 340 549
f 340 341 543
f 341 342 570
f 342 343 570
f 343 344 572
f 344 345 593
f 345 346 571
f 346 347 605
f 347 348 608
f 348 349 606
f 349 350 606
f 350 351 620
f 351 352 621
f 352 353 630
f 353 354 628
f 354 355 628
f 355 356 627
f 356 357 627
f 357 358 638
f 358 359 637
f 359 360 643
f 360 361 642
f 361 362 647
f 362 363 645
f 363 364 645
f 364 365 645
f 365 366 645
f 366 367 644
f 367 306 167
f 212 52 208
f 211 212 184
f 1 211 213
f 209 119 205
f 208 209 205
f 53 208 52
f 188 115 190
f 189 190 175
f 193 189 176
f 192 193 198
f 200 198 177
f 199 200 178
f 203 199 178
f 202 203 179
f 195 202 206
f 205 206 202
f 58 5 172
f 59 58 173
f 186 59 173
f 187 186 174
f 115 187 174
f 7 1 214
f 68 11 12
f 5 68 171
f 13 6 215
f 6 7 214
f 377 401 169
f 401 373 397
f 12 377 170
f 21 13 217
f 387 407 402
f 407 405 167
f 405 392 390
f 390 383 381
f 381 368 166
f 444 409 306
f 446 444 413
f 409 443 404
f 443 408 404
f 436 447 316
f 447 393 434
f 414 451 317
f 451 436 317
f 452 454 318
f 454 414 318
f 389 461 320
f 461 452 319
f 404 402 409
f 433 413 444
f 435 433 313
f 434 435 314
f 511 469 328
f 510 511 329
f 520 510 330
f 519 520 331
f 462 463 321
f 463 389 320
f 453 467 322
f 467 462 321
f 468 477 323
f 477 453 323
f 415 496 324
f 496 468 324
f 497 498 326
f 498 415 325
f 469 502 327
f 502 497 326
f 644 645 366
f 646 644 639
f 645 647 362
f 625 646 639
f 642 625 643
f 647 642 361
f 634 412 644
f 410 634 644
f 635 410 600
f 396 635 600
f 643 637 359
f 412 639 644
f 637 638 358
f 627 631 633
f 638 627 357
f 633 622 627
f 394 600 410
f 622 624 628
f 628 630 353
f 630 618 352
f 618 621 352
f 620 614 609
f 621 620 351
f 609 611 620
f 606 608 348
f 611 606 620
f 608 545 347
f 545 605 347
f 605 571 346
f 571 592 593
f 593 572 344
f 572 575 343
f 575 570 343
f 570 543 341
f 543 547 340
f 547 549 340
f 549 546 338
f 546 531 569
f 528 504 332
f 524 528 529
f 504 519 331
f 522 529 336
f 508 522 530
f 506 530 522
f 569 533 337
f 533 506 522
f 603 604 168
f 399 603 168
f 604 394 410
f 397 399 168
f 29 21 219
f 36 35 163
f 368 386 166
f 386 384 165
f 384 36 164
f 82 29 219
f 83 82 220
f 81 83 37
f 35 43 163
f 101 131 223
f 100 37 222
f 137 100 138
f 131 138 223
f 46 107 290
f 107 45 290
f 47 46 151
f 49 143 161
f 43 49 162
f 139 276 280
f 276 278 275
f 278 263 262
f 263 265 261
f 265 229 261
f 258 236 256
f 229 258 257
f 236 244 256
f 244 252 228
f 140 248 251
f 252 140 227
f 250 243 242
f 251 250 140
f 242 235 226
f 225 101 224
f 235 225 226
f 290 292 299
f 292 230 299
f 289 299 230
f 299 301 296
f 301 286 296
f 298 297 293
f 296 298 295
f 297 288 293
f 288 294 284
f 294 279 284
f 279 285 283
f 281 280 276
f 285 281 283
f 148 159 155
f 158 152 151
f 159 158 305
f 143 145 161
f 145 146 161
f 146 149 153
f 153 156 142
f 156 155 142
f 141 155 159
f 153 160 146
f 166 390 381
f 390 167 405
f 168 401 397
f 12 171 68
f 174 190 115
f 176 198 193
f 202 181 205
f 205 182 208
f 208 184 212
f 83 221 37
f 100 223 138
f 226 250 242
f 250 227 140
f 276 282 281
f 295 151 296
f 151 305 158
f 444 310 433
f 434 315 447
f 528 334 529
f 522 337 533
f 337 546 569
f 593 345 571
f 606 350 620
f 628 355 627
f 643 360 642
f 644 367 410
f 167 306 409
f 402 407 167
f 409 402 167
f 627 622 628
f 168 604 410
f 46 290 151
f 290 299 296
f 296 151 290
f 410 367 168
o shell_144_190edc86-b6f9-43b0-8e00-276eaca1a3ee
v -18.1126817969 0.494679711328 -0.221911550632
v -18.0993028906 1.00747072695 -0.160651785007
v -18.0900157812 1.46011135195 -0.00162053500701
v -18.0881095313 1.86323830508 0.411627511868
v -18.0945372656 2.07175978945 0.968824777493
v -15.6486192969 0.597648461328 -0.768718191257
v -15.6361505469 1.09347658633 -0.695366628757
v -15.6281622656 1.51008205508 -0.558163503757
v -15.6230099219 1.88182228945 -0.335179128757
v -15.6223575781 2.25141799258 0.104676339993
v -15.6283126562 2.46668752383 0.656420480618
v -15.6380333594 2.5660527582 1.24919977749
v -12.9914640234 0.460876976953 -1.13584123813
v -12.9785206641 0.987197289453 -1.07672991001
v -12.9689903906 1.43357814883 -0.964362722507
v -12.9619161719 1.8134043207 -0.798061941257
v -12.957918125 2.15273049258 -0.549401785007
v -12.9582052344 2.50261330508 -0.094040456882
v -12.9640929297 2.72378518008 0.453152902493
v -12.9744298438 2.8233027582 1.04593610562
v -10.3997335547 0.566638695703 -1.21992131626
v -10.3875021094 1.0710293207 -1.14282756626
v -10.3787980078 1.49070314883 -1.00965959751
v -10.3734747656 1.84112893008 -0.819966238132
v -10.37105875 2.1471699457 -0.544981863132
v -10.3726730078 2.46666799258 -0.065624441257
v -10.3791651953 2.67195510195 0.494164621243
v -10.3890157813 2.77321096133 1.08552985562
v -7.75005777344 0.486099633203 -1.15603655063
v -7.74005289062 0.943314476953 -1.04191545688
v -7.73392203125 1.3067480707 -0.864124441257
v -7.73077652344 1.60178322695 -0.630665456882
v -7.73079898438 1.85403908633 -0.313196706882
v -7.73505582031 2.11600393008 0.211779855618
v -7.74298355469 2.28707228945 0.798459543118
v -7.75283511719 2.39766799258 1.38244587124
v -5.10680435547 0.266867211328 -0.982272878757
v -5.09977212891 0.652427758203 -0.812087331882
v -5.09799576172 0.922433617578 -0.560071706882
v -5.09896011719 1.1312636957 -0.258573660007
v -5.10208414063 1.31092971133 0.116342355618
v -5.10898941406 1.51032033633 0.690736886868
v -5.11743814453 1.6730840082 1.28413532437
v -2.63361490234 0.201093773828 -0.455015066257
v -2.63672842773 0.356865258203 -0.112845144382
v -2.64016568359 0.490265648828 0.248373605618
v -2.64474649414 0.628691430078 0.655932199368
v -2.65227164062 0.816376976953 1.23951813687
v -2.6610052832 0.993605492578 1.82156696499
v -18.0937267187 1.25087893008 -0.094665456882
v -19.2876232031 1.2216308832 0.187000558743
v -19.2991466406 0.710628930078 0.074111886868
v -19.2925411719 0.985230492578 0.115447824368
v -18.0876817969 1.69451174258 0.179041574368
v -19.2845567969 1.64733596133 0.582354074368
v -19.2842091406 1.47687697695 0.351148996243
v -18.0903458594 1.98381447695 0.677281808743
v -19.2907228125 1.85921291445 1.13695954312
v -19.2869474219 1.76777736758 0.848168527493
v -15.6251622656 1.7074433832 -0.455813894382
v -16.8558458594 1.6859590082 -0.180263113132
v -16.8627071875 1.28171291445 -0.377544363132
v -16.8586271094 1.4977558832 -0.289948660007
v -15.6216661719 2.08869728945 -0.132671316257
v -16.8546759375 2.06965822695 0.248410714993
v -16.854105625 1.90403322695 0.013357980618
v -15.6247267188 2.3752793207 0.367631418118
v -16.860918125 2.28030861758 0.803844308743
v -16.8570060156 2.1915996332 0.512914621243
v -12.9573185156 2.3450215082 -0.335403738132
v -14.2888839453 2.40760158633 -0.018864675632
v -14.2890421484 2.0481465082 -0.466712331882
v -14.2881192969 2.24720314883 -0.258026785007
v -12.960418125 2.62834572695 0.167541574368
v -14.2946983984 2.6274277582 0.529316964993
v -14.2911173438 2.53321877383 0.242736886868
v -10.371199375 2.32121486758 -0.316614675632
v -11.6637911719 2.52285353945 -0.110071706882
v -11.6630069922 2.18558205508 -0.575360769382
v -11.6626691016 2.36983205508 -0.355050222507
v -6.4275978125 0.397959008203 -1.08603459751
v -7.75677652344 0.221050805078 -1.18225725376
v -6.43386636719 0.140355492578 -1.11842912876
v -5.10247916016 0.477179711328 -0.911194753757
v -6.41939126953 0.818650414453 -0.943466238132
v -7.74452164062 0.726630883203 -1.10847014438
v -6.42285611328 0.621875023828 -1.02565373813
v -5.09842496094 0.797244164453 -0.693839285007
v -6.41546402344 1.14063478945 -0.732679128757
v -7.73659292969 1.13429885195 -0.960347097507
v -6.4170196875 0.989035180078 -0.845497488132
v -5.09821109375 1.03329103945 -0.414358816257
v -6.41428921875 1.39597853945 -0.467913503757
v -7.73197085938 1.46266018008 -0.754013113132
v -6.41457535156 1.27614455508 -0.606448660007
v -5.10029947266 1.2267168207 -0.075622488132
v -6.41551480469 1.6116777582 -0.121520925632
v -7.73036441406 1.73678127383 -0.478960378757
v -6.41460074219 1.51156643008 -0.300880300632
v -3.87029751953 0.100218773828 -0.850694753757
v -2.63378458008 0.0771445550781 -0.594548269382
v -3.86425894531 0.452996117578 -0.654327566257
v -3.86629996094 0.299716820703 -0.770745535007
v -2.63492569336 0.286798851953 -0.290143972507
v -3.86443472656 0.666242211328 -0.357476003757
v -3.86387808594 0.569556664453 -0.513770925632
v -2.63843936523 0.424466820703 0.067092355618
v -3.86704751953 0.830935570703 -0.021059988132
v -3.86549820312 0.752654320703 -0.192429128757
v -18.0876134375 1.78590627383 0.289783761868
v -18.6863478125 1.7567402582 0.495838449368
v -19.2840196875 1.5704277582 0.460174386868
v -18.6859689063 1.58693752383 0.264109933743
v -18.6858439062 1.67949416445 0.373926339993
v -19.8828360938 1.53597268008 0.670422433743
v -19.8825411719 1.3647480707 0.439824777493
v -19.8822853125 1.45935549258 0.548012277493
v -19.2853595313 1.36167971133 0.259244699368
v -19.8865470313 1.09760158633 0.285094308743
v -19.8839044531 1.24551955508 0.351111886868
v -18.0884435156 1.58651174258 0.081430246243
v -18.6887735937 1.34271877383 0.091231027493
v -18.6869005469 1.47548439883 0.169238839993
v -16.8546564063 1.8020918207 -0.089069753757
v -17.4708146094 1.80175393008 0.094236886868
v -17.4728048438 1.57617189883 -0.093421316257
v -17.4714552344 1.6969746332 -0.00593498813201
v -2.63344522461 0.144974633203 -0.529505300632
v -3.24812662109 0.334259789453 -0.560380300632
v -3.8650275 0.381505883203 -0.716706472507
v -3.24946890625 0.194349633203 -0.687335378757
v -3.24853287109 0.269957055078 -0.628423269382
v -4.48162320313 0.558611351953 -0.737884206882
v -5.10093423828 0.568652367578 -0.864778738132
v -4.48406363281 0.393806664453 -0.845218191257
v -4.48261929687 0.480707055078 -0.795206472507
v -3.86810123047 0.206189476953 -0.815413503757
v -3.25095669922 0.105755883203 -0.735934988132
v -2.02034048828 0.0539179925781 -0.338585378757
v -2.019074375 0.00672463320306 -0.420106863132
v -0.210756748047 0.0990039300781 1.88425837124
v -0.344930576172 0.150000023828 1.88140485562
v -2.65596109375 0.905527367578 1.53008844937
v -1.43172891602 0.451675805078 1.52794977749
v -1.43577994141 0.543386742578 1.81651032437
v -0.822956699219 0.358845726953 1.96247712124
v -1.43373550781 0.497767601953 1.67203962124
v -0.821432773437 0.266164086328 1.67466071499
v -0.822574619141 0.312744164453 1.81837360562
v -2.64847598633 0.723285180078 0.947170480618
v -1.424824375 0.260814476953 0.946883371243
v -1.42783169922 0.356423851953 1.23729157437
v -0.516461826172 0.219478539453 1.89213532437
v -0.822101962891 0.289568383203 1.74642633999
v -0.516196445312 0.172671898828 1.74859626187
v -0.516518588867 0.196199242578 1.82026618374
v -1.42971426758 0.404246117578 1.38246930874
v -0.817381015625 0.169669945703 1.38497907437
v -0.819600498047 0.218140648828 1.52964313687
v -0.209101230469 0.151693383203 2.04570368374
v -1.83659952148 0.741951195703 1.97626423062
v -3.52801089844 1.32024611758 1.91068219937
v -5.22769351562 1.8415371332 1.85156110562
v -6.93727847656 2.2805996332 1.79924079312
v -8.65714664062 2.6122715082 1.75283844937
v -10.0396866797 2.78665822695 1.71941657437
v -11.426730625 2.87012697695 1.68956891812
v -12.8160323828 2.86306447695 1.66335016812
v -14.2064474219 2.77116408633 1.64099665249
v -15.9437833594 2.5575918207 1.61918610562
v -17.6800177344 2.2717793207 1.60367243374
v -19.3211954688 1.9596074457 1.59490876187
v -19.9001153906 1.7072949457 1.08423298062
v -20.1131739844 1.56702541445 0.855094308743
v -20.241886875 1.45355861758 0.696897043118
v -20.3180841406 1.36425978945 0.595094308743
v -20.361480625 1.29597658633 0.533068918118
v -20.3885411719 1.24161721133 0.492902902493
v -20.4153771094 1.17237502383 0.452043527493
v -20.4369044531 1.09763283633 0.418690011868
v -20.4558048437 1.00750002383 0.389070871243
v -20.475918125 0.862003930078 0.357119699368
v -20.49449625 0.582035180078 0.327074777493
v -20.4989786719 5.66644530554e-05 0.319641183743
v -19.285574375 1.7117324457 0.711963449368
v -19.8852560156 1.65725197695 0.935588449368
v -19.8838849219 1.60031643008 0.800078683743
v -19.882293125 1.41471486758 0.491813058743
v -20.1815157812 1.40323635195 0.592393136868
v -20.1818067969 1.30798049258 0.484719308743
v -20.1815392188 1.3584043207 0.536346261868
v -20.1816388281 1.3339511957 0.509934152493
v -20.331199375 1.3301074457 0.558723214993
v -20.3314767188 1.2794355707 0.507297433743
v -19.8830665625 1.30862502383 0.392707589993
v -20.1832501563 1.1866308832 0.397686105618
v -20.1823653906 1.25103322695 0.438256418118
v -20.1820470313 1.2803808832 0.460797433743
v -20.3320470312 1.22205666445 0.461172433743
v -20.3317228125 1.25164455508 0.483522043118
v -19.8850724219 1.17503127383 0.315357980618
v -20.1860372656 1.03468752383 0.334852121243
v -20.1844825781 1.11433596133 0.363359933743
v -19.2898478125 1.10868947695 0.147065011868
v -19.8921153906 0.846054711328 0.225522043118
v -19.8890958594 0.977445336328 0.250863839993
v -19.2956583594 0.852214867578 0.091391183743
v -19.8992345312 0.555689476953 0.196647043118
v -19.8955235937 0.704957055078 0.207854074368
v -18.1056954687 0.761312523828 -0.199356863132
v -19.3125626563 0.148382836328 0.051943918118
v -19.3059474219 0.437361351953 0.056820871243
v -18.642168125 9.78945305542e-06 -0.108481863132
v -16.872465 5.27582030554e-05 -0.536645925632
v -15.4499552344 5.88320305542e-06 -0.830981863132
v -13.6618360938 5.88320305542e-06 -1.08632951938
v -11.8672794531 1.97695305542e-06 -1.21485686313
v -10.4307775 -3.88242194458e-06 -1.24389787876
v -8.99599625 -7.78867194458e-06 -1.22688225376
v -7.5623009375 2.34613280554e-05 -1.17872014438
v -6.13003628906 -1.92929694458e-06 -1.10294670688
v -4.34458804687 0.00104494570306 -0.935606863132
v -2.70494961914 -1.92929694458e-06 -0.663720144382
v -2.62639322266 -1.92929694458e-06 -0.644296316257
v -2.3270340918 0.0142363519531 -0.544749441257
v -2.21186905273 0.000402367578055 -0.515239675632
v -2.00582608398 0.00140041445306 -0.420934988132
v -1.98908169922 0.00155275820306 -0.411694753757
v -2.01966128906 0.0315644769531 -0.380347097507
v -2.02353238281 0.124242211328 -0.161595144382
v -2.63414908203 0.247099633203 -0.375108816257
v -2.02186441406 0.0918008050781 -0.252276785007
v -2.32716617187 0.0775703363281 -0.476163503757
v -2.63354336914 0.112683617578 -0.563337331882
v -2.32703165039 0.0475293207031 -0.511767019382
v -2.01935513672 0.0194785394531 -0.400495535007
v -2.32777774414 0.129273461328 -0.398194753757
v -2.63347452148 0.174335961328 -0.493309988132
v -2.32742056641 0.104705101953 -0.438212331882
v -2.17343204102 0.0425761957031 -0.448472097507
v -2.32708291992 0.0629355707031 -0.494274831882
v -2.17314322266 0.0137011957031 -0.484997488132
v -2.17327212891 0.0285215082031 -0.467042410007
v -2.01921158203 0.0131875238281 -0.410370535007
v -2.17383658203 0.0685664300781 -0.409620535007
v -2.32727945312 0.0914804925781 -0.457462331882
v -2.17362100586 0.0559101800781 -0.429317800632
v -2.09634195312 0.0247558832031 -0.434372488132
v -2.17334830078 0.0356406488281 -0.457831472507
v -2.09613760742 0.0109961175781 -0.453175222507
v -2.09623599609 0.0179687738281 -0.443849050632
v -2.01914224609 0.00997853945306 -0.415255300632
v -2.096574375 0.0378008050781 -0.414991628757
v -2.17352310547 0.0493301019531 -0.438966238132
v -2.09645474609 0.0313652582031 -0.424751394382
v -1.97930655273 0.00228322695306 -0.405165456882
v -1.95156509766 0.00493361757806 -0.384845144382
v -2.0195052832 0.0256015863281 -0.390487722507
v -2.01999063477 0.0430293207031 -0.359698660007
v -2.02107583984 0.0737070550781 -0.296112722507
v -1.9260262793 0.00758400820306 -0.364462331882
v -1.90230191406 0.0101660394531 -0.344001394382
v -1.94268130859 0.0239297113281 -0.344591238132
v -2.0198231543 0.0373730707031 -0.370083425632
v -1.94248819336 0.0184101800781 -0.355085378757
v -2.1743387793 0.0920273675781 -0.368729910007
v -2.32758755859 0.117289086328 -0.418444753757
v -2.17407657227 0.0805918207031 -0.389411550632
v -2.3287059668 0.171193383203 -0.315067800632
v -2.63384415039 0.225035180078 -0.415815847507
v -2.32820914062 0.151134789453 -0.357354910007
v -3.24845035156 0.435611351953 -0.407837331882
v -3.86391080078 0.514562523828 -0.586681081882
v -3.24813833984 0.388271508203 -0.486780691257
v -1.87999942383 0.0126093988281 -0.323452566257
v -1.9430821875 0.0345468988281 -0.323263113132
v -2.02016299805 0.0485429925781 -0.349196706882
v -1.94287930664 0.0293066644531 -0.333981863132
v -1.86656387695 0.0337383050781 -0.264503347507
v -2.02070035156 0.0640468988281 -0.317536550632
v -1.86608731445 0.0245781488281 -0.286321706882
v -1.85872891602 0.0148359613281 -0.302804128757
v -1.8381747168 0.0168222894531 -0.281976003757
v -1.8181278418 0.0186093988281 -0.260788503757
v -1.86632388672 0.0292109613281 -0.275454519382
v -1.86755044922 0.0508769769531 -0.219915456882
v -2.02146451172 0.0829453363281 -0.274349050632
v -1.86705240234 0.0424902582031 -0.242356863132
v -2.02268912109 0.108533226953 -0.207347097507
v -2.02675186523 0.183476586328 0.024250558743
v -2.635824375 0.322601586328 -0.202085378757
v -2.02520621094 0.153929711328 -0.068714285007
v -1.79839200195 0.0202285394531 -0.239052175632
v -1.86680679687 0.0381621332031 -0.253468191257
v -1.77877017578 0.0216953363281 -0.216581472507
v -1.79010586914 0.0301211175781 -0.203503347507
v -1.86730044922 0.0467265863281 -0.231169363132
v -1.78982730469 0.0260840082031 -0.214849050632
v -1.86856607422 0.0667246332031 -0.174286550632
v -2.02227334961 0.100316430078 -0.229931081882
v -1.86805582031 0.0589394769531 -0.197214285007
v -2.32983121094 0.207187523828 -0.227184988132
v -2.63451456055 0.267585961328 -0.333136160007
v -2.32925210937 0.189769555078 -0.271591238132
v -0.600077670898 0.0779883050781 1.36319587124
v -11.8967364844 2.87743166445 1.67442243374
v -11.8926446875 2.87741018008 1.67428766812
v -11.88859 2.8773886957 1.67373298062
v -11.8846007422 2.8773652582 1.67276618374
v -11.8807325781 2.87733986758 1.67139118374
v -11.8770157812 2.87731447695 1.66962751187
v -11.8735021094 2.8772871332 1.66748883999
v -11.8702237891 2.87725783633 1.66499860562
v -11.8672140234 2.87722658633 1.66218024624
v -11.8645108984 2.8771933832 1.65907087124
v -11.8621446875 2.87715822695 1.65569782437
v -11.860136875 2.87712111758 1.65210407437
v -11.8585128516 2.87708205508 1.64832477749
v -11.8572853125 2.87704103945 1.64440876187
v -11.8564679297 2.8769980707 1.64038923062
v -11.8560646094 2.87695510195 1.63632282437
v -11.8560812109 2.87691018008 1.63223883999
v -11.8564952734 2.87686721133 1.62828180874
v -11.8573028906 2.87682424258 1.62438727749
v -11.8584864844 2.87678322695 1.62060016812
v -11.8600421484 2.87674221133 1.61694977749
v -11.8619483984 2.87670705508 1.61347516812
v -11.8641905859 2.87667189883 1.61020563687
v -11.8667423437 2.87664260195 1.60717633999
v -11.8695870703 2.87661721133 1.60440876187
v -11.8726905859 2.87659572695 1.60193610562
v -11.8760245703 2.87658205508 1.59978571499
v -11.8795626563 2.87657228945 1.59797126187
v -11.8832648047 2.87657033633 1.59651813687
v -11.8871017187 2.87657424258 1.59543610562
v -11.8910284766 2.8765840082 1.59474274624
v -11.8950108984 2.87660158633 1.59444196499
v -12.0193566016 2.8768965082 1.59242633999
v -12.0233927344 2.8769043207 1.59297321499
v -12.0273517187 2.87691799258 1.59393024624
v -12.0312062109 2.87693947695 1.59528766812
v -12.0349083594 2.87696486758 1.59703376187
v -12.0384103125 2.87699611758 1.59915094937
v -12.0416847266 2.87703127383 1.60161969937
v -12.0446876562 2.87707033633 1.60440876187
v -12.0473927344 2.87711135195 1.60749079312
v -12.0497657813 2.87715627383 1.61083649624
v -12.0517843359 2.8772011957 1.61440290249
v -12.0534249609 2.87724611758 1.61815876187
v -12.0546720312 2.87729299258 1.62205524624
v -12.0555138281 2.87733596133 1.62605133999
v -12.0559444922 2.87737893008 1.63010016812
v -12.0559581641 2.8774199457 1.63417048062
v -12.0555694922 2.87745705508 1.63815290249
v -12.0547882422 2.87749221133 1.64206501187
v -12.05362125 2.87752346133 1.64588141812
v -12.052074375 2.8775527582 1.64957087124
v -12.0501778906 2.8775761957 1.65307087124
v -12.0479405859 2.8775996332 1.65636774624
v -12.0453898047 2.87761721133 1.65942438687
v -12.0425450781 2.87763283633 1.66220954312
v -12.0394366797 2.8776465082 1.66470368374
v -12.0360939063 2.87765822695 1.66687360562
v -12.0325441016 2.87766799258 1.66870563687
v -12.0288282813 2.87767385195 1.67017438687
v -12.0249747656 2.87767971133 1.67126813687
v -12.0210314062 2.8776855707 1.67196735562
v -10.3952296484 2.80206447695 1.40301032437
v -12.9804005469 2.8475449457 1.36689899624
v -11.6798790625 2.8400449457 1.03270563687
v -11.6859786719 2.86543752383 1.35300641812
v -11.6893419531 2.87251564883 1.51740290249
v -12.9836886328 2.85400197695 1.53203376187
v -12.3327511328 2.86633596133 1.35218610562
v -12.3360753516 2.87284572695 1.51708063687
v -14.3047599219 2.72614846133 1.12268805874
v -14.3112950781 2.7512793207 1.44285798062
v -11.6911183203 2.8746074457 1.60067048062
v -12.3378585547 2.87460549258 1.60069001187
v -12.0125978125 2.87511916445 1.51530524624
v -10.3985528906 2.81173439883 1.56554352749
v -11.0401251562 2.84420314883 1.36981501187
v -11.0434972266 2.8523418207 1.53343219937
v -7.75811734375 2.44208986758 1.68770758999
v -9.06938101562 2.6200371332 1.20661969937
v -9.07523453125 2.65520705508 1.51874665249
v -11.6920382422 2.87524611758 1.64279743374
v -11.8527228125 2.87641018008 1.59923102749
v -11.8536466406 2.87698830508 1.64141266812
v -11.0452452734 2.85508010195 1.61623493374
v -11.3663077734 2.8649511957 1.52342633999
v -11.3680724219 2.86732814883 1.60647712124
v -11.8541222266 2.87714260195 1.66280133999
v -12.3387862891 2.87507228945 1.64300837124
v -12.1760929297 2.87639846133 1.59924860562
v -12.1770216406 2.87689064883 1.64152594937
v -12.985449375 2.85578518008 1.61585212124
v -12.6597735937 2.86577736758 1.52267438687
v -12.6615489844 2.86750393008 1.60640485562
v -13.6454571875 2.8085215082 1.39762946499
v -13.6487442969 2.81548830508 1.56276423062
v -11.6925128516 2.87543166445 1.66415680874
v -11.7728360937 2.87626760195 1.64198493374
v -11.7733107031 2.8764355707 1.66335798062
v -11.3689825781 2.8681230707 1.64848493374
v -11.5295675391 2.8715840082 1.60308454312
v -11.5304835547 2.8722949457 1.64515290249
v -11.813715 2.8768261957 1.66304938687
v -11.8139562109 2.87686916445 1.67384235562
v -12.1774972266 2.87700197695 1.66296344937
v -12.0961583594 2.8773574457 1.64113923062
v -12.0966339453 2.87747853945 1.66256501187
v -11.8542423438 2.87716603945 1.66819001187
v -11.8538829687 2.87707814883 1.65207477749
v -11.8531808203 2.8767402582 1.62024274624
v -11.6902208594 2.87368361758 1.55894587124
v -12.0134796484 2.87618752383 1.55693610562
v -11.8509415625 2.87443361758 1.51586579312
v -11.8518233984 2.8755449457 1.55745563687
v -11.6876300391 2.86945510195 1.43485016812
v -12.3343771094 2.8700840082 1.43425251187
v -12.0092530859 2.8683886957 1.35062555874
v -12.0108917578 2.87224221133 1.43259821499
v -11.6828370703 2.85458205508 1.19144196499
v -12.9773448828 2.83729103945 1.20492633999
v -12.3267667578 2.84177736758 1.03133844937
v -12.3296769141 2.8559433832 1.19029938687
v -10.3836583594 2.7314277582 0.782879464993
v -12.9688917578 2.78411135195 0.741277902493
v -11.66993375 2.73981643008 0.440508371243
v -11.6745030859 2.80008205508 0.728561105618
v -11.8541817969 2.8771543207 1.66549274624
v -11.8643448828 2.8772324457 1.66813727749
v -11.8642247656 2.8772090082 1.66274860562
v -11.8642843359 2.87722268008 1.66544001187
v -11.8540021094 2.87711330508 1.65743024624
v -11.7730724219 2.87636330508 1.65263923062
v -11.8132394141 2.87666408633 1.64166852749
v -11.8134757422 2.87675783633 1.65232673062
v -11.691574375 2.8749668207 1.62165485562
v -11.7719132422 2.87566018008 1.59983063687
v -11.77237125 2.87600393008 1.62082868374
v -11.8138351172 2.87685158633 1.66843610562
v -11.8341593359 2.87703518008 1.67371149624
v -11.833918125 2.87699416445 1.66291852749
v -11.8340382422 2.87701760195 1.66830524624
v -11.8540616797 2.87712893008 1.66011383999
v -11.8135948828 2.8767949457 1.65768024624
v -11.8336788672 2.8769277582 1.65219391812
v -11.8337980078 2.87696291445 1.65754743374
v -11.8539425391 2.87709572695 1.65475055874
v -11.8537648047 2.87703518008 1.64673688687
v -11.8534132422 2.87687502383 1.63080329312
v -11.8538233984 2.87705666445 1.64940485562
v -11.8133575781 2.87671486758 1.64699079312
v -11.8334425391 2.87683596133 1.64153180874
v -11.8335607031 2.87688478945 1.64685602749
v -11.7726026953 2.8761465082 1.63138337124
v -11.8127745703 2.87641018008 1.62050641812
v -11.8130060156 2.87654885195 1.63106305874
v -11.8537052344 2.87701174258 1.64407282437
v -11.8535294531 2.87693361758 1.63610212124
v -11.8535880469 2.87696096133 1.63875641812
v -11.8131222266 2.87660939883 1.63635993374
v -11.8332091406 2.87672072695 1.63092633999
v -11.8333253516 2.87678127383 1.63622321499
v -11.8534708594 2.8769043207 1.63345173062
v -11.8532970312 2.8768105707 1.62551813687
v -11.8529503516 2.8765840082 1.60972126187
v -11.8522706641 2.87600978945 1.57831891812
v -12.0139278906 2.87662697695 1.57782282437
v -11.9326446875 2.87601760195 1.55707477749
v -11.9330919531 2.87646877383 1.57794977749
v -12.3369562109 2.87385158633 1.55878571499
v -12.1743097266 2.87458596133 1.51571344937
v -12.1751905859 2.87561916445 1.55738337124
v -11.8533546484 2.87684377383 1.62816071499
v -11.8128898047 2.8764824457 1.62577985562
v -11.8329767188 2.8765840082 1.62036774624
v -11.8330929297 2.8766543207 1.62564118374
v -11.7721417578 2.8758418207 1.61031305874
v -11.8123165625 2.87607228945 1.59950055874
v -11.8125441016 2.87625197695 1.60998688687
v -11.6906671484 2.87417580508 1.57978180874
v -11.7710148047 2.87476760195 1.55807868374
v -11.7714620703 2.87524611758 1.57892829312
v -11.3671827734 2.86625783633 1.56486383999
v -11.5277970312 2.86935939883 1.51992048062
v -11.5286749609 2.8705918207 1.56141266812
v -11.0417901953 2.84871486758 1.45129352749
v -11.36293375 2.85740236758 1.35938337124
v -11.3645948828 2.86164064883 1.44106305874
v -10.3920392187 2.7892402582 1.24300446499
v -11.0339151953 2.8173965082 1.05060407437
v -11.0369259375 2.83254299258 1.20886188687
v -11.8532384375 2.87677541445 1.62287946499
v -11.8530655859 2.87666408633 1.61497712124
v -11.8531232031 2.87670314883 1.61760993374
v -11.8126593359 2.87633205508 1.61524274624
v -11.8327472266 2.8764277582 1.60984626187
v -11.8328614844 2.87650783633 1.61510212124
v -11.8530079688 2.87662502383 1.61234821499
v -11.8528360937 2.87650002383 1.60447321499
v -11.8729269141 2.87655080508 1.59911969937
v -11.85249625 2.87621877383 1.58876618374
v -11.9333175391 2.87667189883 1.58840485562
v -11.8926798438 2.87627736758 1.57810407437
v -11.8929054297 2.8764824457 1.58855524624
v -11.8528937109 2.87654299258 1.60709626187
v -11.8629386328 2.87657228945 1.60441657437
v -11.8629952734 2.8766152582 1.60703962124
v -11.8124298437 2.87616408633 1.60474079312
v -11.8325187109 2.87625197695 1.59935798062
v -11.8326329687 2.8763418207 1.60460016812
v -11.7716876563 2.87546096133 1.58937165249
v -11.8118644141 2.87566603945 1.57859235562
v -11.81209 2.87587697695 1.58903766812
v -11.8527794531 2.87645510195 1.60185212124
v -11.862824375 2.8764824457 1.59917438687
v -11.8628819922 2.87652736758 1.60179352749
v -11.8526085547 2.87631643008 1.59399665249
v -11.8930187109 2.87658010195 1.59378766812
v -11.8727003516 2.87635939883 1.58865290249
v -11.8728136328 2.87645705508 1.59388337124
v -12.1765538672 2.8766855707 1.62030719937
v -12.095230625 2.8768496332 1.59888532437
v -12.0956905859 2.87714455508 1.61993219937
v -11.8728702734 2.87650393008 1.59650251187
v -11.8829161719 2.87651955508 1.59383454312
v -11.9131114844 2.87658596133 1.58847126187
v -12.0141534766 2.87682424258 1.58828180874
v -11.9735079688 2.87658596133 1.57785602749
v -11.9737335547 2.87678518008 1.58831305874
v -12.1756388281 2.87604103945 1.57828766812
v -12.0943282813 2.8760527582 1.55703962124
v -12.0947765234 2.87648439883 1.57793610562
v -12.0548038672 2.87696486758 1.59879157437
v -12.0950030859 2.87667580508 1.58840094937
v -12.0543507422 2.87659377383 1.57784821499
v -12.0545763281 2.8767871332 1.58831305874
v -12.0546896094 2.87687697695 1.59354938687
v -12.0343644141 2.87681447695 1.58828962124
v -12.0344776953 2.87690627383 1.59352594937
v -12.0954591406 2.87700783633 1.60939313687
v -12.0550333594 2.8771230707 1.60929743374
v -12.0142101172 2.87687111758 1.59090094937
v -12.0344210547 2.87686135195 1.59090680874
v -12.0242589453 2.87682228945 1.58828376187
v -12.0243155859 2.87686721133 1.59090290249
v -12.0140401953 2.87672658633 1.58305133999
v -12.0544630469 2.87669143008 1.58307868374
v -12.0341388281 2.87661916445 1.57782868374
v -12.0342511328 2.87671877383 1.58305719937
v -12.0137032813 2.87641408633 1.56737360562
v -12.0945519141 2.87627541445 1.56748102749
v -12.0539025 2.87615822695 1.55695758999
v -12.0541251563 2.87638283633 1.56739704312
v -12.0130362891 2.87568361758 1.53609821499
v -12.1747472266 2.87513478945 1.53652399624
v -12.0934464453 2.87500393008 1.51538923062
v -12.0938849219 2.8755605707 1.53619001187
v -12.0117355078 2.87380471133 1.47385993374
v -12.3352169531 2.87158791445 1.47557087124
v -12.1726066016 2.87177736758 1.43294001187
v -12.1734483984 2.87330471133 1.47423298062
v -12.9820099219 2.85125197695 1.44905915249
v -12.6564689062 2.85936135195 1.35762946499
v -12.6580841406 2.8630605707 1.43975641812
v -11.9939435156 2.87681447695 1.58828962124
v -12.0345353125 2.87694924258 1.59614704312
v -12.054918125 2.87704689883 1.60404157437
v -12.0446974219 2.87698049258 1.59877790249
v -12.0547472266 2.87692189883 1.59617048062
v -12.0445841406 2.87689455508 1.59353571499
v -12.0446407813 2.87693752383 1.59615680874
v -12.0750167578 2.87691603945 1.59883063687
v -12.0951163672 2.87676564883 1.59364118374
v -12.0747892188 2.8767402582 1.58835016812
v -12.0749025 2.87683010195 1.59358844937
v -12.1356603125 2.8766621332 1.59903571499
v -12.1758653906 2.87622853945 1.58876032437
v -12.1352062109 2.87629885195 1.57808258999
v -12.1354327734 2.87648830508 1.58855133999
v -12.2569689063 2.87565041445 1.59985016812
v -12.3374044531 2.87426174258 1.57970954312
v -12.2560665625 2.87488478945 1.55796540249
v -12.2565148047 2.87529885195 1.57887946499
v -12.4996769141 2.8716386957 1.60307868374
v -12.6606495703 2.86676564883 1.56443610562
v -12.4978966406 2.86990627383 1.51940485562
v -12.4987755469 2.87089846133 1.56113923062
v -12.0548614844 2.8770058832 1.60141657437
v -12.0447550391 2.87702346133 1.60140290249
v -12.07524625 2.87707424258 1.60933649624
v -12.0953448828 2.87693166445 1.60413532437
v -12.0751310156 2.8769980707 1.60408063687
v -12.1361202734 2.8769511957 1.62009040249
v -12.1763224219 2.87655080508 1.60976227749
v -12.1358888281 2.87681643008 1.60954743374
v -12.2578976172 2.87612697695 1.64214899624
v -12.3383194922 2.8748808832 1.62177008999
v -12.2574298437 2.87592971133 1.62092048062
v -12.6624718359 2.86796096133 1.64879548062
v -12.5006036719 2.87209377383 1.64543415249
v -12.0549757422 2.87708596133 1.60666852749
v -12.0551485937 2.87719728945 1.61456110562
v -12.0959230078 2.87726174258 1.63051227749
v -12.0550909766 2.87716018008 1.61192829312
v -12.0754767188 2.87721291445 1.61987555874
v -12.095574375 2.87707814883 1.61465876187
v -12.0753614844 2.8771465082 1.61460212124
v -12.0757091406 2.87733205508 1.63045368374
v -12.0958067969 2.87720705508 1.62521735562
v -12.0755929297 2.87727541445 1.62515876187
v -12.1365880469 2.87716018008 1.64130329312
v -12.1767862891 2.87679885195 1.63089313687
v -12.1363526953 2.87706643008 1.63067243374
v -12.0656026953 2.87736135195 1.63043024624
v -12.0756515234 2.87730471133 1.62780524624
v -12.0654864844 2.8773027582 1.62513727749
v -12.0655441016 2.87733205508 1.62778180874
v -12.0759444922 2.87742971133 1.64108063687
v -12.0960401953 2.87731252383 1.63581891812
v -12.0758263281 2.87738283633 1.63576032437
v -12.0562071875 2.8776074457 1.66245563687
v -12.0963946875 2.87743166445 1.65182087124
v -12.0559679297 2.87755666445 1.65171344937
v -12.0657198828 2.8774121332 1.63573688687
v -12.0757677344 2.87735939883 1.63310602749
v -12.0656612891 2.87738674258 1.63308258999
v -12.0761808203 2.87750393008 1.65176032437
v -12.0962765234 2.87739846133 1.64647321499
v -12.0760626563 2.87746877383 1.64641266812
v -12.1370636328 2.87727736758 1.66273493374
v -12.1772579688 2.8769590082 1.65221344937
v -12.1368253516 2.87723049258 1.65198688687
v -12.0560870703 2.87758596133 1.65707673062
v -12.0560275 2.87757228945 1.65439313687
v -12.0764200781 2.8775527582 1.66250251187
v -12.0965138281 2.8774590082 1.65718415249
v -12.0762999609 2.87753127383 1.65712360562
v -12.0461007422 2.87762893008 1.66243805874
v -12.0561476172 2.87759768008 1.65976423062
v -12.0563282812 2.8776230707 1.66785212124
v -12.0462218359 2.87764455508 1.66783258999
v -12.0562677344 2.87761721133 1.66515094937
v -12.0461612891 2.87763674258 1.66513337124
f 649 857 859 699
f 857 648 858 859
f 769 851 698
f 851 697 700
f 697 769 650
f 769 697 851
f 698 851 853 766
f 851 700 852 853
f 700 854 856 852
f 854 699 855 856
f 854 649 699
f 697 854 700
f 649 854 697
f 651 757 761 758
f 758 761 759 702
f 761 760 703 759
f 757 701 760 761
f 702 759 764 762
f 764 835 838 836
f 839 840 838
f 841 839 837
f 839 763 837
f 835 839 838
f 763 839 835
f 835 703 763
f 759 835 764
f 703 835 759
f 842 765 767
f 703 842 763
f 765 842 703
f 845 842 844
f 763 845 837
f 842 845 763
f 837 845 847 841
f 845 844 846 847
f 842 767 843 844
f 767 848 850 843
f 848 766 849 850
f 848 698 766
f 765 848 767
f 698 848 765
f 701 768 770 760
f 760 770 765 703
f 770 769 698 765
f 768 650 769 770
f 652 704 706 705
f 706 832 834 833
f 832 702 762 834
f 832 758 702
f 758 704 651
f 704 832 706
f 832 704 758
f 709 857 649
f 857 654 648
f 654 709 655
f 709 654 857
f 656 707 710 708
f 773 697 650
f 710 773 708
f 697 773 710
f 710 709 649 697
f 707 655 709 710
f 657 711 713 712
f 757 772 701
f 772 712 713
f 712 757 651
f 757 712 772
f 713 771 774 772
f 772 774 768 701
f 774 773 650 768
f 771 708 773 774
f 771 656 708
f 711 771 713
f 656 771 711
f 658 714 716 715
f 715 716 704 652
f 716 712 651 704
f 714 657 712 716
f 660 653 661
f 662 661 653 654
f 663 662 654 655
f 719 707 656
f 707 663 655
f 663 719 664
f 719 663 707
f 665 717 720 718
f 718 720 711 657
f 720 719 656 711
f 717 664 719 720
f 666 721 723 722
f 722 723 714 658
f 723 718 657 714
f 721 665 718 723
f 1023 1076 722
f 722 1076 666
f 1076 1023 667
f 1023 722 658 659
f 1024 1048 1047
f 1213 1048 1020
f 1047 1213 1016
f 1048 1213 1047
f 659 1024 1023
f 1072 1047 1016
f 1047 1023 1024
f 1023 1072 667
f 1072 1023 1047
f 669 668 660 661
f 670 669 661 662
f 671 670 662 663
f 726 663 664
f 671 726 672
f 663 726 671
f 673 724 727 725
f 725 727 717 665
f 727 726 664 717
f 724 672 726 727
f 725 721 1077
f 1077 721 666
f 721 725 665
f 725 1077 674 673
f 1141 1078 1017
f 1075 1141 675
f 1078 1141 1075
f 1073 1076 667
f 1078 1073 1017
f 1076 1073 1078
f 1078 1077 666 1076
f 1075 674 1077 1078
f 1087 1053 1025
f 1054 1087 1034
f 1053 1087 1054
f 1052 1039 1053 1054
f 1039 1134 1136 1053
f 1131 1136 1063
f 1053 1131 1025
f 1136 1131 1053
f 1136 1135 1019 1063
f 1134 1038 1135 1136
f 1134 1030 1038
f 1037 1134 1039
f 1030 1134 1037
f 1030 1137 1139 1038
f 1135 1067 1019
f 1139 1135 1038
f 1067 1135 1139
f 1139 1138 1018 1067
f 1137 1029 1138 1139
f 1137 1015 1029
f 1028 1137 1030
f 1015 1137 1028
f 1056 1090 1093 1091
f 1079 1092 1040
f 1093 1079 1060
f 1092 1079 1093
f 1090 1055 1092 1093
f 1095 1084 1086
f 1051 1095 1055
f 1084 1095 1051
f 1055 1095 1097 1092
f 1094 1097 1083
f 1092 1094 1040
f 1097 1094 1092
f 1098 1096 1061
f 1097 1098 1083
f 1096 1098 1097
f 1095 1086 1096 1097
f 1086 1102 1104 1096
f 1101 1104 1099
f 1096 1101 1061
f 1104 1101 1096
f 1108 1103 1036
f 1104 1108 1099
f 1103 1108 1104
f 1102 1085 1103 1104
f 1102 1050 1085
f 1084 1102 1086
f 1050 1102 1084
f 1084 1034 1050
f 1049 1084 1051
f 1034 1084 1049
f 1060 1079 1082 1080
f 1079 1040 1081 1082
f 1158 1116 1156
f 1156 1150 1157 1158
f 1150 1165 1167 1157
f 1165 1035 1166 1167
f 1105 1087 1089
f 1034 1105 1050
f 1087 1105 1034
f 1111 1105 1107
f 1050 1111 1085
f 1105 1111 1050
f 1085 1111 1113 1103
f 1110 1113 1109
f 1103 1110 1036
f 1113 1110 1103
f 1114 1112 1100
f 1113 1114 1109
f 1112 1114 1113
f 1111 1107 1112 1113
f 1107 1125 1127 1112
f 1124 1127 1115
f 1112 1124 1100
f 1127 1124 1112
f 1143 1126 1062
f 1127 1143 1115
f 1126 1143 1127
f 1125 1106 1126 1127
f 1125 1089 1106
f 1105 1125 1107
f 1089 1125 1105
f 1146 1128 1130
f 1089 1146 1106
f 1128 1146 1089
f 1106 1146 1148 1126
f 1145 1148 1144
f 1126 1145 1062
f 1148 1145 1126
f 1149 1147 1116
f 1148 1149 1144
f 1147 1149 1148
f 1146 1130 1147 1148
f 1130 1159 1161 1147
f 1156 1161 1150
f 1147 1156 1116
f 1161 1156 1147
f 1165 1160 1035
f 1161 1165 1150
f 1160 1165 1161
f 1159 1129 1160 1161
f 1159 1088 1129
f 1128 1159 1130
f 1088 1159 1128
f 1128 1025 1088
f 1087 1128 1089
f 1025 1128 1087
f 1292 1294 1293 1291
f 1294 1289 1272 1293
f 1287 1281 1059
f 1283 1287 1273
f 1281 1287 1283
f 1281 1283 1282 1057
f 1283 1262 1043 1282
f 1279 1283 1273
f 1262 1279 1058
f 1283 1279 1262
f 1290 1286 1272
f 1288 1290 1284
f 1286 1290 1288
f 1286 1288 1287 1059
f 1288 1278 1273 1287
f 1285 1288 1284
f 1278 1285 1274
f 1288 1285 1278
f 1278 1280 1279 1273
f 1280 1269 1058 1279
f 1263 1247 1043
f 1249 1263 1172
f 1247 1263 1249
f 1247 1249 1248 1041
f 1249 1231 1026 1248
f 1245 1249 1172
f 1231 1245 1042
f 1249 1245 1231
f 1269 1271 1270 1058
f 1276 1270 1271
f 1254 1276 1259
f 1270 1276 1254
f 1275 1277 1276 1271
f 1277 1265 1259 1276
f 1265 1268 1266 1259
f 1268 1267 1261 1266
f 1266 1254 1259
f 1260 1266 1261
f 1254 1266 1260
f 1261 1256 1174 1260
f 1270 1262 1058
f 1264 1270 1254
f 1262 1270 1264
f 1262 1264 1263 1043
f 1264 1244 1172 1263
f 1260 1264 1254
f 1244 1260 1174
f 1264 1260 1244
f 1257 1244 1174
f 1246 1257 1191
f 1244 1257 1246
f 1244 1246 1245 1172
f 1246 1227 1042 1245
f 1242 1246 1191
f 1227 1242 1173
f 1246 1242 1227
f 1256 1258 1257 1174
f 1258 1241 1191 1257
f 1255 1258 1253
f 1241 1255 1192
f 1258 1255 1241
f 1252 1241 1192
f 1243 1252 1218
f 1241 1252 1243
f 1241 1243 1242 1191
f 1243 1223 1173 1242
f 1239 1243 1218
f 1223 1239 1184
f 1243 1239 1223
f 1240 1219 1184 1239
f 1219 1222 1220 1184
f 1222 1221 1188 1220
f 1217 1190 1221 1222
f 1194 1221 1190
f 1221 1187 1188
f 1187 1194 1189
f 1194 1187 1221
f 1196 1195 1189 1194
f 1193 1178 1195 1196
f 1220 1223 1184
f 1226 1220 1188
f 1223 1220 1226
f 1223 1226 1224 1173
f 1226 1225 1185 1224
f 1188 1187 1225 1226
f 1198 1225 1187
f 1225 1183 1185
f 1183 1198 1186
f 1198 1183 1225
f 1195 1200 1189
f 1197 1195 1178
f 1200 1195 1197
f 1189 1200 1198 1187
f 1200 1199 1186 1198
f 1197 1118 1199 1200
f 1224 1227 1173
f 1230 1224 1185
f 1227 1224 1230
f 1227 1230 1228 1042
f 1230 1229 1181 1228
f 1185 1183 1229 1230
f 1202 1229 1183
f 1229 1123 1181
f 1123 1202 1182
f 1202 1123 1229
f 1199 1204 1186
f 1201 1199 1118
f 1204 1199 1201
f 1186 1204 1202 1183
f 1204 1203 1182 1202
f 1201 1064 1203 1204
f 1228 1231 1042
f 1234 1228 1181
f 1231 1228 1234
f 1231 1234 1232 1026
f 1234 1233 1121 1232
f 1181 1123 1233 1234
f 1206 1233 1123
f 1233 1022 1121
f 1022 1206 1122
f 1206 1022 1233
f 1203 1208 1182
f 1205 1203 1064
f 1208 1203 1205
f 1182 1208 1206 1123
f 1208 1207 1122 1206
f 1205 1027 1207 1208
f 1162 1131 1133
f 1025 1162 1088
f 1131 1162 1025
f 1088 1162 1164 1129
f 1160 1168 1035
f 1168 1164 1152
f 1164 1160 1129
f 1160 1164 1168
f 1164 1163 1117 1152
f 1162 1133 1163 1164
f 1163 1066 1117
f 1132 1163 1133
f 1066 1163 1132
f 1131 1063 1132 1133
f 1166 1175 1151
f 1175 1168 1171
f 1168 1166 1035
f 1166 1168 1175
f 1176 1155 1169
f 1170 1176 1171
f 1155 1176 1170
f 1168 1152 1170 1171
f 1177 1120 1153
f 1154 1177 1155
f 1120 1177 1154
f 1170 1154 1155
f 1117 1170 1152
f 1154 1170 1117
f 1216 1197 1178
f 1197 1179 1118
f 1179 1216 1180
f 1216 1179 1197
f 1153 1120 1179 1180
f 1179 1201 1118
f 1201 1119 1064
f 1119 1179 1120
f 1179 1119 1201
f 1154 1119 1120
f 1066 1154 1117
f 1119 1154 1066
f 1119 1205 1064
f 1205 1065 1027
f 1065 1119 1066
f 1119 1065 1205
f 1132 1065 1066
f 1019 1132 1063
f 1065 1132 1019
f 1251 1235 1046 1250
f 1248 1251 1041
f 1235 1248 1026
f 1251 1248 1235
f 1236 1044 1046
f 1020 1236 1045
f 1044 1236 1020
f 1232 1235 1026
f 1238 1232 1121
f 1235 1232 1238
f 1235 1238 1236 1046
f 1238 1237 1045 1236
f 1121 1022 1237 1238
f 1210 1237 1022
f 1237 1215 1045
f 1215 1210 1068
f 1210 1215 1237
f 1045 1215 1213 1020
f 1215 1214 1016 1213
f 1068 1021 1214 1215
f 1065 1209 1027
f 1209 1067 1070
f 1067 1065 1019
f 1065 1067 1209
f 1207 1212 1122
f 1209 1207 1027
f 1212 1207 1209
f 1122 1212 1210 1022
f 1212 1211 1068 1210
f 1209 1070 1211 1212
f 1211 1021 1068
f 1069 1211 1070
f 1021 1211 1069
f 1067 1018 1069 1070
f 1069 1074 1021
f 1071 1069 1018
f 1074 1069 1071
f 1214 1072 1016
f 1074 1214 1021
f 1072 1214 1074
f 1074 1073 667 1072
f 1071 1017 1073 1074
f 1015 1140 1142 1029
f 1138 1071 1018
f 1142 1138 1029
f 1071 1138 1142
f 1142 1141 1017 1071
f 1140 675 1141 1142
f 733 669 677
f 668 733 676
f 669 733 668
f 737 670 678
f 669 737 677
f 670 737 669
f 741 671 679
f 670 741 678
f 671 741 670
f 745 672 680
f 671 745 679
f 672 745 671
f 724 680 672
f 681 724 673
f 680 724 681
f 682 681 673 674
f 1032 1075 675
f 1075 682 674
f 682 1032 683
f 1032 682 1075
f 1140 1032 675
f 1033 1140 1015
f 1032 1140 1033
f 1031 683 1032 1033
f 728 730 729 676
f 781 732 685
f 734 781 731
f 732 781 734
f 732 734 733 677
f 734 728 676 733
f 731 684 728 734
f 686 735 738 736
f 736 738 737 678
f 738 732 677 737
f 735 685 732 738
f 687 739 742 740
f 740 742 741 679
f 742 736 678 741
f 739 686 736 742
f 688 743 746 744
f 744 746 745 680
f 746 740 679 745
f 743 687 740 746
f 744 689 688
f 681 744 680
f 689 744 681
f 690 689 681 682
f 885 776 691
f 779 885 775
f 776 885 779
f 776 779 777 749
f 779 778 750 777
f 881 779 775
f 778 881 748
f 779 881 778
f 749 777 783 780
f 780 783 781 685
f 783 782 731 781
f 777 750 782 783
f 784 782 750
f 782 684 731
f 684 784 747
f 784 684 782
f 778 785 784 750
f 919 938 751
f 938 752 692
f 752 919 753
f 919 752 938
f 752 753 735 686
f 780 920 749
f 920 735 753
f 735 780 685
f 780 735 920
f 950 919 751
f 921 950 878
f 919 950 921
f 919 921 920 753
f 921 776 749 920
f 917 921 878
f 776 917 691
f 921 917 776
f 693 754 756 755
f 755 756 739 687
f 756 752 686 739
f 754 692 752 756
f 743 755 687
f 755 694 693
f 694 743 688
f 743 694 755
f 797 689 695
f 688 797 694
f 689 797 688
f 790 690 696
f 689 790 695
f 690 790 689
f 923 925 924 786
f 925 910 906 924
f 910 912 911 906
f 912 876 911
f 924 913 786
f 915 924 906
f 913 924 915
f 913 915 914 884
f 915 892 886 914
f 911 915 906
f 892 911 876
f 915 911 892
f 914 691 884
f 885 914 886
f 691 914 885
f 893 885 886
f 775 893 880
f 885 893 775
f 900 905 883
f 905 892 876
f 892 900 894
f 900 892 905
f 892 894 893 886
f 901 893 894
f 880 901 887
f 893 901 880
f 883 891 902 900
f 900 902 901 894
f 902 895 887 901
f 899 902 891
f 895 899 787
f 902 899 895
f 895 898 896 887
f 898 897 890 896
f 896 880 887
f 888 896 890
f 880 896 888
f 890 889 882 888
f 888 775 880
f 881 888 882
f 775 888 881
f 882 872 748 881
f 937 939 938 692
f 949 939 877
f 938 949 751
f 939 949 938
f 946 948 947 936
f 948 933 879 947
f 877 936 951 949
f 949 951 950 751
f 951 916 878 950
f 947 951 936
f 916 947 879
f 951 947 916
f 934 916 879
f 918 934 907
f 916 934 918
f 916 918 917 878
f 918 884 691 917
f 913 927 786
f 927 918 907
f 918 913 884
f 913 918 927
f 943 945 944 933
f 944 879 933
f 934 944 935
f 879 944 934
f 941 934 935
f 907 941 926
f 934 941 907
f 932 907 926
f 927 932 928
f 907 932 927
f 795 806 804 791
f 806 805 799 804
f 804 695 791
f 797 804 799
f 695 804 797
f 799 798 694 797
f 794 790 792
f 695 794 791
f 790 794 695
f 793 796 794 792
f 801 794 796
f 791 801 795
f 794 801 791
f 800 803 801 796
f 803 802 795 801
f 788 802 789
f 789 800 807
f 807 793 808
f 808 696 809
f 809 690 810
f 810 683 811
f 811 1031 812
f 812 1033 813
f 813 1037 814
f 815 1048 816
f 816 1024 817
f 817 659 818
f 818 652 819
f 819 705 820
f 820 833 821
f 821 762 822
f 822 836 823
f 823 840 824
f 824 841 825
f 825 846 826
f 826 846 827
f 827 850 828
f 828 849 829
f 829 849 830
f 830 855 831
f 831 858 860
f 860 648 861
f 861 653 862
f 862 660 863
f 863 660 864
f 864 668 865
f 865 668 866
f 866 729 867
f 867 730 868
f 868 684 869
f 869 747 870
f 870 748 871
f 871 872 873
f 873 897 874
f 874 899 875
f 875 891 903
f 903 905 904
f 904 876 908
f 908 910 909
f 909 925 922
f 922 923 929
f 929 928 930
f 930 926 931
f 931 935 940
f 940 945 942
f 942 798 952
f 952 806 788
f 953 1091 954
f 954 1091 955
f 955 1091 956
f 956 1091 957
f 957 1080 958
f 958 1080 959
f 959 1080 960
f 960 1082 961
f 961 1081 962
f 962 1094 963
f 963 1083 964
f 964 1061 965
f 965 1099 966
f 966 1108 967
f 967 1110 968
f 968 1114 969
f 969 1100 970
f 970 1115 971
f 971 1062 972
f 972 1145 973
f 973 1149 974
f 974 1116 975
f 975 1158 976
f 976 1157 977
f 977 1167 978
f 978 1151 979
f 979 1175 980
f 980 1175 981
f 981 1176 982
f 982 1176 983
f 983 1169 984
f 984 1193 985
f 985 1196 986
f 986 1196 987
f 987 1190 988
f 988 1217 989
f 989 1217 990
f 990 1219 991
f 991 1240 992
f 992 1218 993
f 993 1252 994
f 994 1255 995
f 995 1253 996
f 996 1253 997
f 997 1267 998
f 998 1268 999
f 999 1277 1000
f 1000 1275 1001
f 1001 1275 1002
f 1002 1274 1003
f 1003 1274 1004
f 1004 1285 1005
f 1005 1284 1006
f 1006 1290 1007
f 1007 1289 1008
f 1008 1294 1009
f 1009 1292 1010
f 1010 1292 1011
f 1011 1292 1012
f 1012 1292 1013
f 1013 1291 1014
f 1014 814 953
f 859 855 699
f 858 855 859
f 648 860 858
f 853 849 766
f 852 849 853
f 856 830 852
f 855 830 856
f 764 836 762
f 838 823 836
f 840 823 838
f 839 841 840
f 847 825 841
f 846 825 847
f 844 843 846
f 850 846 843
f 849 828 850
f 705 819 652
f 706 820 705
f 833 820 706
f 834 821 833
f 762 821 834
f 654 861 648
f 715 659 658
f 652 818 715
f 660 862 653
f 653 861 654
f 1024 816 1048
f 1048 1044 1020
f 659 817 1024
f 668 864 660
f 1034 1049 1054
f 1054 814 1052
f 1052 1037 1039
f 1037 1028 1030
f 1028 813 1015
f 1091 953 1056
f 1093 1060 1091
f 1056 1051 1090
f 1090 1051 1055
f 1083 963 1094
f 1094 1081 1040
f 1061 964 1098
f 1098 964 1083
f 1099 965 1101
f 1101 965 1061
f 1036 967 1108
f 1108 966 1099
f 1051 1056 1049
f 1080 1091 1060
f 1082 960 1080
f 1081 961 1082
f 1158 975 1116
f 1157 976 1158
f 1167 977 1157
f 1166 978 1167
f 1109 968 1110
f 1110 967 1036
f 1100 969 1114
f 1114 968 1109
f 1115 970 1124
f 1124 970 1100
f 1062 971 1143
f 1143 971 1115
f 1144 973 1145
f 1145 972 1062
f 1116 974 1149
f 1149 973 1144
f 1291 1013 1292
f 1293 1286 1291
f 1292 1009 1294
f 1272 1286 1293
f 1289 1290 1272
f 1294 1008 1289
f 1281 1291 1059
f 1057 1291 1281
f 1282 1247 1057
f 1043 1247 1282
f 1290 1006 1284
f 1059 1291 1286
f 1284 1005 1285
f 1274 1280 1278
f 1285 1004 1274
f 1280 1274 1269
f 1041 1057 1247
f 1269 1275 1271
f 1275 1000 1277
f 1277 999 1265
f 1265 999 1268
f 1267 1256 1261
f 1268 998 1267
f 1256 1267 1258
f 1253 995 1255
f 1258 1267 1253
f 1255 994 1192
f 1192 994 1252
f 1252 993 1218
f 1218 1240 1239
f 1240 991 1219
f 1219 990 1222
f 1222 990 1217
f 1217 988 1190
f 1190 987 1194
f 1194 987 1196
f 1196 985 1193
f 1193 1216 1178
f 1175 979 1151
f 1171 1176 1175
f 1151 978 1166
f 1169 983 1176
f 1155 984 1169
f 1153 984 1177
f 1177 984 1155
f 1216 1193 1180
f 1180 984 1153
f 1250 815 1251
f 1046 815 1250
f 1251 1057 1041
f 1044 815 1046
f 676 866 668
f 683 810 682
f 1015 813 1033
f 1033 812 1031
f 1031 811 683
f 729 866 676
f 730 867 729
f 728 684 730
f 682 810 690
f 748 870 778
f 747 869 684
f 784 785 747
f 778 870 785
f 693 937 754
f 754 937 692
f 694 798 693
f 696 808 790
f 690 809 696
f 786 927 923
f 923 922 925
f 925 909 910
f 910 908 912
f 912 908 876
f 905 903 883
f 876 904 905
f 883 903 891
f 891 875 899
f 787 898 895
f 899 874 787
f 897 889 890
f 898 787 897
f 889 873 882
f 872 871 748
f 882 873 872
f 937 946 939
f 939 946 877
f 936 877 946
f 946 943 948
f 948 943 933
f 945 940 944
f 943 942 945
f 944 940 935
f 935 931 941
f 941 931 926
f 926 930 932
f 928 923 927
f 932 930 928
f 795 802 806
f 805 798 799
f 806 952 805
f 790 808 792
f 792 808 793
f 793 800 796
f 800 789 803
f 803 789 802
f 788 806 802
f 800 793 807
f 813 1028 1037
f 1037 1052 814
f 815 1044 1048
f 659 715 818
f 762 836 822
f 840 841 824
f 846 850 827
f 849 852 830
f 855 858 831
f 730 684 868
f 747 785 870
f 873 889 897
f 897 787 874
f 923 928 929
f 942 943 798
f 798 805 952
f 1091 1080 957
f 1081 1094 962
f 1175 1176 981
f 984 1180 1193
f 1240 1218 992
f 1253 1267 997
f 1275 1274 1002
f 1290 1289 1007
f 1291 1057 1014
f 814 1056 953
f 1049 814 1054
f 1056 814 1049
f 1274 1275 1269
f 815 1057 1251
f 693 798 937
f 937 943 946
f 943 937 798
f 1057 815 1014
o deck_478_57a33295-b699-4ce5-9558-477c26fcf4ae
v -16.899199375 -2.2275566168 1.52879938687
v -15.3503478125 -2.22761325742 1.57859040249
v -15.35037125 2.2030215082 1.58234040249
v -13.8308839453 -2.22788083555 1.61848102749
v -12.3082989844 -2.2280097418 1.64885407437
v -10.832886875 -2.22791794492 1.66866852749
v -10.8329376562 2.20328322695 1.67197712124
v -9.27475015625 -2.22770896055 1.67832673062
v -9.27621402344 -1.48893356992 1.76673298062
v -9.27623453125 1.47587111758 1.76797516812
v -9.27480386719 2.20311135195 1.68185016812
v -7.75062515625 -2.22755856992 1.67412751187
v -7.75203726562 -1.48894333555 1.77370173062
v -7.75272574219 -0.765003882422 1.83296344937
v -7.75275210937 0.731929711328 1.83476032437
v -7.75205386719 1.4758808832 1.77509821499
v -7.75068765625 2.20294728945 1.67812165249
v -6.16312417969 -1.48896872617 1.77088141812
v -6.16441226562 -0.764996069922 1.84198298062
v -6.16463492187 2.38280554186e-08 1.86796735562
v -6.16444498047 0.731916039453 1.84411774624
v -6.16315445313 1.47591018008 1.77260993374
v -4.72966568359 -1.48895114805 1.75244977749
v -4.73118228516 -0.764990210547 1.84504743374
v -4.73163638672 2.38280554186e-08 1.87790094937
v -4.73123453125 0.731906273828 1.84785212124
v -4.72969107422 1.47589846133 1.75463337124
v -3.24542984375 -0.764992163672 1.83838337124
v -3.24642007812 2.38280554186e-08 1.88584430874
v -3.24548257812 0.731906273828 1.84256891812
v -1.84999917969 -0.291539038672 1.87884040249
v -2.53999917969 -0.420183569922 1.87025641812
v -2.53999917969 0.105054711328 1.88830719937
v -2.53999917969 0.420183617578 1.87025641812
v -1.75503238281 0.365941430078 1.87052790249
v -2.50041421875 0.731906273828 1.83149469937
v -3.24610171875 0.365953148828 1.87552594937
v -1.84999917969 0.291539086328 1.87884040249
v -1.84999917969 0.150000023828 1.88892048062
v -2.12793985352 0.365943383203 1.87312751187
v -1.75500967773 -0.382484351172 1.86857087124
v -3.24607681641 -0.382496069922 1.87454743374
v -2.50041324219 -0.764994116797 1.82629548062
v -1.25254141602 0.150000023828 1.88849274624
v -0.344654575195 0.150000023828 1.88141071499
v -1.36204751953 0.523503930078 1.84166071499
v -2.3773255957 0.886019555078 1.80231696499
v -3.39594009766 1.23487697695 1.76570954312
v -4.27376382813 1.5196152582 1.73658649624
v -5.15675552734 1.7875371332 1.70935016812
v -6.04521402344 2.03496486758 1.68357282437
v -7.08990347656 2.29253908633 1.65559430874
v -8.1452071875 2.5107558832 1.62944587124
v -9.05691910156 2.66083596133 1.60912360562
v -9.66782144531 2.73998635195 1.59653571499
v -10.5864435156 2.8257793207 1.57853766812
v -11.5079982031 2.87046291445 1.56164313687
v -12.4308409766 2.87266408633 1.54633649624
v -13.3533487891 2.8335918207 1.53310602749
v -14.2735987891 2.75862697695 1.52199274624
v -15.1902657812 2.65336916445 1.51274665249
v -15.799605625 2.56914455508 1.50752594937
v -16.7111525 2.4256074457 1.50109235562
v -17.6229161719 2.2650761957 1.49633454312
v -18.5345157813 2.09250978945 1.49345368374
v -19.4437560156 1.91273830508 1.49106305874
v -19.6077052344 1.33245314883 1.56356891812
v -19.7125763281 0.731914086328 1.61089313687
v -19.7521388281 0.244392601953 1.62909821499
v -19.7459610938 -0.366812476172 1.62622126187
v -19.6778692969 -0.974242163672 1.59516266812
v -19.5794200781 -1.45087302305 1.55087751187
v -19.4437560156 -1.91273825742 1.49106305874
v -18.9895548437 -2.00322458555 1.49236383999
v -17.9310392188 -2.20787888242 1.49517243374
v -17.0213497656 -2.37260153867 1.49927204312
v -16.1105216406 -2.52233200742 1.50515680874
v -15.19668375 -2.65253708555 1.51268805874
v -14.5854708594 -2.72593747617 1.51866462124
v -13.9733732031 -2.78669333555 1.52540094937
v -13.0530821875 -2.85054685117 1.53717633999
v -12.1309532813 -2.87666403867 1.55109626187
v -11.206011875 -2.86042771055 1.56703376187
v -10.2827941016 -2.80191403867 1.58437360562
v -9.36352066406 -2.70276560117 1.60272321499
v -8.45017007812 -2.56511325742 1.62240485562
v -7.69370035156 -2.42294138242 1.64032282437
v -6.64269986328 -2.1870175543 1.66732477749
v -5.74930337891 -1.9552519293 1.69193024624
v -4.86228824219 -1.70046677305 1.71827204312
v -3.97999917969 -1.42619919492 1.74603180874
v -3.10265640625 -1.1363222418 1.77608649624
v -2.23010342773 -0.834216773047 1.80766852749
v -1.36160513672 -0.523343726172 1.84168024624
v -0.344654086914 -0.149999976172 1.88141071499
v -0.931229160156 -0.149999976172 1.88703376187
v -1.84999917969 -0.149999976172 1.88892048062
v -2.1279349707 -0.382486304297 1.87148688687
v -11.5023439063 2.05900978945 1.68273883999
v -11.3491017188 2.04893752383 1.68595368374
v -10.2778478125 1.9596465082 1.70804352749
v -11.5707901953 2.2033340082 1.66327985562
v -11.2018878516 2.20331252383 1.66793805874
v -9.27557925781 1.83982033633 1.72921735562
v -10.0538136328 2.20320314883 1.67840680874
v -10.8321525 2.53961916445 1.62357087124
v -12.3075558203 2.5399121332 1.60361579312
v -11.5699669531 2.53984377383 1.61508063687
v -10.1928878516 1.94802541445 1.71015290249
v -10.1090470313 1.93024221133 1.71296540249
v -10.0481808203 1.90973439883 1.71588923062
v -10.0094474219 1.89151174258 1.71834430874
v -9.95424820313 1.85878127383 1.72259430874
v -9.89259878906 1.81396096133 1.72820954312
v -9.83487613281 1.76421486758 1.73422712124
v -9.66806753906 1.58622268008 1.75427594937
v -9.50412320312 1.3654199457 1.77620173062
v -9.38452652344 1.15984377383 1.79370758999
v -9.2590821875 0.878591820703 1.81319196499
v -9.17358804688 0.608917992578 1.82695954312
v -9.12308902344 0.350849633203 1.83548298062
v -9.10000015625 2.38280554186e-08 1.83969587124
v -10.0541896094 2.0215605707 1.70219196499
v -10.4433741797 2.20324611758 1.67555329312
v -10.4437355078 2.0215293207 1.69903571499
v -9.2740978125 2.5397558832 1.63016657437
v -10.0530851172 2.53948830508 1.62892243374
v -10.0543692969 1.93067385195 1.71334235562
v -10.2489601172 2.0215449457 1.70069196499
v -9.27520230469 2.02158986758 1.70661188687
v -9.6642853125 2.20315822695 1.68051618374
v -9.66504507813 1.83979103945 1.72688532437
v -9.66467398437 2.02158205508 1.70472712124
v -7.75149429688 1.83982033633 1.73159430874
v -8.51278140625 2.20302346133 1.68192243374
v -8.51415152344 1.4758730707 1.77252204312
v -8.51356167969 1.83983986758 1.73188727749
v -9.66486246094 1.93071096133 1.71606501187
v -9.8594259375 2.02157228945 1.70353766812
v -9.85979019531 1.8397715082 1.72550641812
v -9.85961050781 1.9306933832 1.71477594937
v -9.2759259375 1.6578730707 1.74967048062
v -9.66539175781 1.65785549258 1.74696930874
v -9.85970132813 1.88523830508 1.72020563687
v -9.9569884375 1.93068361758 1.71407673062
v -9.95707730469 1.88522658633 1.71948493374
v -9.66522183594 1.74883596133 1.73718805874
v -7.75244546875 1.10378127383 1.80989508999
v -8.51486050781 0.731931664453 1.82819196499
v -8.51456558594 1.10377541445 1.80499274624
v -8.51483609375 -0.765005835547 1.82651423062
v -9.10217886719 -0.0788652105469 1.83947321499
v -9.13009585938 -0.399054663672 1.83424274624
v -9.19158804687 -0.675607398047 1.82401227749
v -9.28710757813 -0.949531226172 1.80876423062
v -9.42215933594 -1.2298144293 1.78806110562
v -9.50435953125 -1.36578122617 1.77616852749
v -9.66823746094 -1.58642575742 1.75425446499
v -9.83508023438 -1.76440231992 1.73420368374
v -9.92316324219 -1.83728122617 1.72531305874
v -9.99096890625 -1.88133200742 1.71968219937
v -10.0484083594 -1.90982810117 1.71587555874
v -10.1092247656 -1.9302909918 1.71295758999
v -10.1508790625 -1.9402050543 1.71143610562
v -10.2778478125 -1.95964450742 1.70804352749
v -8.89615835938 -0.382564429297 1.83721735562
v -8.89622867188 -0.191290991797 1.84077204312
v -9.08675113281 -0.191289038672 1.83866852749
v -8.89616617188 0.366021508203 1.83761969937
v -8.896230625 0.183017601953 1.84087165249
v -9.27670035156 -1.12685153867 1.79708258999
v -9.276480625 -1.30784372617 1.78296930874
v -9.27554117188 -1.85867185117 1.72697321499
v -10.0537608984 -2.22781638242 1.67502790249
v -7.75242496094 -1.1268456793 1.80802008999
v -8.51413394531 -1.48893747617 1.77121930874
v -8.51454507812 -1.12683981992 1.80324469937
v -9.27589664062 -1.6738378668 1.74796344937
v -9.66500796875 -1.8586425543 1.72468415249
v -9.66536246094 -1.67381638242 1.74529157437
v -7.75145914063 -1.85866794492 1.72907282437
v -8.51272378906 -2.22762106992 1.67818805874
v -8.51352554687 -1.8586894293 1.72953180874
v -9.66518863281 -1.7662441168 1.73525837124
v -9.85975308594 -1.85862497617 1.72332477749
v -11.5707384375 -2.22798825742 1.65998493374
v -9.27515542969 -2.04331052305 1.70376423062
v -10.0541456641 -2.04329294492 1.69945173062
v -9.66423160156 -2.22776169492 1.67707477749
v -9.66462808594 -2.04330856992 1.70194001187
v -9.274074375 -2.55214450742 1.62812360562
v -10.83212125 -2.55194138242 1.62166071499
v -10.05305875 -2.5518300543 1.62696735562
v -9.66482046875 -1.9510019293 1.71357868374
v -10.0543292578 -1.95096872617 1.71089704312
v -9.85938101563 -2.04330271055 1.70077594937
v -9.85957046875 -1.9509863043 1.71231110562
v -10.83324625 -2.04323825742 1.69258063687
v -10.4433224219 -2.2278691168 1.67221735562
v -10.4436944922 -2.0432675543 1.69633063687
v -10.248918125 -2.04328122617 1.69796930874
v -11.1114317969 -2.03230075742 1.69086579312
v -12.2362794531 -2.09638278867 1.66730915249
v -13.3607530859 -2.1193300543 1.64362165249
v -14.3918634375 -2.1057441168 1.62206696499
v -15.4208321875 -2.06153122617 1.60113923062
v -16.3196505469 -1.9990800543 1.58376813687
v -17.4080997656 -1.8954003668 1.56422321499
v -18.4947579688 -1.7690175543 1.54622907437
v -18.57012125 -1.55585544492 1.57300055874
v -18.7150333594 -1.01012106992 1.62609821499
v -18.7971232031 -0.451005835547 1.65706696499
v -18.8158341406 0.113152367578 1.66438727749
v -18.7718478125 0.676093773828 1.64740680874
v -18.6645333594 1.2304746332 1.60740680874
v -18.4947579688 1.76901760195 1.54622907437
v -18.3368067969 -1.85852146055 1.53830915249
v -19.0380646094 -1.8584550543 1.51384626187
v -18.0599864844 1.8213261957 1.55335798062
v -16.9711564062 1.9404902582 1.57184821499
v -15.8799435156 2.03275393008 1.59208063687
v -14.7861026953 2.09221486758 1.61396344937
v -13.6908634375 2.11875978945 1.63664899624
v -12.6368273047 2.10957228945 1.65882868374
v -8.85000015625 -0.349999976172 1.83849079312
v -8.84991519531 0.352904320703 1.83842438687
v -8.84947964844 0.357191430078 1.83833063687
v -8.8486759375 0.361429711328 1.83824079312
v -8.84751285156 0.365574242578 1.83815485562
v -8.84599722656 0.369603539453 1.83807477749
v -8.844136875 0.373494164453 1.83800055874
v -8.84194742188 0.377210961328 1.83793415249
v -8.83945132812 0.380716820703 1.83787360562
v -8.83666324219 0.383998070703 1.83782282437
v -8.83359585938 0.387031273828 1.83777790249
v -8.83027945312 0.389789086328 1.83774469937
v -8.82674429688 0.392246117578 1.83771930874
v -8.82300992188 0.394390648828 1.83770563687
v -8.81909878906 0.396209008203 1.83769977749
v -8.81504410156 0.397683617578 1.83770563687
v -8.810886875 0.398800805078 1.83772126187
v -8.80664761719 0.399556664453 1.83774665249
v -8.80235171875 0.399945336328 1.83778180874
v -8.47482046875 0.400000023828 1.84120954312
v -7.44467691406 0.399716820703 1.85097907437
v -7.440418125 0.399074242578 1.85103376187
v -7.43622574219 0.398064476953 1.85110016812
v -7.43214371094 0.396703148828 1.85117438687
v -7.42819449219 0.394994164453 1.85125837124
v -7.42439957031 0.392949242578 1.85135016812
v -7.42079507812 0.390584008203 1.85144977749
v -7.41741421875 0.387923851953 1.85155524624
v -7.41427457031 0.384980492578 1.85166657437
v -7.41139371094 0.381773461328 1.85178180874
v -7.4088009375 0.378332055078 1.85189899624
v -7.40651773437 0.374683617578 1.85202008999
v -7.40455679688 0.370855492578 1.85214313687
v -7.40292984375 0.366863305078 1.85226618374
v -7.40165152344 0.362744164453 1.85238727749
v -7.40073550781 0.358542992578 1.85250641812
v -7.40018375 0.354279320703 1.85262360562
v -7.40000015625 0.349970726953 1.85273688687
v -7.40008316406 -0.352886694922 1.85266071499
v -7.40051773437 -0.357173804297 1.85254548062
v -7.40132046875 -0.361414038672 1.85242633999
v -7.40248257813 -0.365560523047 1.85230524624
v -7.40399820313 -0.369591773047 1.85218219937
v -7.40585855469 -0.373484351172 1.85205915249
v -7.40804703125 -0.377201148047 1.85193805874
v -7.410543125 -0.380710913672 1.85181891812
v -7.4133321875 -0.383992163672 1.85170173062
v -7.41639957031 -0.387027319922 1.85158844937
v -7.41971695313 -0.389785132422 1.85148102749
v -7.42325308594 -0.392244116797 1.85138141812
v -7.42698746094 -0.394388648047 1.85128571499
v -7.43090054687 -0.396208960547 1.85119977749
v -7.43495621094 -0.397683569922 1.85112165249
v -7.43911539063 -0.398800757422 1.85105329312
v -7.44335660156 -0.399556616797 1.85099469937
v -7.44765445312 -0.399945288672 1.85094587124
v -7.77534097656 -0.399999976172 1.84802399624
v -8.80527554688 -0.399722632422 1.83775641812
v -8.8095353125 -0.399082007422 1.83772712124
v -8.81372964844 -0.398078101172 1.83770954312
v -8.81781363281 -0.396718726172 1.83769977749
v -8.82176480469 -0.395013648047 1.83770173062
v -8.82556265625 -0.392970679297 1.83771344937
v -8.82917007812 -0.390609351172 1.83773493374
v -8.83255484375 -0.387949194922 1.83776618374
v -8.83569742188 -0.385009741797 1.83780719937
v -8.83858121094 -0.381804663672 1.83785602749
v -8.84117789062 -0.378361304297 1.83791266812
v -8.84346402344 -0.374714819922 1.83797907437
v -8.84542886719 -0.370886694922 1.83804938687
v -8.84705875 -0.366894507422 1.83812751187
v -8.84834 -0.362777319922 1.83821149624
v -8.84925894531 -0.358574194922 1.83830133999
v -8.84981460938 -0.354306616797 1.83839313687
v -8.89619839844 -0.286931616797 1.83929352749
v -8.5149728125 -0.573810523047 1.83514899624
v -8.89592789062 -0.765005835547 1.82286579312
v -8.89605484375 -0.573808569922 1.83125641812
v -6.16462369141 -0.382529273047 1.86126032437
v -6.95888394531 2.38280554186e-08 1.86126618374
v -6.95850992187 -0.764999976172 1.83825055874
v -6.95878140625 -0.382548804297 1.85548883999
v -8.89617984375 -0.334748023047 1.83833063687
v -9.08672574219 -0.286929663672 1.83719782437
v -8.51503726563 -0.478193335547 1.83851227749
v -8.89610953125 -0.478191382422 1.83453962124
v -8.70551285156 -0.573810523047 1.83322907437
v -8.70557242188 -0.478193335547 1.83654938687
v -7.75288003906 -0.573806616797 1.84220173062
v -8.13376285156 -0.765005835547 1.82989118374
v -8.13390933594 -0.573808569922 1.83880915249
v -8.89616910156 -0.358658179297 1.83779157437
v -8.84852554688 -0.382566382422 1.83773102749
v -8.99146207031 -0.286929663672 1.83825055874
v -9.08670914063 -0.334746069922 1.83624079312
v -8.99142398438 -0.382564429297 1.83618219937
v -8.99144449219 -0.334748023047 1.83729157437
v -9.08659683594 -0.573806616797 1.82923493374
v -9.08664761719 -0.478189429297 1.83248298062
v -8.70560074219 -0.430380835547 1.83797907437
v -8.89613492187 -0.430378882422 1.83595368374
v -8.80084097656 -0.478193335547 1.83555133999
v -8.80086734375 -0.430380835547 1.83697126187
v -8.8723634375 -0.334749976172 1.83858844937
v -8.89617398438 -0.346703101172 1.83806501187
v -8.87235269531 -0.358658179297 1.83804938687
v -8.87235757812 -0.346703101172 1.83832282437
v -8.89618960937 -0.310839819922 1.83883063687
v -8.896215 -0.239111304297 1.84010798062
v -8.94381167969 -0.334748023047 1.83781110562
v -8.99143472656 -0.358656226172 1.83675446499
v -8.94379117188 -0.382564429297 1.83669977749
v -8.94380191406 -0.358656226172 1.83727399624
v -9.08667007812 -0.430376929297 1.83388337124
v -8.9913790625 -0.478191382422 1.83351618374
v -8.9914025 -0.430378882422 1.83492438687
v -8.860449375 -0.346703101172 1.83845173062
v -8.872355625 -0.352679663672 1.83818805874
v -8.86044449219 -0.358658179297 1.83817829312
v -8.86044742187 -0.352679663672 1.83831696499
v -8.84853042969 -0.370611304297 1.83802399624
v -8.89616324219 -0.370611304297 1.83750837124
v -8.87234195312 -0.382566382422 1.83747321499
v -8.87234683594 -0.370611304297 1.83776618374
v -8.80088003906 -0.406472632422 1.83762555874
v -8.89614664063 -0.406472632422 1.83660407437
v -8.84850113281 -0.430380835547 1.83646344937
v -8.84851382813 -0.406472632422 1.83711579312
v -8.89620328125 0.274521508203 1.83951813687
v -6.16462662109 0.365984398828 1.86181891812
v -6.95853921875 0.731923851953 1.84019196499
v -6.95879019531 0.366003930078 1.85597712124
v -8.51499039062 0.548998070703 1.83608258999
v -8.89595132812 0.731931664453 1.82449274624
v -8.89606949219 0.548996117578 1.83216657437
v -8.89618570313 0.320271508203 1.83863727749
v -8.5150509375 0.457515648828 1.83915680874
v -8.70552847656 0.548998070703 1.83415094937
v -8.89612125 0.457513695703 1.83516852749
v -8.70558511719 0.457513695703 1.83718610562
v -7.75290054687 0.548994164453 1.84319977749
v -8.13378726563 0.731931664453 1.83162555874
v -8.13392886719 0.548998070703 1.83977008999
v -9.08675308594 0.183015648828 1.83876813687
v -9.08672964844 0.274519555078 1.83742243374
v -8.8961759375 0.343146508203 1.83814508999
v -8.70561050781 0.411769555078 1.83849274624
v -8.80085269531 0.457513695703 1.83618415249
v -8.8961446875 0.411767601953 1.83646344937
v -8.80087710937 0.411769555078 1.83748298062
v -9.08661050781 0.548994164453 1.83013532437
v -9.08665738281 0.457511742578 1.83310602749
v -8.99143179688 0.366019555078 1.83658258999
v -9.08671402344 0.320269555078 1.83654743374
v -8.99146597656 0.274521508203 1.83847516812
v -8.991449375 0.320271508203 1.83759626187
v -8.87234976562 0.366021508203 1.83787555874
v -8.89617105469 0.354584008203 1.83788727749
v -8.87235953125 0.343146508203 1.83840290249
v -8.87235464844 0.354584008203 1.83814508999
v -8.84851089844 0.411767601953 1.83697516812
v -8.89615542969 0.388894555078 1.83705719937
v -8.84852164063 0.388894555078 1.83757087124
v -8.99138882813 0.457511742578 1.83414313687
v -9.08667789062 0.411765648828 1.83438923062
v -8.99141128906 0.411767601953 1.83543219937
v -8.94379898438 0.366019555078 1.83710212124
v -8.99144058594 0.343146508203 1.83710602749
v -8.94381753906 0.320271508203 1.83811774624
v -8.94380875 0.343146508203 1.83762751187
v -8.86044644531 0.354584008203 1.83827204312
v -8.87235660156 0.348865258203 1.83827399624
v -8.86045132813 0.343146508203 1.83853180874
v -8.86044839844 0.348865258203 1.83840290249
v -8.89618082031 0.331709008203 1.83839508999
v -8.87236929688 0.320271508203 1.83889508999
v -8.87236441406 0.331709008203 1.83865290249
v -8.89619449219 0.297396508203 1.83909430874
v -8.89621792969 0.228769555078 1.84026423062
v -8.8604415625 0.366021508203 1.83800446499
v -8.87235171875 0.360302758203 1.83801227749
v -8.86044351563 0.360302758203 1.83813923062
v -8.8485275 0.377459008203 1.83785602749
v -8.87233902344 0.388894555078 1.83731501187
v -8.8961603125 0.377457055078 1.83734235562
v -8.87234390625 0.377459008203 1.83760016812
v -8.9437775 0.411767601953 1.83594782437
v -8.99142203125 0.388894555078 1.83602399624
v -8.94378824219 0.388894555078 1.83654157437
v -8.75324429687 0.411769555078 1.83799079312
v -8.61031753906 0.457515648828 1.83817829312
v -8.61034488281 0.411769555078 1.83949079312
v -8.13399625 0.457513695703 1.84293610562
v -8.32445621094 0.548998070703 1.83795758999
v -8.32452066406 0.457515648828 1.84107282437
v -8.8366134375 0.388894555078 1.83769977749
v -8.84852457031 0.383175805078 1.83771540249
v -8.82469351563 0.411769555078 1.83722907437
v -8.84851675781 0.400332055078 1.83727790249
v -8.824699375 0.400332055078 1.83753180874
v -8.80086539063 0.434642601953 1.83685212124
v -8.84848648437 0.457513695703 1.83567829312
v -8.89613296875 0.434640648828 1.83583258999
v -8.84849917969 0.434640648828 1.83634430874
v -8.70555777344 0.503257836328 1.83573883999
v -8.80079898437 0.548998070703 1.83316462124
v -8.89609585938 0.503255883203 1.83373688687
v -8.80082632812 0.503257836328 1.83474469937
v -8.5149259375 0.640470726953 1.83242829312
v -8.70540445313 0.731931664453 1.82637360562
v -8.89601285156 0.640470726953 1.82860993374
v -8.70546792969 0.640470726953 1.83054743374
v -8.51472183594 0.917847680078 1.81777594937
v -8.89564761719 1.1037793207 1.80202399624
v -8.89581265625 0.917849633203 1.81440290249
v -8.83660855469 0.400332055078 1.83740485562
v -8.8485196875 0.394613305078 1.83742633999
v -8.83661050781 0.394613305078 1.83755329312
v -8.87232730469 0.411767601953 1.83671930874
v -8.89614957031 0.400332055078 1.83676423062
v -8.87233316406 0.400332055078 1.83702204312
v -8.77706070313 0.411769555078 1.83773688687
v -8.7055978125 0.434642601953 1.83785798062
v -8.75321890625 0.457513695703 1.83668610562
v -8.75323160156 0.434642601953 1.83735602749
v -6.95868082031 0.548980492578 1.84938727749
v -7.35561246094 0.731927758203 1.83767048062
v -7.35589078125 0.366013695703 1.85269391812
v -7.355761875 0.548988305078 1.84646344937
v -6.16392642578 1.10383986758 1.81477008999
v -6.95762417969 1.4758965082 1.77546735562
v -6.95815347656 1.10380666445 1.81340680874
v -7.35583023438 0.457503930078 1.84989704312
v -7.55432339844 0.548992211328 1.84487360562
v -7.75297085937 0.457511742578 1.84648102749
v -7.55439371094 0.457507836328 1.84822516812
v -6.95885953125 0.183007836328 1.85994196499
v -7.35598257813 0.183011742578 1.85640485562
v -7.35586148438 0.411759789453 1.85137360562
v -7.45511050781 0.457505883203 1.84907087124
v -7.55442691406 0.411763695703 1.84966852749
v -7.45514273438 0.411761742578 1.85052985562
v -7.35594253906 0.274515648828 1.85486188687
v -6.95874039063 0.457496117578 1.85300837124
v -7.157215 0.548984398828 1.84796540249
v -7.15733609375 0.366009789453 1.85436774624
v -7.15727945313 0.457500023828 1.85148883999
v -6.16457193359 0.548960961328 1.85434430874
v -6.56149673828 0.731919945703 1.84233454312
v -6.56171060547 0.365996117578 1.85901032437
v -6.56163003906 0.548970726953 1.85200251187
v -4.73157632813 0.365959008203 1.87045563687
v -5.44804166016 0.731910180078 1.84649274624
v -5.44820425781 2.38280554186e-08 1.87330133999
v -5.44822769531 0.365968773828 1.86639899624
v -7.35587710938 0.388886742578 1.85205329312
v -7.40550210937 0.411759789453 1.85095368374
v -7.40551675781 0.388886742578 1.85162946499
v -7.355918125 0.320263695703 1.85385798062
v -6.95883023438 0.274507836328 1.85828766812
v -7.157418125 0.183009789453 1.85819782437
v -7.15738296875 0.274511742578 1.85660407437
v -6.16463736328 0.182996117578 1.86640680874
v -6.56176089844 2.38280554186e-08 1.86471540249
v -6.56175015625 0.183001976953 1.86327399624
v -7.15730875 0.411755883203 1.85300837124
v -7.25655289063 0.457501976953 1.85070173062
v -7.25661246094 0.366011742578 1.85353962124
v -7.25658414062 0.411757836328 1.85219977749
v -7.40550894531 0.400324242578 1.85129743374
v -7.43032242188 0.411761742578 1.85074274624
v -7.43033023437 0.400324242578 1.85108454312
v -7.35584585938 0.434632836328 1.85065485562
v -7.40546988281 0.457505883203 1.84948493374
v -7.45512613281 0.434634789453 1.84982087124
v -7.40548550781 0.434632836328 1.85024079312
v -7.35579605469 0.503248070703 1.84825837124
v -7.45504019531 0.548990258203 1.84567829312
v -7.55435953125 0.503251976953 1.84662751187
v -7.45507632813 0.503250023828 1.84745368374
v -7.35568863281 0.640462914453 1.84238923062
v -7.55417398437 0.731927758203 1.83626423062
v -7.75282632812 0.640468773828 1.83929548062
v -7.55424917969 0.640464867578 1.84088727749
v -6.95836246094 0.917859398828 1.82816852749
v -7.35527652344 1.10379103945 1.81186969937
v -7.75260269531 0.917849633203 1.82360016812
v -7.35545230469 0.917853539453 1.82609235562
v -7.50478433594 0.411761742578 1.85010016812
v -7.65368082031 0.457509789453 1.84736188687
v -7.75300503906 0.411765648828 1.84788923062
v -7.65371402344 0.411763695703 1.84878766812
v -7.94340933594 0.548996117578 1.84152008999
v -7.94347964844 0.457513695703 1.84473883999
v -7.47996304688 0.411761742578 1.85031696499
v -7.50475113281 0.457507836328 1.84865094937
v -7.5544103125 0.434634789453 1.84896540249
v -7.50476773438 0.434634789453 1.84939508999
v -7.35590542969 0.343138695703 1.85329548062
v -7.15736050781 0.320261742578 1.85556696499
v -7.25666128906 0.274513695703 1.85574079312
v -7.25663882813 0.320263695703 1.85471930874
v -7.40551285156 0.394605492578 1.85146540249
v -7.41791910156 0.400324242578 1.85119001187
v -7.41792300781 0.394605492578 1.85135798062
v -7.35586929688 0.400322289453 1.85171930874
v -7.38068179687 0.411759789453 1.85116462124
v -7.38069644531 0.388886742578 1.85184235562
v -7.38068960938 0.400324242578 1.85150837124
v -7.25659878906 0.388884789453 1.85288923062
v -7.3062228125 0.411757836328 1.85178962124
v -7.30625113281 0.366011742578 1.85311969937
v -7.30623746094 0.388884789453 1.85247516812
v -7.35588394531 0.377449242578 1.85237946499
v -7.38071109375 0.366013695703 1.85248102749
v -7.38070425781 0.377449242578 1.85216657437
v -7.38070816406 0.371732445703 1.85232477749
v -7.39311441406 0.377451195703 1.85205915249
v -7.39312125 0.366013695703 1.85237360562
v -7.39311832031 0.371732445703 1.85221735562
v -7.35589859375 0.354576195703 1.85300055874
v -7.38072574219 0.343138695703 1.85307868374
v -7.38071890625 0.354576195703 1.85278571499
v -7.25662613281 0.343136742578 1.85414899624
v -7.30627847656 0.320263695703 1.85428962124
v -7.30626480469 0.343138695703 1.85372516812
v -7.380715 0.360294945703 1.85263337124
v -7.3931290625 0.354576195703 1.85267633999
v -7.39312515625 0.360294945703 1.85252594937
v -7.38072183594 0.348857445703 1.85293415249
v -7.39313589844 0.343138695703 1.85297126187
v -7.39313199219 0.348857445703 1.85282477749
v -7.35591226563 0.331701195703 1.85358063687
v -7.3807384375 0.320265648828 1.85363923062
v -7.38073257813 0.331703148828 1.85336383999
v -7.35593082031 0.297390648828 1.85437946499
v -7.355965 0.228763695703 1.85571149624
v -6.95885660156 -0.191281226172 1.85981891812
v -7.35588101563 -0.382556616797 1.85223493374
v -7.35597964844 -0.191285132422 1.85629157437
v -7.35593667969 -0.286923804297 1.85460602749
v -6.95866324219 -0.573792944922 1.84829352749
v -7.35558511719 -0.765001929297 1.83580524624
v -7.35574234375 -0.573800757422 1.84542048062
v -6.16388443359 -1.1269081793 1.81254548062
v -6.95760269531 -1.48895700742 1.77393024624
v -6.95812515625 -1.12687106992 1.81138141812
v -7.3559103125 -0.334740210547 1.85350641812
v -7.35581460937 -0.478183569922 1.84917633999
v -7.75295523438 -0.478189429297 1.84579352749
v -7.55430289063 -0.573802710547 1.84385407437
v -7.55437808594 -0.478187476172 1.84752204312
v -6.95882535156 -0.286915991797 1.85801227749
v -7.15741519531 -0.191283179297 1.85808063687
v -7.15732632813 -0.382552710547 1.85389508999
v -7.15737710938 -0.286919898047 1.85633844937
v -6.16463736328 -0.191267554297 1.86626423062
v -6.56170523438 -0.382539038672 1.85848883999
v -6.56174917969 -0.191275366797 1.86314313687
v -4.73156900391 -0.382501929297 1.86976423062
v -5.44800210938 -0.764992163672 1.84409040249
v -5.44822671875 -0.382511694922 1.86577008999
v -7.35589566406 -0.358648413672 1.85289313687
v -7.40552066406 -0.382558569922 1.85180915249
v -7.35584878906 -0.430371069922 1.85079157437
v -7.55441324219 -0.430374976172 1.84910016812
v -7.45509488281 -0.478185523047 1.84835993374
v -7.45513003906 -0.430373023047 1.84995563687
v -6.95872769531 -0.478173804297 1.85224665249
v -7.15719644531 -0.573796851172 1.84689899624
v -7.15726578125 -0.478179663672 1.85074860562
v -6.16455972656 -0.573773413672 1.85311579312
v -6.56146646484 -0.764998023047 1.84030719937
v -6.56161539063 -0.573783179297 1.85084626187
v -7.15735269531 -0.334738257422 1.85520368374
v -7.25665542969 -0.286921851172 1.85547907437
v -7.25660269531 -0.382554663672 1.85307282437
v -7.25663003906 -0.334740210547 1.85436383999
v -7.35590347656 -0.346695288672 1.85320563687
v -7.380730625 -0.334742163672 1.85328962124
v -7.38071597656 -0.358650366797 1.85267829312
v -7.3807228125 -0.346695288672 1.85298883999
v -7.25661636719 -0.358648413672 1.85374079312
v -7.3062696875 -0.334740210547 1.85393610562
v -7.30624136719 -0.382556616797 1.85265680874
v -7.30625601563 -0.358648413672 1.85331891812
v -7.15729703125 -0.430367163672 1.85241071499
v -7.25653921875 -0.478181616797 1.84997321499
v -7.25657144531 -0.430369116797 1.85160993374
v -7.35592398437 -0.310832007422 1.85407673062
v -7.35596011719 -0.239105444922 1.85553376187
v -7.38071988281 -0.352671851172 1.85283454312
v -7.39313394531 -0.346695288672 1.85288141812
v -7.39312613281 -0.358650366797 1.85257087124
v -7.39313003906 -0.352673804297 1.85272712124
v -7.35588785156 -0.370603491797 1.85256891812
v -7.38070035156 -0.382556616797 1.85202399624
v -7.38070816406 -0.370603491797 1.85235602749
v -7.35586539063 -0.406464819922 1.85153571499
v -7.45514664063 -0.406466773047 1.85068805874
v -7.4054884375 -0.430371069922 1.85037555874
v -7.40550503906 -0.406464819922 1.85111383999
v -7.38071207031 -0.364626929297 1.85251813687
v -7.39311832031 -0.370603491797 1.85224860562
v -7.39312222656 -0.364626929297 1.85241071499
v -7.40551285156 -0.394511694922 1.85146735562
v -7.43032535156 -0.406464819922 1.85090290249
v -7.55443082031 -0.406466773047 1.84982477749
v -7.50477164063 -0.430373023047 1.84952985562
v -7.50478824219 -0.406466773047 1.85025837124
v -7.75299136719 -0.430376929297 1.84733454312
v -7.65366519531 -0.478187476172 1.84666657437
v -7.65370132812 -0.430374976172 1.84822712124
v -8.13398160156 -0.478193335547 1.84227204312
v -7.94338980469 -0.573808569922 1.84053962124
v -7.94346402344 -0.478191382422 1.84406501187
v -7.40551675781 -0.388535132422 1.85163923062
v -7.35587320313 -0.394509741797 1.85189118374
v -7.38068472656 -0.406464819922 1.85132477749
v -7.38069351563 -0.394511694922 1.85168024624
v -7.25658707031 -0.406462866797 1.85236383999
v -7.30621011719 -0.430369116797 1.85120368374
v -7.30622574219 -0.406462866797 1.85195173062
v -7.43032925781 -0.400488257422 1.85107868374
v -7.44273550781 -0.406464819922 1.85079548062
v -7.47996695313 -0.406466773047 1.85047516812
v -7.40549722656 -0.418417944922 1.85075055874
v -7.45513785156 -0.418419898047 1.85032673062
v -7.43030875 -0.430373023047 1.85016657437
v -7.43031753906 -0.418419898047 1.85053962124
v -7.3558321875 -0.454277319922 1.85000641812
v -7.45511246094 -0.454279273047 1.84917829312
v -7.40545425781 -0.478183569922 1.84877008999
v -7.40547183594 -0.454277319922 1.84959430874
v -7.35577945312 -0.525992163672 1.84738532437
v -7.55434097656 -0.525996069922 1.84577399624
v -7.45502066406 -0.573802710547 1.84464899624
v -7.45505875 -0.525994116797 1.84659040249
v -7.35566421875 -0.669406226172 1.84096540249
v -7.75280289063 -0.669412085547 1.83792829312
v -7.55414664063 -0.765003882422 1.83443415249
v -7.55422476563 -0.669410132422 1.83949274624
v -6.95833316406 -0.945927710547 1.82611774624
v -7.75258023438 -0.945915991797 1.82169391812
v -7.35525308594 -1.12685544492 1.80992243374
v -7.35542691406 -0.945919898047 1.82411383999
v -8.8485196875 -0.394519507422 1.83742829312
v -8.82469644531 -0.406472632422 1.83737165249
v -8.7056134375 -0.406474585547 1.83863532437
v -8.75323355469 -0.430380835547 1.83747712124
v -8.75324625 -0.406474585547 1.83813141812
v -8.51506753906 -0.430380835547 1.83995758999
v -8.61030484375 -0.478193335547 1.83753766812
v -8.61033414062 -0.430380835547 1.83897516812
v -8.32443863281 -0.573810523047 1.83701032437
v -8.32450699219 -0.478193335547 1.84042048062
v -8.824699375 -0.400496069922 1.83752790249
v -8.81278824219 -0.406472632422 1.83749860562
v -8.81279117188 -0.400496069922 1.83765485562
v -8.80087417969 -0.418427710547 1.83730329312
v -8.84850699219 -0.418425757422 1.83679548062
v -8.82468472656 -0.430380835547 1.83671735562
v -8.82469058594 -0.418427710547 1.83704938687
v -8.80085464844 -0.454287085547 1.83627985562
v -8.89612222656 -0.454285132422 1.83526423062
v -8.84847574219 -0.478191382422 1.83504548062
v -8.8484884375 -0.454287085547 1.83577399624
v -8.705543125 -0.526001929297 1.83496735562
v -8.89608316406 -0.526001929297 1.83297321499
v -8.80078335938 -0.573808569922 1.83225055874
v -8.80081265625 -0.526001929297 1.83397712124
v -8.51490542969 -0.669414038672 1.83115094937
v -8.89599332031 -0.669414038672 1.82736774624
v -8.70538101563 -0.765005835547 1.82472126187
v -8.70544839844 -0.669414038672 1.82928766812
v -8.514699375 -0.945914038672 1.81599665249
v -8.89562515625 -1.12684372617 1.80032868374
v -8.89579019531 -0.945915991797 1.81268024624
v -8.77706363281 -0.406474585547 1.83787946499
v -8.84852261719 -0.388542944922 1.83758063687
v -8.83661148438 -0.394519507422 1.83755524624
v -8.83661441406 -0.388542944922 1.83770758999
v -8.8961525 -0.394519507422 1.83691462124
v -8.87233023438 -0.406472632422 1.83685993374
v -8.87233609375 -0.394519507422 1.83717243374
v -8.99141421875 -0.406472632422 1.83557087124
v -8.94376871094 -0.430378882422 1.83544001187
v -8.94378042969 -0.406472632422 1.83608844937
v -8.8485275 -0.376587866797 1.83787751187
v -18.8796700781 1.9358105707 1.50723102749
v -18.8779903906 1.93820705508 1.50690485562
v -18.8760860938 1.9404277582 1.50661579312
v -18.8739708594 1.94245314883 1.50636383999
v -18.8716603125 1.94426955508 1.50615290249
v -18.86918375 1.94585158633 1.50598493374
v -18.8665665625 1.94718166445 1.50586188687
v -18.8638302344 1.94825197695 1.50578571499
v -18.86099625 1.94904885195 1.50575837124
v -18.858074375 1.9495683832 1.50577790249
v -18.8551251563 1.9497949457 1.50584430874
v -18.852168125 1.94973049258 1.50595954312
v -18.8492267187 1.94937502383 1.50611969937
v -18.8463360938 1.9487324457 1.50632477749
v -18.8435353125 1.9478105707 1.50657282437
v -18.84084 1.94661916445 1.50685993374
v -18.8382735937 1.9451699457 1.50718415249
v -18.8358478125 1.94346291445 1.50754352749
v -18.8336095313 1.94153322695 1.50793415249
v -18.831574375 1.9393965082 1.50834821499
v -18.8297579688 1.93706643008 1.50878571499
v -18.8281798438 1.9345683832 1.50924274624
v -18.8268575781 1.93193752383 1.50970954312
v -18.8258009375 1.92919143008 1.51018610562
v -18.8250177344 1.92634768008 1.51066852749
v -18.8245196875 1.92345705508 1.51114704312
v -18.8243048437 1.9205371332 1.51161969937
v -18.8243771094 1.9176074457 1.51208258999
v -18.8247364844 1.91469143008 1.51253376187
v -18.8253790625 1.91182033633 1.51296540249
v -18.8262989844 1.90903127383 1.51337555874
v -18.8274884375 1.9063418207 1.51375837124
v -18.8289415625 1.9037715082 1.51411383999
v -18.8306271094 1.90137502383 1.51443219937
v -18.8325353125 1.8991543207 1.51471540249
v -18.8346544531 1.8971308832 1.51495954312
v -18.8369708594 1.89531643008 1.51516462124
v -18.8394532813 1.89373635195 1.51532477749
v -18.842074375 1.89241018008 1.51544196499
v -18.8448126562 1.89134572695 1.51551227749
v -18.8476525 1.89055080508 1.51553766812
v -18.8505685156 1.89003908633 1.51551423062
v -18.853511875 1.88981643008 1.51544587124
v -18.8564630469 1.88988478945 1.51533258999
v -18.8593985938 1.89024416445 1.51517243374
v -18.8622814062 1.8908886957 1.51496930874
v -18.8650763281 1.8918105707 1.51472712124
v -18.8677638281 1.89300002383 1.51444587124
v -18.8703263281 1.89444924258 1.51412751187
v -18.8727482031 1.89615236758 1.51377594937
v -18.8749845312 1.89808010195 1.51339313687
v -18.8770157813 1.90021486758 1.51298493374
v -18.8788302344 1.90254299258 1.51255329312
v -18.8804083594 1.90503518008 1.51210407437
v -18.8817286719 1.9076621332 1.51164313687
v -18.8827853125 1.91040627383 1.51117048062
v -18.8835704688 1.91324416445 1.51069391812
v -18.8840704688 1.91613283633 1.51021735562
v -18.8842872656 1.9190527582 1.50974469937
v -18.8842169531 1.92198049258 1.50928180874
v -18.8838614844 1.92489455508 1.50882868374
v -18.8832208594 1.9277636957 1.50839313687
v -18.8823048437 1.9305527582 1.50797907437
v -18.8811192969 1.9332402582 1.50759040249
v -18.3368478125 1.83967580508 1.54116462124
v -19.0378927344 1.83960939883 1.51675251187
v -18.3365685156 2.02142385195 1.51246149624
v -18.6871446875 1.83964260195 1.52902985562
v -18.6879513281 2.02140236758 1.50000837124
v -18.687418125 1.9305371332 1.51484040249
v -18.8640646094 2.02139064883 1.49377399624
v -19.0389220312 1.93050393008 1.50247321499
v -18.8624552344 1.83962502383 1.52290680874
v -19.3915333594 1.83958010195 1.50428962124
v -18.6871759375 1.65778908633 1.55543415249
v -19.0389122656 0.731906273828 1.63531305874
v -18.863511875 1.9759590082 1.50129743374
v -19.039636875 1.9759433832 1.49509235562
v -18.950965 1.9305136957 1.50556891812
v -18.9515392187 1.9759511957 1.49819391812
v -19.2137013281 1.83959377383 1.51056696499
v -19.2152482031 1.93048830508 1.49627399624
v -19.3894025 1.65775197695 1.53087555874
v -18.8632755469 1.9532402582 1.50500055874
v -18.9075177344 1.97595510195 1.49974665249
v -18.9512364844 1.9532324457 1.50190094937
v -18.9070079688 1.93051760195 1.50711579312
v -18.9072482031 1.95323635195 1.50345173062
v -18.862715 1.8850761957 1.51586579312
v -19.0383439062 1.8850605707 1.50969391812
v -18.9501564062 1.83961721133 1.51983454312
v -18.9505079687 1.8850683832 1.51278180874
v -18.6870802344 1.7487246332 1.54256696499
v -18.8621642187 1.7487090082 1.53649665249
v -18.6876485938 1.9759746332 1.50750446499
v -18.7759689063 2.0213965082 1.49689118374
v -18.775215 1.9305293207 1.51175251187
v -18.7755489844 1.9759668207 1.50440094937
v -18.3366700781 1.9305683832 1.52713532437
v -18.5121310156 2.02141408633 1.50624079312
v -18.5119474219 1.83965822695 1.53511774624
v -18.5119610937 1.9305527582 1.52100055874
v -18.8852599219 1.95323830508 1.50422516812
v -18.9071251563 1.94187697695 1.50528766812
v -18.8851446875 1.94187893008 1.50606305874
v -18.9507228125 1.90779103945 1.50919587124
v -18.906605625 1.88507228945 1.51432477749
v -18.9067950781 1.9077949457 1.51074079312
v -18.6872521094 1.88509377383 1.52201618374
v -18.7747853125 1.83963478945 1.52597321499
v -18.7749630469 1.8850840082 1.51894391812
v -18.77537125 1.9532480707 1.50809821499
v -18.8195216406 1.97596291445 1.50285016812
v -18.8191329688 1.93052541445 1.51020758999
v -18.8193165625 1.95324416445 1.50654938687
v -18.9068985938 1.91915627383 1.50893415249
v -18.8848341406 1.90779689883 1.51151227749
v -18.7750802344 1.90780861758 1.51536969937
v -18.8188341406 1.88508010195 1.51740485562
v -18.8189728125 1.9078027582 1.51382673062
v -18.8192228125 1.94188478945 1.50838337124
v -18.841293125 1.95324221133 1.50577399624
v -18.8742677344 1.9532402582 1.50461383999
v -18.8852013281 1.94755861758 1.50514508999
v -18.8742091406 1.9475605707 1.50553180874
v -18.8633888281 1.9645996332 1.50315485562
v -18.885511875 1.97595705508 1.50052204312
v -18.9073790625 1.96459572695 1.50160407437
v -18.8853829688 1.96459768008 1.50237946499
v -18.8637735938 1.99867580508 1.49755524624
v -18.9518732031 1.99866799258 1.49444782437
v -18.9078146094 1.99867189883 1.49600251187
v -18.8522833594 1.95324221133 1.50538727749
v -18.8194161719 1.96460353945 1.50470368374
v -18.8415138281 1.97596096133 1.50207477749
v -18.8414005469 1.96460158633 1.50393024624
v -18.7757482031 1.99868361758 1.50066657437
v -18.8200079688 2.02139260195 1.49533258999
v -18.8197521094 1.99867971133 1.49911188687
v -18.8192677344 1.94756447695 1.50746735562
v -18.8303048437 1.95324416445 1.50616266812
v -18.8302071875 1.94188478945 1.50799665249
v -18.8302540625 1.94756447695 1.50708063687
v -18.7752911719 1.9418886957 1.50993024624
v -18.7973419531 1.95324611758 1.50732282437
v -18.7971739844 1.93052736758 1.51098102749
v -18.7972540625 1.94188674258 1.50915680874
v -18.6875255469 1.9532558832 1.51119196499
v -18.7315919531 1.97597072695 1.50595368374
v -18.7313107031 1.93053322695 1.51329743374
v -18.7314415625 1.95325197695 1.50964508999
v -18.5120235938 1.97598830508 1.51369977749
v -18.6000060156 2.02140822695 1.50312555874
v -18.5996661719 1.9305449457 1.51792243374
v -18.59980875 1.97598049258 1.51060407437
v -18.8191778906 1.93620510195 1.50929743374
v -18.8190509375 1.91916408633 1.51202204312
v -18.8190919531 1.92484572695 1.51111579312
v -18.7751446875 1.91916799258 1.51356696499
v -18.7970255469 1.90780666445 1.51459821499
v -18.7970958594 1.91916603945 1.51279352749
v -18.6873263281 1.90781643008 1.51844782437
v -18.7311036719 1.88508791445 1.52048102749
v -18.7311974219 1.90781252383 1.51690876187
v -18.5119357031 1.88510939883 1.52814118374
v -18.5995314063 1.83965041445 1.53207868374
v -18.5995763281 1.88510158633 1.52508258999
v -18.819011875 1.91348439883 1.51292633999
v -18.8189005469 1.89644143008 1.51562165249
v -18.8407735938 1.88507814883 1.51663532437
v -18.7748653906 1.86235939883 1.52247907437
v -18.862574375 1.86235158633 1.51940680874
v -18.8186153906 1.83962893008 1.52444001187
v -18.818715 1.86235549258 1.52094391812
v -18.68709 1.7941855707 1.53588141812
v -18.8622735938 1.7941699457 1.52978376187
v -18.7746153906 1.7487168207 1.53953766812
v -18.7746700781 1.7941777582 1.53283844937
v -18.8189357031 1.9021230707 1.51472516812
v -18.8298732031 1.89644143008 1.51523688687
v -18.7750196875 1.89644728945 1.51716071499
v -18.7968985938 1.88508205508 1.51817438687
v -18.7969591406 1.8964433832 1.51639118374
v -18.8188673438 1.89076174258 1.51651423062
v -18.84080875 1.89075978945 1.51574469937
v -18.8298028906 1.88508010195 1.51702008999
v -18.8298380469 1.89075978945 1.51612946499
v -18.8187716406 1.87371877383 1.51918024624
v -18.8626427344 1.87371486758 1.51764118374
v -18.8406446875 1.86235353945 1.52017633999
v -18.8407052344 1.8737168207 1.51841071499
v -18.9503204688 1.86234377383 1.51632868374
v -18.9063009375 1.83962111758 1.52137165249
v -18.9064415625 1.86234768008 1.51786774624
v -19.0375528906 1.79415627383 1.52364704312
v -18.9499005469 1.7941621332 1.52672126187
v -19.3901485937 1.74867189883 1.51791852749
v -19.2127677344 1.74868361758 1.52420368374
v -18.8517442969 1.88507814883 1.51625055874
v -18.9066974219 1.89643361758 1.51253766812
v -18.8846603125 1.88507424258 1.51509626187
v -18.8847442969 1.8964355707 1.51330915249
v -18.8847013281 1.8907558832 1.51420368374
v -18.8736876562 1.8850761957 1.51548102749
v -18.8737267187 1.8907558832 1.51458844937
v -18.9065216406 1.87371096133 1.51610212124
v -18.8845079688 1.8623496332 1.51863727749
v -18.8845802344 1.87371291445 1.51687165249
v -18.8847892188 1.90211721133 1.51241266812
v -18.8796700781 -1.93581052305 1.50723102749
v -18.8811192969 -1.93324021055 1.50759040249
v -18.8823048437 -1.93055271055 1.50797907437
v -18.8832208594 -1.92776364805 1.50839313687
v -18.8838614844 -1.92489450742 1.50882868374
v -18.8842169531 -1.92198044492 1.50928180874
v -18.8842872656 -1.91905271055 1.50974469937
v -18.8840704688 -1.9161347418 1.51021735562
v -18.8835704688 -1.9132441168 1.51069391812
v -18.8827853125 -1.91040622617 1.51117048062
v -18.8817286719 -1.90766208555 1.51164313687
v -18.8804083594 -1.90503513242 1.51210407437
v -18.8788302344 -1.90254294492 1.51255329312
v -18.8770157813 -1.90021481992 1.51298493374
v -18.8749845312 -1.8980800543 1.51339313687
v -18.8727482031 -1.89615231992 1.51377594937
v -18.8703263281 -1.89444919492 1.51412751187
v -18.8677638281 -1.89299997617 1.51444587124
v -18.8650763281 -1.89181052305 1.51472712124
v -18.8622814062 -1.89088864805 1.51496930874
v -18.8593985938 -1.8902441168 1.51517243374
v -18.8564630469 -1.8898847418 1.51533258999
v -18.853511875 -1.88981638242 1.51544587124
v -18.8505685156 -1.89003903867 1.51551423062
v -18.8476525 -1.89055075742 1.51553766812
v -18.8448126562 -1.8913456793 1.51551227749
v -18.842074375 -1.89241013242 1.51544196499
v -18.8394532813 -1.8937363043 1.51532477749
v -18.8369708594 -1.89531638242 1.51516462124
v -18.8346544531 -1.89713083555 1.51495954312
v -18.8325353125 -1.89915427305 1.51471540249
v -18.8306271094 -1.90137497617 1.51443219937
v -18.8289415625 -1.90377146055 1.51411383999
v -18.8274884375 -1.90634177305 1.51375837124
v -18.8262989844 -1.90903122617 1.51337555874
v -18.8253790625 -1.91182028867 1.51296540249
v -18.8247364844 -1.91469138242 1.51253376187
v -18.8243771094 -1.91760739805 1.51208258999
v -18.8243048437 -1.92053708555 1.51161969937
v -18.8245196875 -1.92345700742 1.51114704312
v -18.8250177344 -1.92634763242 1.51066852749
v -18.8258009375 -1.92919138242 1.51018610562
v -18.8268575781 -1.93193747617 1.50970954312
v -18.8281798438 -1.93457028867 1.50924274624
v -18.8297579688 -1.93706638242 1.50878571499
v -18.831574375 -1.93939646055 1.50834821499
v -18.8336095313 -1.9415331793 1.50793415249
v -18.8358478125 -1.9434628668 1.50754352749
v -18.8382735937 -1.94516989805 1.50718415249
v -18.84084 -1.9466191168 1.50685993374
v -18.8435353125 -1.94781052305 1.50657282437
v -18.8463360938 -1.94873239805 1.50632477749
v -18.8492267187 -1.94937497617 1.50611969937
v -18.852168125 -1.94973044492 1.50595954312
v -18.8551251563 -1.94979489805 1.50584430874
v -18.858074375 -1.94956833555 1.50577790249
v -18.86099625 -1.9490488043 1.50575837124
v -18.8638302344 -1.9482519293 1.50578571499
v -18.8665665625 -1.9471816168 1.50586188687
v -18.86918375 -1.94585153867 1.50598493374
v -18.8716603125 -1.94426950742 1.50615290249
v -18.8739708594 -1.94245310117 1.50636383999
v -18.8760860938 -1.94042771055 1.50661579312
v -18.8779903906 -1.93820700742 1.50690485562
v -18.3365567969 -2.04314841367 1.50885798062
v -18.6871817969 -1.85848825742 1.52614313687
v -18.6881232031 -2.04313083555 1.49636579312
v -18.687511875 -1.95082614805 1.51158454312
v -18.8625528906 -1.8584706793 1.52000641812
v -19.0392247656 -1.95079489805 1.49919782437
v -18.8632501563 -1.95081052305 1.50539313687
v -18.6871505469 -1.67374216367 1.55322712124
v -19.0388771094 -0.764992163672 1.63327008999
v -19.3919142187 -1.8584238043 1.50138141812
v -18.9502911719 -1.8584628668 1.51693024624
v -19.0385782813 -1.9046269293 1.50660602749
v -18.9512071875 -1.95080271055 1.50229548062
v -18.9506915625 -1.9046347418 1.50969587124
v -18.6870802344 -1.76612497617 1.54002790249
v -19.0373946875 -1.7660956793 1.52782087124
v -18.862199375 -1.76610935117 1.53394587124
v -19.3894923437 -1.67370310117 1.52865094937
v -19.2139689062 -1.8584394293 1.50765680874
v -19.2156896094 -1.95077731992 1.49299274624
v -18.9067677344 -1.90463864805 1.51124079312
v -18.95093375 -1.92771872617 1.50601618374
v -18.9072208594 -1.9508066168 1.50384430874
v -18.906980625 -1.92772458555 1.50756305874
v -18.8637540625 -1.99696872617 1.49783844937
v -18.9518478125 -1.9969628668 1.49473102749
v -18.6873146094 -1.90466013242 1.51894587124
v -18.7748497656 -1.8584784918 1.52307868374
v -18.7753536719 -1.95081833555 1.50849079312
v -18.7750626563 -1.90465231992 1.51586774624
v -18.3366407813 -1.95085544492 1.52391462124
v -18.5119376563 -1.85850388242 1.53224469937
v -18.5121974219 -2.04314060117 1.50261579312
v -18.5119845313 -1.95084177305 1.51776032437
v -17.9774591406 -1.8585566168 1.55061579312
v -17.97662125 -2.04316013242 1.52161774624
v -18.9070978125 -1.93926560117 1.50570954312
v -18.8852345312 -1.95080856992 1.50461969937
v -18.8851173438 -1.9392675543 1.50648298062
v -18.8634884375 -1.97389060117 1.50163727749
v -18.9515099219 -1.97388278867 1.49853376187
v -18.9077911719 -1.99696677305 1.49628376187
v -18.9074903906 -1.97388669492 1.50008454312
v -18.6877794531 -1.99698239805 1.50405719937
v -18.7762052344 -2.0431269293 1.49324274624
v -18.7757325781 -1.99697653867 1.50094782437
v -18.7751974219 -1.9277363043 1.51219977749
v -18.8189532812 -1.90464841367 1.51432673062
v -18.8192950781 -1.9508144293 1.50694196499
v -18.8191134375 -1.92773239805 1.51065485562
v -18.8192013281 -1.93927341367 1.50880329312
v -18.8412716406 -1.95081247617 1.50616852749
v -18.7755314062 -1.97389841367 1.50473883999
v -18.8197345312 -1.99697263242 1.49939313687
v -18.8195021094 -1.97389450742 1.50318805874
v -18.88480875 -1.9046425543 1.51201227749
v -18.9068692969 -1.9161816168 1.50940680874
v -18.8626915625 -1.88155856992 1.51641657437
v -18.9064161719 -1.85846677305 1.51846930874
v -18.9504767188 -1.88155075742 1.51333454312
v -18.9065802344 -1.88155466367 1.51487555874
v -18.8623380469 -1.81229294492 1.52706305874
v -18.9497872656 -1.7661034918 1.53088923062
v -19.0376759375 -1.81227731992 1.52091852749
v -18.9499923438 -1.81228513242 1.52399469937
v -19.3903595312 -1.76607028867 1.51536188687
v -19.2129044531 -1.76608200742 1.52164508999
v -18.8190294531 -1.9161894293 1.51249665249
v -18.7749474219 -1.88156638242 1.51949469937
v -18.8186974219 -1.85847458555 1.52154352749
v -18.8188146094 -1.88156247617 1.51795563687
v -18.687105625 -1.81230856992 1.53317048062
v -18.7746310156 -1.76611716367 1.53699274624
v -18.7747091406 -1.81230075742 1.53011969937
v -18.8846349219 -1.8815566168 1.51564704312
v -18.9066700781 -1.89309763242 1.51306305874
v -18.8847189063 -1.89309958555 1.51383454312
v -18.8737442969 -1.89309958555 1.51421930874
v -18.8847638281 -1.89887106992 1.51292438687
v -18.8188810156 -1.89310544492 1.51614704312
v -18.8407521094 -1.88156052305 1.51718610562
v -18.862730625 -1.8873300543 1.51551227749
v -18.8736622656 -1.8815566168 1.51603180874
v -18.8846759375 -1.88732810117 1.51474274624
v -18.8737032813 -1.88732810117 1.51512751187
v -18.8626192969 -1.87001560117 1.51821735562
v -18.8844845312 -1.85846872617 1.51923883999
v -18.9064942969 -1.8700097418 1.51667829312
v -18.8845567969 -1.87001364805 1.51744782437
v -18.8624357031 -1.83538278867 1.52355524624
v -18.9061622656 -1.81228903867 1.52552985562
v -18.9501290625 -1.83537497617 1.52048298062
v -18.9062775 -1.83537888242 1.52202008999
v -18.8407872656 -1.88733200742 1.51628180874
v -18.8517208594 -1.88155856992 1.51680133999
v -18.8517579688 -1.8873300543 1.51589704312
v -18.8187540625 -1.87001950742 1.51975446499
v -18.8406232031 -1.85847263242 1.52077594937
v -18.8406857031 -1.8700175543 1.51898688687
v -18.7747716406 -1.83539060117 1.52661969937
v -18.8185196875 -1.81229685117 1.52859235562
v -18.8185997656 -1.83538669492 1.52508844937
v -18.8189161719 -1.8988769293 1.51523688687
v -18.8298517187 -1.8931034918 1.51576227749
v -18.7750021094 -1.89310935117 1.51768610562
v -18.7968790625 -1.8815644293 1.51872516812
v -18.7970060156 -1.9046503668 1.51509821499
v -18.7969396094 -1.89310739805 1.51691657437
v -18.6872403906 -1.88157419492 1.52256501187
v -18.731011875 -1.85848435117 1.52461188687
v -18.73118375 -1.90465622617 1.51740876187
v -18.73109 -1.88157028867 1.52102985562
v -18.5119415625 -1.90467771055 1.52508649624
v -18.5995450781 -1.85849606992 1.52919782437
v -18.5997228125 -1.95083396055 1.51467438687
v -18.5996095312 -1.90466794492 1.52202008999
v -18.8189903906 -1.91041989805 1.51341266812
v -18.7751271094 -1.91619333555 1.51403962124
v -18.7971544531 -1.92773435117 1.51142829312
v -18.7970782813 -1.91619138242 1.51326813687
v -18.6874064063 -1.9277441168 1.51528571499
v -18.7314259375 -1.9508222418 1.51003766812
v -18.7312950781 -1.92774021055 1.51374274624
v -18.8190704687 -1.92196091367 1.51157673062
v -18.8191564062 -1.9335019293 1.50973102749
v -18.7752735938 -1.93927731992 1.51035016812
v -18.7973224219 -1.95081638242 1.50771735562
v -18.7972364844 -1.9392753668 1.50957673062
v -18.8192482031 -1.94504294492 1.50787360562
v -18.8302833594 -1.95081247617 1.50655524624
v -18.8302325781 -1.94504294492 1.50748688687
v -18.8193946875 -1.96235544492 1.50507087124
v -18.8633673437 -1.96235153867 1.50352008999
v -18.8414923438 -1.9738925543 1.50241266812
v -18.8413790625 -1.9623534918 1.50429548062
v -18.8851759375 -1.94503708555 1.50555329312
v -18.8742423438 -1.95080856992 1.50500641812
v -18.9073517188 -1.96234763242 1.50196930874
v -18.8854884375 -1.97388864805 1.50086188687
v -18.8853575781 -1.96234958555 1.50274469937
v -15.677324375 -2.4968847418 1.52432477749
v -15.6788185156 -2.49431247617 1.52472126187
v -15.6800450781 -2.49161521055 1.52514704312
v -15.6810001563 -2.48881247617 1.52560016812
v -15.6816739844 -2.48592771055 1.52607673062
v -15.68205875 -2.4829941168 1.52657087124
v -15.6821544531 -2.48004685117 1.52707477749
v -15.6819591406 -2.47710544492 1.52758844937
v -15.6814747656 -2.4741894293 1.52810602749
v -15.6807130469 -2.47135739805 1.52861774624
v -15.6796798437 -2.46861716367 1.52912360562
v -15.6783849219 -2.46598825742 1.52961774624
v -15.6768321875 -2.46349216367 1.53009626187
v -15.6750411719 -2.46115622617 1.53055524624
v -15.6730333594 -2.4590097418 1.53098688687
v -15.6708224219 -2.45706833555 1.53139118374
v -15.6684200781 -2.4553456793 1.53176423062
v -15.6658907813 -2.45388278867 1.53209626187
v -15.6632345312 -2.45267575742 1.53238923062
v -15.6604689062 -2.45173044492 1.53264118374
v -15.6576134375 -2.4510566168 1.53285016812
v -15.6547013281 -2.45066403867 1.53301032437
v -15.6517716406 -2.45055856992 1.53312360562
v -15.6488439063 -2.45074021055 1.53318805874
v -15.6459376563 -2.45120700742 1.53320368374
v -15.6430763281 -2.4519628668 1.53316852749
v -15.6403126562 -2.4529941168 1.53308258999
v -15.6376642188 -2.45428903867 1.53294782437
v -15.6351505469 -2.45584177305 1.53276423062
v -15.6328048437 -2.45763278867 1.53253376187
v -15.6306544531 -2.45963669492 1.53226227749
v -15.6287130469 -2.46183981992 1.53194977749
v -15.6269942969 -2.46422263242 1.53159821499
v -15.6255021094 -2.4667909918 1.53120758999
v -15.6242775 -2.46948239805 1.53078571499
v -15.6233224219 -2.47227731992 1.53033844937
v -15.6226485938 -2.47515427305 1.52986774624
v -15.6222599219 -2.47808200742 1.52937751187
v -15.6221622656 -2.48102341367 1.52887555874
v -15.6223517188 -2.48395896055 1.52836383999
v -15.6228302344 -2.48686716367 1.52784821499
v -15.6235880469 -2.4897050543 1.52733258999
v -15.6246173437 -2.49245114805 1.52682673062
v -15.6259103125 -2.49508396055 1.52632868374
v -15.6274591406 -2.49758591367 1.52584626187
v -15.6292482031 -2.49992575742 1.52538141812
v -15.6312560156 -2.50207614805 1.52494391812
v -15.6334689063 -2.50402341367 1.52453376187
v -15.6358692969 -2.50574802305 1.52415485562
v -15.6383985938 -2.50721481992 1.52381696499
v -15.6410548438 -2.50842575742 1.52352008999
v -15.6438204688 -2.50937497617 1.52326423062
v -15.6466759375 -2.51005075742 1.52305133999
v -15.6495880469 -2.51044528867 1.52288727749
v -15.6525216406 -2.51055271055 1.52277204312
v -15.6554513281 -2.51037497617 1.52270563687
v -15.6583575781 -2.5099081793 1.52269001187
v -15.6612228125 -2.50915427305 1.52272712124
v -15.6639923437 -2.50812302305 1.52281501187
v -15.6666427344 -2.50682614805 1.52295173062
v -15.6691603125 -2.50527341367 1.52313923062
v -15.6715079687 -2.50348044492 1.52337165249
v -15.6736622656 -2.50147458555 1.52364899624
v -15.675605625 -2.49927146055 1.52396735562
v -15.3493653906 -2.55245896055 1.52537946499
v -16.1255392187 -2.2275253668 1.55476813687
v -15.3500665625 -2.38959958555 1.55287751187
v -15.7380704687 -2.22755856992 1.56695563687
v -16.1249142187 -2.38977927305 1.52781891812
v -15.7366388281 -2.55292771055 1.51253571499
v -15.7376739844 -2.38965427305 1.54063337124
v -13.8302960547 -2.55188083555 1.56924665249
v -14.5903985938 -2.2277519293 1.59970368374
v -14.5897775 -2.55194333555 1.54869587124
v -15.3497853125 -2.47088278867 1.53935016812
v -15.5439064063 -2.3896191168 1.54682868374
v -15.7372579688 -2.4710956793 1.52680133999
v -15.5430528906 -2.5526738043 1.51903180874
v -15.5435646094 -2.47097653867 1.53314899624
v -14.5901388281 -2.38964646055 1.57508844937
v -14.9703692969 -2.2276816168 1.58943024624
v -14.9696329688 -2.55213864805 1.53736188687
v -14.9701222266 -2.38960153867 1.56428962124
v -15.5433321875 -2.51177731992 1.52614508999
v -15.7369767188 -2.51195700742 1.51972126187
v -15.6398595312 -2.55279489805 1.51580133999
v -15.640168125 -2.51186325742 1.52295173062
v -15.9313497656 -2.38970700742 1.53429548062
v -16.1242950781 -2.4714159918 1.51368219937
v -15.9308419531 -2.47124216367 1.52031110562
v -16.51262125 -2.22752146055 1.54204157437
v -16.5116192969 -2.38998435117 1.51447321499
v -15.6888439062 -2.4710644293 1.52840290249
v -15.7371232031 -2.49151364805 1.52327594937
v -15.688574375 -2.5119081793 1.52134235562
v -15.688715 -2.49147458555 1.52488532437
v -15.5437540625 -2.4302597418 1.54004352749
v -15.6408009375 -2.3896347418 1.54374860562
v -15.7374884375 -2.43033200742 1.53377204312
v -15.6406329687 -2.43029294492 1.53692633999
v -15.3502442969 -2.30853513242 1.56595954312
v -15.5442325781 -2.22758396055 1.57284430874
v -15.7379298438 -2.30850778867 1.55402008999
v -15.5441173438 -2.3085175543 1.56006110562
v -15.8340646094 -2.4711659918 1.52357282437
v -15.9305021094 -2.51216794492 1.51315680874
v -15.8333829687 -2.55306833555 1.50923298062
v -15.8337560156 -2.51205856992 1.51645758999
v -15.6886466406 -2.50168747617 1.52311774624
v -15.66437125 -2.5118847418 1.52214704312
v -15.6400196875 -2.53231638242 1.51939118374
v -15.7368146094 -2.53242771055 1.51614313687
v -15.6882521094 -2.55285935117 1.51417438687
v -15.6884200781 -2.53237106992 1.51777008999
v -15.5434532813 -2.49136521055 1.52966071499
v -15.59199625 -2.47100388242 1.53157673062
v -15.5917521094 -2.51181833555 1.52455329312
v -15.5918810156 -2.4914003668 1.52807868374
v -15.3495939062 -2.51162888242 1.53242048062
v -15.44668375 -2.47092575742 1.53626813687
v -15.4462208594 -2.55256052305 1.52222516812
v -15.4464728125 -2.51169919492 1.52930133999
v -14.969918125 -2.47076364805 1.55104938687
v -15.1601095313 -2.38959372617 1.55865876187
v -15.1595255469 -2.55228122617 1.53144782437
v -15.15987125 -2.47081247617 1.54527594937
v -15.6886817969 -2.4965800543 1.52400251187
v -15.6765450781 -2.50167771055 1.52352008999
v -15.6887814062 -2.48126560117 1.52664704312
v -15.6405333594 -2.45065231992 1.53347321499
v -15.6890646094 -2.43031247617 1.53535407437
v -15.7373790625 -2.45070310117 1.53029938687
v -15.6889591406 -2.45067771055 1.53189118374
v -15.8345255469 -2.38967966367 1.53748102749
v -15.9311232031 -2.43042575742 1.52735602749
v -15.8343204688 -2.4303769293 1.53058258999
v -15.9318439063 -2.22753903867 1.56093024624
v -16.12530875 -2.30852146055 1.54151813687
v -15.931668125 -2.3085097418 1.54783844937
v -15.7129200781 -2.4914941168 1.52408063687
v -15.7370509375 -2.50173239805 1.52150251187
v -15.7127775 -2.5119316168 1.52053376187
v -15.7128497656 -2.50170896055 1.52231110562
v -15.7856642188 -2.47112888242 1.52519196499
v -15.833918125 -2.49159763242 1.52002790249
v -15.7853692969 -2.51200583555 1.51809430874
v -15.7855235937 -2.49155466367 1.52165680874
v -15.6826642188 -2.49146872617 1.52508649624
v -15.688699375 -2.49402731992 1.52444391812
v -15.6826310156 -2.49657419492 1.52420368374
v -15.6826485938 -2.49402146055 1.52464508999
v -15.6887482031 -2.4863691168 1.52576618374
v -15.7130509375 -2.4710800543 1.52760212124
v -15.7371915625 -2.48130075742 1.52504157437
v -15.7129884375 -2.4812831793 1.52584626187
v -15.7008185156 -2.49148239805 1.52448298062
v -15.7128849219 -2.49660153867 1.52319587124
v -15.7007482031 -2.50169919492 1.52271344937
v -15.7007833594 -2.49658981992 1.52360016812
v -15.6887325781 -2.48892185117 1.52532673062
v -15.6826817969 -2.4889159918 1.52552594937
v -15.7008849219 -2.48127341367 1.52624665249
v -15.7129552344 -2.48638669492 1.52496344937
v -15.7008517188 -2.48637888242 1.52536579312
v -15.6887657812 -2.48381638242 1.52620758999
v -15.6827130469 -2.48381247617 1.52640680874
v -15.6888126563 -2.47616403867 1.52752594937
v -15.66474625 -2.45066403867 1.53268415249
v -15.6889025 -2.46086716367 1.53015094937
v -15.5436642188 -2.45060935117 1.53660993374
v -15.5921954688 -2.43027731992 1.53848883999
v -15.5921017187 -2.45062888242 1.53504743374
v -15.3499415625 -2.43020896055 1.54616852749
v -15.4469942969 -2.38960739805 1.54987165249
v -15.446855625 -2.43023239805 1.54312555874
v -15.682761875 -2.47616013242 1.52772516812
v -15.6887970313 -2.47871481992 1.52708649624
v -15.7009474219 -2.4710722418 1.52800251187
v -15.7130196875 -2.47617966367 1.52672516812
v -15.7009161719 -2.47617185117 1.52712555874
v -15.7131700781 -2.4506894293 1.53109626187
v -15.7373204688 -2.46089646055 1.52855329312
v -15.7131114844 -2.46088083555 1.52935407437
v -15.7859083594 -2.4303534918 1.53218024624
v -15.834199375 -2.45075778867 1.52709040249
v -15.785793125 -2.45073044492 1.52869977749
v -15.6827911719 -2.47106052305 1.52860212124
v -15.6888282813 -2.47361325742 1.52796344937
v -15.6767970313 -2.4608613043 1.53054743374
v -15.6888732031 -2.46596481992 1.52927594937
v -15.6828204688 -2.46596091367 1.52947516812
v -15.6888595312 -2.46851364805 1.52884040249
v -15.6828067969 -2.4685097418 1.52903962124
v -15.7010079687 -2.46087497617 1.52975251187
v -15.7130821875 -2.46598044492 1.52847907437
v -15.7009786719 -2.46597263242 1.52887751187
v -15.6828497656 -2.46086325742 1.53034821499
v -15.6888888281 -2.4634159918 1.52971344937
v -15.6828360937 -2.46341208555 1.52991266812
v -15.6768536719 -2.45066989805 1.53228766812
v -15.6889317969 -2.45577146055 1.53102204312
v -15.6768263281 -2.45576560117 1.53141852749
v -15.6405841406 -2.4404706793 1.53520368374
v -15.6648497656 -2.43030271055 1.53614118374
v -15.6890138281 -2.44049216367 1.53362555874
v -15.6647989844 -2.44048044492 1.53441657437
v -15.6407208594 -2.4099550543 1.54035212124
v -15.6892403906 -2.38964450742 1.54219587124
v -15.7375860938 -2.40998435117 1.53721540249
v -15.6891564062 -2.40996872617 1.53878766812
v -15.5440255469 -2.3490409918 1.55350055874
v -15.6410314063 -2.30851169492 1.55705915249
v -15.7378204687 -2.34905075742 1.54738337124
v -15.6409317969 -2.34904489805 1.55045954312
v -15.5920509375 -2.4608144293 1.53331501187
v -15.6163185156 -2.45064060117 1.53426227749
v -15.6162110937 -2.4710175543 1.53078571499
v -15.6162657813 -2.46082614805 1.53252790249
v -15.6707735938 -2.45576169492 1.53161774624
v -15.6768126563 -2.45831247617 1.53098298062
v -15.6708009375 -2.45066794492 1.53248493374
v -15.67684 -2.45321677305 1.53185407437
v -15.6707872656 -2.45321481992 1.53205133999
v -15.6647735938 -2.4455722418 1.53355133999
v -15.6769064062 -2.4404863043 1.53402008999
v -15.6889864844 -2.44558396055 1.53276032437
v -15.6768810156 -2.44557810117 1.53315485562
v -15.7132775 -2.4303222418 1.53456305874
v -15.7374357031 -2.44051560117 1.53203962124
v -15.7132247656 -2.44050388242 1.53283454312
v -15.64055875 -2.44556052305 1.53433844937
v -15.6526915625 -2.44047653867 1.53480915249
v -15.6526661719 -2.44556638242 1.53394587124
v -15.5921505469 -2.44045114805 1.53677204312
v -15.6164142188 -2.43028513242 1.53770954312
v -15.6163673437 -2.44046091367 1.53598883999
v -15.5438341406 -2.4099316168 1.54344977749
v -15.592355625 -2.3896269293 1.54529352749
v -15.5922814063 -2.40994333555 1.54190485562
v -15.6405470312 -2.44810739805 1.53390680874
v -15.6466134375 -2.4455644293 1.53414313687
v -15.6526544531 -2.44811325742 1.53351227749
v -15.6465997656 -2.44810935117 1.53370954312
v -15.6163439063 -2.44555075742 1.53512555874
v -15.6284767188 -2.44046481992 1.53559626187
v -15.6284259375 -2.45064646055 1.53386774624
v -15.6284513281 -2.44555466367 1.53473298062
v -15.616293125 -2.45573239805 1.53339508999
v -15.6284005469 -2.45574021055 1.53300055874
v -15.6284122656 -2.45319333555 1.53343415249
v -15.634480625 -2.4506503668 1.53367048062
v -15.6344669531 -2.45319528867 1.53323688687
v -15.6162384375 -2.46592185117 1.53165680874
v -15.5919396094 -2.48119919492 1.52983063687
v -15.6160919531 -2.49141794492 1.52728376187
v -15.6161525 -2.48121481992 1.52903766812
v -15.6162521094 -2.46337497617 1.53209235562
v -15.6223185156 -2.4608300543 1.53233063687
v -15.6222911719 -2.46592575742 1.53145954312
v -15.6223067969 -2.4633769293 1.53189508999
v -15.5920235937 -2.4659081793 1.53244587124
v -15.6041583594 -2.46082028867 1.53292048062
v -15.6041036719 -2.47101169492 1.53118219937
v -15.6041310156 -2.46591403867 1.53205133999
v -15.5436153906 -2.46078903867 1.53488337124
v -15.5678829688 -2.4506191168 1.53583063687
v -15.5677814063 -2.47099021055 1.53236383999
v -15.5678341406 -2.46080271055 1.53410016812
v -15.4467735938 -2.45057028867 1.53971149624
v -15.4953067969 -2.43024606992 1.54159040249
v -15.4951271094 -2.47095114805 1.53471344937
v -15.4952208594 -2.4505878668 1.53816462124
v -15.6162247656 -2.4684706793 1.53122126187
v -15.6222638281 -2.47102146055 1.53058844937
v -15.6222775 -2.46847263242 1.53102399624
v -15.6161817969 -2.47611521055 1.52991266812
v -15.6161974219 -2.47356638242 1.53035016812
v -15.5919689063 -2.47610153867 1.53070368374
v -15.6040470312 -2.48120700742 1.52943415249
v -15.6040763281 -2.47610739805 1.53030915249
v -15.5435099219 -2.48116794492 1.53140876187
v -15.567668125 -2.49138278867 1.52887165249
v -15.5677267188 -2.48118356992 1.53062165249
v -15.4465841406 -2.49130271055 1.53279938687
v -15.4949064062 -2.51173825742 1.52772907437
v -15.4950216406 -2.49133396055 1.53123493374
v -15.616168125 -2.4786659918 1.52947516812
v -15.6161232031 -2.48631638242 1.52816266812
v -15.5918185156 -2.50160739805 1.52631891812
v -15.6159610938 -2.51184177305 1.52375446499
v -15.6160275 -2.5016269293 1.52552204312
v -15.543199375 -2.5322128668 1.52260212124
v -15.5914591406 -2.55273435117 1.51742243374
v -15.5916134375 -2.53226364805 1.52100055874
v -15.616136875 -2.48376560117 1.52860016812
v -15.5919103125 -2.4862988043 1.52895563687
v -15.6039864844 -2.4914081793 1.52768219937
v -15.6040177344 -2.4863066168 1.52855915249
v -15.6161075781 -2.48886716367 1.52772321499
v -15.6221446875 -2.49142185117 1.52708454312
v -15.6160607031 -2.49652146055 1.52640290249
v -15.6281329688 -2.50163669492 1.52512165249
v -15.6160763281 -2.49396872617 1.52684430874
v -15.6221134375 -2.4965253668 1.52620368374
v -15.6221290625 -2.49397458555 1.52664508999
v -15.5918497656 -2.4965019293 1.52719977749
v -15.6039239844 -2.50161716367 1.52592048062
v -15.6039552344 -2.49651169492 1.52680133999
v -15.5433946875 -2.50156833555 1.52790680874
v -15.567543125 -2.5117988043 1.52535016812
v -15.5676075781 -2.5015878668 1.52711383999
v -15.6160450781 -2.49907419492 1.52596344937
v -15.6220802344 -2.50163083555 1.52532282437
v -15.6220958594 -2.49907810117 1.52576423062
v -15.6159942969 -2.50673239805 1.52463923062
v -15.6280646094 -2.51185153867 1.52335407437
v -15.6280978125 -2.5067441168 1.52423883999
v -15.59168375 -2.52203708555 1.52277985562
v -15.6400958594 -2.52208591367 1.52117438687
v -15.6158165625 -2.53228903867 1.52019782437
v -15.6158907813 -2.52206247617 1.52197907437
v -15.6281153906 -2.5041894293 1.52468024624
v -15.6341505469 -2.50674802305 1.52403766812
v -15.6522696875 -2.51187497617 1.52254938687
v -15.6885001563 -2.52213669492 1.51955915249
v -15.6642208594 -2.53234372617 1.51858258999
v -15.6642989844 -2.5221113043 1.52036774624
v -15.6280821875 -2.50929685117 1.52379548062
v -15.6401857031 -2.50930856992 1.52339508999
v -15.6341153906 -2.51185739805 1.52315290249
v -15.6341329688 -2.50930271055 1.52359626187
v -15.6159259375 -2.51695114805 1.52286774624
v -15.6401310156 -2.51697458555 1.52206501187
v -15.6279942969 -2.52207419492 1.52157673062
v -15.6280294531 -2.5169628668 1.52246540249
v -15.6462189063 -2.5118691168 1.52275055874
v -15.6643360938 -2.51699802305 1.52125837124
v -15.6521974219 -2.52209763242 1.52077204312
v -15.6522345313 -2.5169863043 1.52166266812
v -15.6643907813 -2.5093300543 1.52259235562
v -15.6583204688 -2.51188083555 1.52234821499
v -15.6886114844 -2.50679685117 1.52223102749
v -15.6764747656 -2.51189646055 1.52174469937
v -15.6765099219 -2.50678708555 1.52263337124
v -15.6704591406 -2.50678122617 1.52283454312
v -15.6764923438 -2.50934177305 1.52219001187
v -15.6704239844 -2.51189060117 1.52194587124
v -15.6704415625 -2.50933591367 1.52239118374
v -15.6885372656 -2.51702146055 1.52045173062
v -15.6763985938 -2.52212302305 1.51996344937
v -15.6764376563 -2.5170097418 1.52085602749
v -15.7368966406 -2.52218747617 1.51793610562
v -15.7126192969 -2.53239841367 1.51695758999
v -15.712699375 -2.52216208555 1.51874860562
v -15.8335782813 -2.53254685117 1.51285798062
v -15.7850157812 -2.55299606992 1.51088923062
v -15.785199375 -2.5324863043 1.51450446499
v -15.6765275 -2.50423239805 1.52307673062
v -15.677324375 2.49688478945 1.52432477749
v -15.675605625 2.4992715082 1.52396735562
v -15.6736622656 2.5014746332 1.52364899624
v -15.6715079687 2.50348049258 1.52337165249
v -15.6691603125 2.50527346133 1.52313923062
v -15.6666427344 2.5068261957 1.52295173062
v -15.6639923437 2.5081230707 1.52281501187
v -15.6612228125 2.5091543207 1.52272712124
v -15.6583575781 2.50990822695 1.52269001187
v -15.6554513281 2.51037502383 1.52270563687
v -15.6525216406 2.5105527582 1.52277204312
v -15.6495880469 2.51044533633 1.52288727749
v -15.6466759375 2.51005080508 1.52305133999
v -15.6438204688 2.5093730707 1.52326423062
v -15.6410548438 2.50842580508 1.52352008999
v -15.6383985938 2.50721486758 1.52381696499
v -15.6358692969 2.5057480707 1.52415485562
v -15.6334689063 2.50402346133 1.52453376187
v -15.6312560156 2.5020761957 1.52494391812
v -15.6292482031 2.49992580508 1.52538141812
v -15.6274591406 2.49758596133 1.52584626187
v -15.6259103125 2.4950840082 1.52632868374
v -15.6246173437 2.4924511957 1.52682673062
v -15.6235880469 2.48970510195 1.52733258999
v -15.6228302344 2.48686721133 1.52784821499
v -15.6223517188 2.4839590082 1.52836383999
v -15.6221622656 2.48102346133 1.52887555874
v -15.6222599219 2.47808010195 1.52937751187
v -15.6226485938 2.4751543207 1.52986774624
v -15.6233224219 2.47227736758 1.53033844937
v -15.6242775 2.4694824457 1.53078571499
v -15.6255021094 2.46679103945 1.53120758999
v -15.6269942969 2.46422268008 1.53159821499
v -15.6287130469 2.46183986758 1.53194977749
v -15.6306544531 2.45963674258 1.53226227749
v -15.6328048437 2.45763283633 1.53253376187
v -15.6351505469 2.4558418207 1.53276423062
v -15.6376642188 2.45428908633 1.53294782437
v -15.6403126562 2.45299416445 1.53308258999
v -15.6430763281 2.45196291445 1.53316852749
v -15.6459376563 2.45120705508 1.53320368374
v -15.6488439063 2.4507402582 1.53318805874
v -15.6517716406 2.45055861758 1.53312360562
v -15.6547013281 2.45066408633 1.53301032437
v -15.6576134375 2.45105666445 1.53285016812
v -15.6604689062 2.45173049258 1.53264118374
v -15.6632345312 2.45267580508 1.53238923062
v -15.6658907813 2.45388283633 1.53209626187
v -15.6684200781 2.45534572695 1.53176423062
v -15.6708224219 2.4570683832 1.53139118374
v -15.6730333594 2.45900978945 1.53098688687
v -15.6750411719 2.46115627383 1.53055524624
v -15.6768321875 2.46349221133 1.53009626187
v -15.6783849219 2.46598830508 1.52961774624
v -15.6796798437 2.46861721133 1.52912360562
v -15.6807130469 2.4713574457 1.52861774624
v -15.6814747656 2.47418947695 1.52810602749
v -15.6819591406 2.47710549258 1.52758844937
v -15.6821544531 2.48004689883 1.52707477749
v -15.68205875 2.48299416445 1.52657087124
v -15.6816739844 2.4859277582 1.52607673062
v -15.6810001563 2.48881252383 1.52560016812
v -15.6800450781 2.4916152582 1.52514704312
v -15.6788185156 2.49431252383 1.52472126187
v -15.3494396094 2.54002736758 1.52753376187
v -16.1255841406 2.2029277582 1.55870563687
v -15.3501153906 2.3710918207 1.55590094937
v -15.73674625 2.5404511957 1.51473298062
v -16.1250216406 2.37121486758 1.53098298062
v -15.7380958594 2.2029668207 1.57079938687
v -15.7377442969 2.37112111758 1.54372516812
v -13.8303165625 2.53954885195 1.57124469937
v -14.5904347266 2.20315041445 1.60329352749
v -14.5898107031 2.53958010195 1.55076618374
v -15.3498478125 2.45541018008 1.54195563687
v -15.5431427344 2.54022268008 1.52120758999
v -15.7373517188 2.45558596133 1.52946540249
v -15.543965 2.3710996332 1.54988727749
v -15.5436407812 2.45548635195 1.53578376187
v -14.5901720313 2.37116799258 1.57798493374
v -14.9696827734 2.53974416445 1.53947126187
v -14.9703966406 2.20308596133 1.59309821499
v -14.9701593359 2.37111135195 1.56724665249
v -15.5434161719 2.49780471133 1.52855524624
v -15.6399591406 2.54033205508 1.51798883999
v -15.7370782812 2.49796096133 1.52215680874
v -15.9302267187 2.5407168207 1.50811774624
v -16.12443375 2.45586135195 1.51640290249
v -15.9314376563 2.37116018008 1.53742243374
v -15.9309552344 2.45571096133 1.52300251187
v -16.5127071875 2.2029121332 1.54607477749
v -16.5117814063 2.3713808832 1.51770563687
v -15.6886720313 2.4979199457 1.52377008999
v -15.7372228125 2.47675978945 1.52582477749
v -15.68893375 2.45555861758 1.53105719937
v -15.68880875 2.47672658633 1.52742829312
v -15.8335040625 2.54058010195 1.51144196499
v -15.9306251563 2.49815041445 1.51561774624
v -15.834168125 2.45564455508 1.52625055874
v -15.8338673438 2.49805080508 1.51890485562
v -15.5438224219 2.4132558832 1.54289508999
v -15.7375724219 2.4133105707 1.53665485562
v -15.6408653906 2.37110939883 1.54682477749
v -15.6407071875 2.41328127383 1.53979352749
v -15.3502775 2.2869902582 1.56936383999
v -15.7379767187 2.2869511957 1.55750837124
v -15.5442560156 2.20299221133 1.57664118374
v -15.5441544531 2.2869668207 1.56350837124
v -15.6401173438 2.5190918207 1.52169587124
v -15.6883575781 2.54039064883 1.51636579312
v -15.7369200781 2.51919143008 1.51845954312
v -15.6885216406 2.51914064883 1.52008258999
v -15.5428165625 2.58275002383 1.51374469937
v -15.6395978125 2.5829043207 1.51048688687
v -15.6643204688 2.5191152582 1.52088923062
v -15.6885997656 2.50852736758 1.52193024624
v -15.5432872656 2.51900002383 1.52489508999
v -15.5915548438 2.54027541445 1.51960212124
v -15.5918419531 2.4978418207 1.52696930874
v -15.5917052344 2.5190449457 1.52330133999
v -15.3496622656 2.49767580508 1.53480329312
v -15.4463028906 2.54012111758 1.52438923062
v -15.4467540625 2.45544533633 1.53888923062
v -15.4465489844 2.49773635195 1.53169782437
v -14.9699630469 2.45532033633 1.55360016812
v -15.1595860938 2.53987111758 1.53358063687
v -15.1601505469 2.37109572695 1.56164899624
v -15.1599239844 2.45535549258 1.54785407437
v -15.6764982031 2.50851564883 1.52233258999
v -15.688636875 2.50322268008 1.52285016812
v -15.6765353125 2.50321096133 1.52325251187
v -15.7127228125 2.51916603945 1.51927204312
v -15.7370021094 2.50857228945 1.52031110562
v -15.7128771094 2.49794143008 1.52296540249
v -15.7128009375 2.50854885195 1.52112165249
v -15.7851290625 2.5405136957 1.51309235562
v -15.8336935156 2.51929885195 1.51518805874
v -15.7854767188 2.4980058832 1.52053571499
v -15.7853107031 2.51924416445 1.51682868374
v -15.6887423438 2.48732033633 1.52560212124
v -15.5435353125 2.47663283633 1.53218415249
v -15.5920782813 2.45550978945 1.53421735562
v -15.591965 2.4766621332 1.53060798062
v -15.6887091406 2.49261916445 1.52468805874
v -15.7371525 2.4873574457 1.52399469937
v -15.7130157813 2.47674416445 1.52662751187
v -15.7129474219 2.48733791445 1.52479938687
v -15.8340255469 2.4768340082 1.52259235562
v -15.7857638281 2.4556152582 1.52786188687
v -15.7856271094 2.47679689883 1.52421344937
v -15.9312247656 2.41338674258 1.53027204312
v -15.8346036719 2.3711386957 1.54059235562
v -15.8344122656 2.41334572695 1.53348102749
v -16.1253849219 2.28694728945 1.54508844937
v -15.9318790625 2.2029433832 1.56482087124
v -15.9317267187 2.2869433832 1.55136774624
v -15.5917755469 2.50843947695 1.52513923062
v -15.6159122656 2.5190683832 1.52249860562
v -15.6160509375 2.49785939883 1.52617243374
v -15.6159825781 2.50846096133 1.52434040249
v -15.6704474219 2.50850978945 1.52253376187
v -15.6765157813 2.50586330508 1.52279352749
v -15.6643595312 2.51380861758 1.52181305874
v -15.6764220313 2.51912893008 1.52048688687
v -15.6885607031 2.51383205508 1.52100641812
v -15.6764610937 2.51382033633 1.52141071499
v -15.6400392188 2.5297090082 1.51984626187
v -15.6641583594 2.54036135195 1.51717829312
v -15.6884415625 2.52976174258 1.51822712124
v -15.6642423438 2.52973439883 1.51903766812
v -15.6397872656 2.56160158633 1.51425251187
v -15.7365567969 2.56174221133 1.51097907437
v -15.6881759375 2.56167189883 1.51261969937
v -15.6401544531 2.51378518008 1.52261774624
v -15.6522189063 2.51910353945 1.52129352749
v -15.6522560156 2.51379689883 1.52221540249
v -15.6583067969 2.5138027582 1.52201423062
v -15.6643771094 2.51115627383 1.52227399624
v -15.6583263281 2.51115041445 1.52247516812
v -15.6401720312 2.51113478945 1.52307868374
v -15.6462052344 2.51379103945 1.52241657437
v -15.6462247656 2.5111386957 1.52287751187
v -15.6159474219 2.5137636957 1.52342048062
v -15.6280138281 2.51908010195 1.52209821499
v -15.6280880469 2.50847072695 1.52394001187
v -15.6280509375 2.51377541445 1.52302008999
v -15.5916310156 2.52965627383 1.52145563687
v -15.6157579687 2.5403027582 1.51879743374
v -15.6158360937 2.52968166445 1.52065094937
v -15.5429864844 2.56147072695 1.51749079312
v -15.5912110938 2.5828261957 1.51211969937
v -15.5913907813 2.56153518008 1.51587555874
v -15.3491700781 2.58247658633 1.52014508999
v -15.4460060156 2.5826074457 1.51696344937
v -14.9692950781 2.62444728945 1.52486383999
v -15.1591075781 2.6247168207 1.51882868374
v -15.6160177344 2.50316018008 1.52525641812
v -15.62812125 2.5031699457 1.52485798062
v -15.5919044531 2.4872480707 1.52879157437
v -15.6161798438 2.4766777582 1.52981696499
v -15.6161173438 2.48726564883 1.52799860562
v -15.628105625 2.50582033633 1.52439899624
v -15.6341388281 2.50847658633 1.52373883999
v -15.6341564062 2.5058261957 1.52419782437
v -15.6160841406 2.49256252383 1.52708649624
v -15.6160685156 2.49521096133 1.52662946499
v -15.6221036719 2.4978652582 1.52597321499
v -15.622136875 2.49256643008 1.52688727749
v -15.62212125 2.49521486758 1.52643024624
v -15.5918732031 2.4925449457 1.52788141812
v -15.6039474219 2.4978496332 1.52657087124
v -15.604011875 2.48725783633 1.52839508999
v -15.6039786719 2.4925527582 1.52748493374
v -15.5434767188 2.4872168207 1.53037360562
v -15.5676290625 2.49782228945 1.52776227749
v -15.5677501562 2.47664846133 1.53139704312
v -15.5676915625 2.4872324457 1.52958454312
v -15.4466564062 2.47658010195 1.53530915249
v -15.4949864844 2.49776955508 1.53013141812
v -15.495199375 2.45546486758 1.53734040249
v -15.4950978125 2.47660549258 1.53375055874
v -15.3499982031 2.41321877383 1.54898883999
v -15.4470470312 2.37109377383 1.55291266812
v -15.446918125 2.41323439883 1.54595954312
v -15.6161017188 2.48991408633 1.52754157437
v -15.6161485937 2.48197072695 1.52890876187
v -15.5920235937 2.4660840082 1.53241657437
v -15.616293125 2.4555215082 1.53343219937
v -15.6162384375 2.46609572695 1.53162751187
v -15.5437364844 2.43436135195 1.53935407437
v -15.6406134375 2.4343965082 1.53623298062
v -15.5922677344 2.41326760195 1.54134821499
v -15.5921778906 2.43437697695 1.53779743374
v -15.6161329687 2.48461916445 1.52845368374
v -15.5919357031 2.48195510195 1.52970173062
v -15.6040724219 2.4766699457 1.53021344937
v -15.604043125 2.48196291445 1.52930524624
v -15.6161642188 2.47932424258 1.52936188687
v -15.6162091406 2.47138674258 1.53072321499
v -15.6888732031 2.4661386957 1.52924665249
v -15.7374669531 2.43443752383 1.53307477749
v -15.6891427344 2.4132949457 1.53822907437
v -15.689043125 2.43441603945 1.53465876187
v -15.6161935156 2.47403127383 1.53027008999
v -15.622261875 2.47139064883 1.53052594937
v -15.5919942969 2.4713730707 1.53151423062
v -15.6041310156 2.46608986758 1.53202204312
v -15.6041017187 2.47137893008 1.53111774624
v -15.54359 2.46605666445 1.53398688687
v -15.5678595313 2.4554980707 1.53500251187
v -15.5678067969 2.46607033633 1.53320368374
v -15.6162228125 2.46874221133 1.53117633999
v -15.6222911719 2.4660996332 1.53143024624
v -15.6222775 2.46874416445 1.53097712124
v -15.6162657813 2.46080861758 1.53252985562
v -15.6284005469 2.45552736758 1.53303766812
v -15.5921290625 2.44494143008 1.53601227749
v -15.6405626562 2.44496096133 1.53444196499
v -15.6163966406 2.43438674258 1.53701618374
v -15.6163458594 2.4449511957 1.53522712124
v -15.6162521094 2.4634511957 1.53207868374
v -15.6223204688 2.4608105707 1.53233258999
v -15.6223048437 2.46345510195 1.53188141812
v -15.5920509375 2.4607949457 1.53331891812
v -15.6041857031 2.45551564883 1.53382477749
v -15.6041583594 2.46080080508 1.53292438687
v -15.6889903906 2.44498439883 1.53286188687
v -15.6648282812 2.43440627383 1.53544587124
v -15.6647775 2.44497268008 1.53365290249
v -15.6163204688 2.45023439883 1.53433063687
v -15.6405353125 2.45024611758 1.53354352749
v -15.6284552344 2.44495705508 1.53483454312
v -15.6284278906 2.4502402582 1.53393610562
v -15.6284142188 2.45288478945 1.53348688687
v -15.6344825781 2.45024416445 1.53374079312
v -15.6344689062 2.45288674258 1.53328962124
v -15.6647501562 2.45025783633 1.53275251187
v -15.6526700781 2.4449668207 1.53404743374
v -15.6768263281 2.4555527582 1.53145563687
v -15.6889610938 2.4502715082 1.53196149624
v -15.6768829688 2.44497853945 1.53325641812
v -15.676855625 2.45026564883 1.53235798062
v -15.7131427344 2.45557228945 1.53026227749
v -15.7374103125 2.44500783633 1.53127399624
v -15.7132560156 2.43442580508 1.53386774624
v -15.7132013281 2.44499611758 1.53206891812
v -15.8342970312 2.4344824457 1.52987946499
v -15.7859942969 2.41332814883 1.53507282437
v -15.7858849219 2.4344590082 1.53148102749
v -15.6707735938 2.45554885195 1.53165290249
v -15.6768419531 2.45290822695 1.53190680874
v -15.6708028906 2.45026174258 1.53255524624
v -15.6707892188 2.4529043207 1.53210407437
v -15.6889025 2.46084768008 1.53015290249
v -15.6767970313 2.4608418207 1.53055133999
v -15.7372892187 2.4661699457 1.52764899624
v -15.7130821875 2.4661543207 1.52844977749
v -15.6768126563 2.45819728945 1.53100251187
v -15.6888419531 2.47143166445 1.52833844937
v -15.6828204688 2.46613674258 1.52944587124
v -15.6888888281 2.46349416445 1.52969977749
v -15.6828497656 2.46084572695 1.53035212124
v -15.6828360937 2.4634902582 1.52989899624
v -15.7009767188 2.4661465082 1.52884821499
v -15.7131134375 2.46086330508 1.52935602749
v -15.7010372656 2.45556643008 1.53066071499
v -15.7010079687 2.46085549258 1.52975446499
v -15.6827892188 2.4714277582 1.52853766812
v -15.6888575781 2.46878518008 1.52879352749
v -15.6828048438 2.46878127383 1.52899274624
v -15.7009142188 2.47673439883 1.52702790249
v -15.7130489844 2.47144728945 1.52753962124
v -15.7009454687 2.47143947695 1.52794001187
v -15.6888263281 2.47407814883 1.52788337124
v -15.6887775 2.4820215082 1.52651618374
v -15.688793125 2.47937502383 1.52697321499
v -15.7008458594 2.48732814883 1.52520173062
v -15.7129825781 2.48204103945 1.52571540249
v -15.7008790625 2.48203127383 1.52611579312
v -15.6826915625 2.48731447695 1.52580329312
v -15.6887599219 2.4846699457 1.52605915249
v -15.6826564063 2.49261330508 1.52488727749
v -15.6887267188 2.48996877383 1.52514508999
v -15.6826739844 2.48996486758 1.52534626187
v -15.7007755469 2.49792971133 1.52336774624
v -15.7129122656 2.4926386957 1.52388337124
v -15.7008107031 2.49262893008 1.52428571499
v -15.68262125 2.49791408633 1.52397126187
v -15.6886915625 2.49526955508 1.52422907437
v -15.6826388281 2.4952636957 1.52443024624
v -10.4592745703 2.72739455508 1.59619196499
v -10.4570314062 2.72929299258 1.59588532437
v -10.4546173437 2.7309590082 1.59561969937
v -10.4520480078 2.73238478945 1.59539508999
v -10.4493419531 2.73355471133 1.59521540249
v -10.4465323828 2.73445510195 1.59508063687
v -10.4436544531 2.73507424258 1.59499274624
v -10.4407276953 2.73540627383 1.59495368374
v -10.4377745703 2.7354511957 1.59496344937
v -10.4348312109 2.73520510195 1.59502204312
v -10.4319357031 2.73467385195 1.59512946499
v -10.4291075781 2.73386135195 1.59528376187
v -10.4263692969 2.73277346133 1.59548298062
v -10.4237530859 2.73142385195 1.59572516812
v -10.4212911719 2.72983205508 1.59600837124
v -10.4189991797 2.72800783633 1.59632868374
v -10.4168937109 2.72596877383 1.59668415249
v -10.414980625 2.72371096133 1.59707477749
v -10.4133048437 2.72128518008 1.59749274624
v -10.4118771094 2.71870705508 1.59793415249
v -10.4107071875 2.71600002383 1.59839508999
v -10.40980875 2.7131933832 1.59886969937
v -10.4091925391 2.7103183832 1.59935407437
v -10.4088595313 2.70739846133 1.59984430874
v -10.4088146094 2.70445510195 1.60033649624
v -10.40905875 2.70152541445 1.60082477749
v -10.4095860938 2.6986386957 1.60130133999
v -10.4103937109 2.69581447695 1.60176618374
v -10.4114776953 2.69307424258 1.60221540249
v -10.4128273047 2.6904511957 1.60264313687
v -10.4144259375 2.68797658633 1.60304352749
v -10.416261875 2.68566603945 1.60341657437
v -10.418324375 2.68354103945 1.60375446499
v -10.4205694922 2.68164260195 1.60405524624
v -10.4229874609 2.6799746332 1.60431696499
v -10.4255597266 2.67854885195 1.60453571499
v -10.4282687109 2.67737697695 1.60471344937
v -10.4310812109 2.67647853945 1.60484430874
v -10.4339630469 2.67586135195 1.60492829312
v -10.4368917578 2.6755293207 1.60496540249
v -10.4398478125 2.67548830508 1.60495368374
v -10.4427901953 2.67573635195 1.60489313687
v -10.4456847266 2.67626955508 1.60478766812
v -10.4485108984 2.67708596133 1.60463532437
v -10.4512482031 2.67817580508 1.60443805874
v -10.4538624609 2.67952541445 1.60419977749
v -10.4563224219 2.68112111758 1.60392048062
v -10.4586124609 2.68294533633 1.60360407437
v -10.4607159766 2.68498635195 1.60325446499
v -10.4626232031 2.6872402582 1.60286969937
v -10.4642950781 2.68966018008 1.60245758999
v -10.4657189063 2.6922324457 1.60202204312
v -10.466886875 2.69493166445 1.60156696499
v -10.4677833594 2.6977324457 1.60109626187
v -10.4683995703 2.7005996332 1.60061579312
v -10.4687335547 2.7035136957 1.60012946499
v -10.4687814063 2.70644924258 1.59963923062
v -10.4685411719 2.70938478945 1.59915094937
v -10.4680157813 2.71227541445 1.59867243374
v -10.4672091406 2.71510353945 1.59820368374
v -10.4661251562 2.71784768008 1.59775251187
v -10.4647755469 2.7204746332 1.59732087124
v -10.4631769141 2.72295314883 1.59691462124
v -10.4613390234 2.72526564883 1.59653766812
v -10.0527237891 2.70814064883 1.60134430874
v -10.8317003516 2.7078340082 1.59667243374
v -10.4426192969 2.5395215082 1.62673493374
v -10.4420011328 2.7922168207 1.58524860562
v -10.8314620703 2.79198830508 1.58252204312
v -10.6369552344 2.70784768008 1.59825251187
v -10.636730625 2.7920761957 1.58402790249
v -11.5694757422 2.70795705508 1.58837555874
v -11.2010792578 2.53973635195 1.61971930874
v -11.2005978125 2.70787502383 1.59296735562
v -10.442105625 2.7500371332 1.59246930874
v -10.5393653906 2.7921386957 1.58467438687
v -10.6368439063 2.74994533633 1.59120173062
v -10.5395831641 2.70786916445 1.59894196499
v -10.5394747656 2.74998439883 1.59187165249
v -10.4424161719 2.6236777582 1.61338727749
v -10.8319308203 2.62371877383 1.61035016812
v -10.637386875 2.53956447695 1.62527204312
v -10.6371749609 2.62368752383 1.61199469937
v -10.0534523047 2.37124611758 1.65458063687
v -10.8325665625 2.37144728945 1.64865485562
v -10.4430089453 2.3713418207 1.65203962124
v -10.247465 2.70799416445 1.60059626187
v -9.663574375 2.53955861758 1.63008063687
v -9.66325503906 2.7086308832 1.60195758999
v -10.4907901953 2.75000978945 1.59217829312
v -10.5395284766 2.72892385195 1.59542048062
v -10.4908966406 2.70788283633 1.59926032437
v -10.4908429297 2.7289433832 1.59573493374
v -10.4423136328 2.6657793207 1.60653376187
v -10.6370655859 2.66576174258 1.60518219937
v -10.5397960547 2.62367971133 1.61272321499
v -10.5396896094 2.66576760195 1.60589118374
v -10.0529034766 2.62375002383 1.61537751187
v -10.2478507422 2.53949416445 1.62795368374
v -10.2476583594 2.62369728945 1.61451618374
v -10.2473683203 2.75018361758 1.59345173062
v -10.344636875 2.7923105707 1.58575055874
v -10.3448370703 2.70793947695 1.60011383999
v -10.3447364844 2.75010353945 1.59299665249
v -10.4665001562 2.72895314883 1.59588532437
v -10.4908692969 2.7184121332 1.59750055874
v -10.539636875 2.68681643008 1.60243219937
v -10.4910021094 2.6657715082 1.60622126187
v -10.490949375 2.6868261957 1.60275641812
v -10.2475616797 2.66583205508 1.60761774624
v -10.3450372656 2.62368361758 1.61398493374
v -10.3449376562 2.66580080508 1.60710993374
v -10.3447872656 2.72901760195 1.59657087124
v -10.3934210547 2.7500683832 1.59274079312
v -10.3935235938 2.70791799258 1.59984626187
v -10.3934728125 2.7289902582 1.59630915249
v -10.4421319922 2.73950002383 1.59425446499
v -10.4664474219 2.75002346133 1.59232673062
v -10.4908165625 2.73947658633 1.59396149624
v -10.4664737891 2.73948830508 1.59410993374
v -10.4420528906 2.7711152582 1.58887751187
v -10.4906827734 2.79217580508 1.58497126187
v -10.5394200781 2.77105080508 1.58828962124
v -10.4907364844 2.77108010195 1.58859235562
v -10.4543028906 2.73949416445 1.59418219937
v -10.4664874609 2.73422072695 1.59499860562
v -10.4543155859 2.73422658633 1.59507087124
v -10.3934464453 2.73952736758 1.59452985562
v -10.4177628516 2.7500527582 1.59260798062
v -10.4178146094 2.72897658633 1.59617243374
v -10.4177892188 2.7395136957 1.59439313687
v -10.3446866797 2.7711933832 1.58939118374
v -10.3933185156 2.79226174258 1.58550837124
v -10.3933692969 2.77115236758 1.58914313687
v -10.4604015234 2.73422268008 1.59503571499
v -10.4664942969 2.73158791445 1.59544196499
v -10.4604151953 2.72895705508 1.59592243374
v -10.4604083594 2.73158986758 1.59547907437
v -10.4786456641 2.7394824457 1.59403571499
v -10.4908302344 2.7342090082 1.59484821499
v -10.4786720312 2.72894924258 1.59581110562
v -10.4786583594 2.73421486758 1.59492438687
v -10.5151319922 2.74999611758 1.59202790249
v -10.5395011328 2.73945510195 1.59364899624
v -10.5151857031 2.72893361758 1.59558063687
v -10.5151593359 2.73946486758 1.59380719937
v -10.5881593359 2.74996291445 1.59154548062
v -10.6368995703 2.72889455508 1.59474274624
v -10.5882687109 2.7078574457 1.59860602749
v -10.5882140234 2.72890822695 1.59509040249
v -10.7340968359 2.79202541445 1.58330915249
v -10.8315821875 2.74989846133 1.58965876187
v -10.7343282813 2.70783791445 1.59749469937
v -10.7342130469 2.74991603945 1.59046344937
v -11.2003419531 2.79193947695 1.57891462124
v -11.0161505469 2.70784572695 1.59493415249
v -11.0159025 2.79194924258 1.58084040249
v -10.4665138281 2.72368752383 1.59677008999
v -10.3934982031 2.71845314883 1.59808258999
v -10.3448878516 2.68686721133 1.60362751187
v -10.3936251562 2.66578908633 1.60683063687
v -10.393574375 2.68685158633 1.60335407437
v -10.4178019141 2.73424611758 1.59528376187
v -10.4299601172 2.73950783633 1.59432477749
v -10.4421378516 2.73686721133 1.59469977749
v -10.4482169531 2.7394980707 1.59421735562
v -10.4543097266 2.73685939883 1.59462751187
v -10.4482237891 2.73686330508 1.59466266812
v -10.4421183203 2.74476760195 1.59336188687
v -10.4542765234 2.7500293207 1.59239899624
v -10.4664610938 2.7447558832 1.59321930874
v -10.4542892188 2.74476174258 1.59329157437
v -10.4420792578 2.76057424258 1.59067633999
v -10.4663946875 2.77109768008 1.58873688687
v -10.4907628516 2.76054299258 1.59038923062
v -10.4664210547 2.76055861758 1.59053571499
v -10.4299669531 2.7368730707 1.59477008999
v -10.4360460547 2.73950393008 1.59428962124
v -10.4360528906 2.73686916445 1.59473493374
v -10.4177765234 2.74478322695 1.59350251187
v -10.42993375 2.7500449457 1.59253962124
v -10.4299474219 2.74477541445 1.59343219937
v -10.3933956641 2.76060939883 1.59094587124
v -10.4177110938 2.77113283633 1.58901227749
v -10.4177374609 2.7605918207 1.59081305874
v -10.41780875 2.73161135195 1.59572907437
v -10.3934591406 2.73425978945 1.59542048062
v -10.4056183203 2.7395215082 1.59446149624
v -10.4056437109 2.72898439883 1.59624079312
v -10.4056310156 2.73425197695 1.59535212124
v -10.344761875 2.7395605707 1.59478766812
v -10.3690792578 2.7500840082 1.59287165249
v -10.3691300391 2.72900393008 1.59644196499
v -10.3691046484 2.73954299258 1.59466071499
v -10.2474171484 2.7290840082 1.59703962124
v -10.2960528906 2.75014064883 1.59323298062
v -10.2961515234 2.70796486758 1.60036383999
v -10.2961017188 2.72904885195 1.59681305874
v -10.0526349219 2.75039455508 1.59414118374
v -10.1500939062 2.7080605707 1.60100641812
v -10.1500011328 2.7502793207 1.59383258999
v -9.85798648438 2.70835158633 1.60180133999
v -10.3934855078 2.72372072695 1.59719782437
v -10.4056691016 2.71844728945 1.59801423062
v -10.4056564062 2.72371486758 1.59712751187
v -10.3448126562 2.71847853945 1.59834626187
v -10.3691808203 2.7079277582 1.59998298062
v -10.3691554297 2.71846486758 1.59821735562
v -10.4056505469 2.7263496332 1.59668610562
v -10.4117296484 2.72898049258 1.59620758999
v -10.4117423437 2.72371291445 1.59709430874
v -10.4117355078 2.72634572695 1.59665094937
v -10.4056632422 2.72108205508 1.59757087124
v -10.4117491797 2.72107814883 1.59753571499
v -10.3935108984 2.7131855707 1.59896540249
v -10.4056954688 2.7079121332 1.59977790249
v -10.4056827734 2.71317971133 1.59889704312
v -10.3935489844 2.69738283633 1.60160407437
v -10.4056759375 2.71581447695 1.59845563687
v -10.4056886328 2.71054689883 1.59933649624
v -10.3935362891 2.70265041445 1.60072712124
v -10.4057208594 2.69737893008 1.60153376187
v -10.4057081641 2.7026465082 1.60065680874
v -10.3448624609 2.69740236758 1.60187360562
v -10.3692316016 2.68685939883 1.60349274624
v -10.3692062109 2.69739260195 1.60174079312
v -10.2475138281 2.68691018008 1.60412165249
v -10.2962501563 2.66581643008 1.60737165249
v -10.2962003516 2.68688674258 1.60388337124
v -10.0528136328 2.6659277582 1.60842243374
v -10.1502804297 2.62371877383 1.61498102749
v -10.1501876563 2.66587502383 1.60805524624
v -9.6634103125 2.62398635195 1.61626813687
v -9.85832632813 2.53950783633 1.62963337124
v -9.85815347656 2.62384572695 1.61596540249
v -9.27443765625 2.37114846133 1.65697907437
v -9.66392300781 2.3711777582 1.65624079312
v -10.4057013281 2.7052793207 1.60021735562
v -10.4909230078 2.69735353945 1.60101227749
v -10.466605625 2.68683010195 1.60291266812
v -10.4057140234 2.70001174258 1.60109626187
v -10.3935616797 2.69211721133 1.60248102749
v -10.40574625 2.68684768008 1.60328376187
v -10.4057335547 2.69211330508 1.60240876187
v -10.3935997656 2.67632033633 1.60509626187
v -10.4179698828 2.66578518008 1.60668415249
v -10.4179444922 2.67631252383 1.60495173062
v -10.3449874609 2.6447402582 1.61056305874
v -10.4423653906 2.64472658633 1.60997516812
v -10.3937267188 2.62367971133 1.61369391812
v -10.3936759375 2.6447324457 1.61027790249
v -10.2477550391 2.58158596133 1.62129548062
v -10.4425187109 2.58159377383 1.62011969937
v -10.3452345313 2.5395058832 1.62737555874
v -10.345136875 2.58158596133 1.62073883999
v -10.0532687109 2.45533010195 1.64198493374
v -10.4428165625 2.45541408633 1.63961579312
v -10.2482286719 2.37129103945 1.65341852749
v -10.2480411719 2.45536721133 1.64091657437
v -10.4057276953 2.69474611758 1.60197126187
v -10.4057403906 2.68948049258 1.60284626187
v -10.4118321875 2.68684572695 1.60324665249
v -10.4118263281 2.68947853945 1.60281110562
v -10.3935870703 2.68158596133 1.60422516812
v -10.4179308203 2.68157814883 1.60408258999
v -10.4057716406 2.67631643008 1.60502399624
v -10.4057589453 2.68158205508 1.60415485562
v -10.3449122656 2.6763340082 1.60537165249
v -10.3692814062 2.6657949457 1.60697321499
v -10.3692560156 2.6763261957 1.60523688687
v -10.4057530859 2.68421486758 1.60371930874
v -10.4118448828 2.68158010195 1.60411774624
v -10.4118390234 2.68421291445 1.60368219937
v -10.4909757422 2.67629885195 1.60449274624
v -10.4666573828 2.66577541445 1.60637946499
v -10.4666319922 2.6763027582 1.60464899624
v -10.5397433203 2.64472268008 1.60932282437
v -10.4911066016 2.6236777582 1.61306305874
v -10.4910538672 2.64472268008 1.60965680874
v -10.6372823828 2.58162111758 1.61869196499
v -10.5400030859 2.53954103945 1.62603376187
v -10.5399005469 2.58160549258 1.61943610562
v -10.8323653906 2.4555293207 1.63633649624
v -10.6377892188 2.37139455508 1.65045173062
v -10.6375929297 2.45546877383 1.63808649624
v -11.5704083594 2.37161916445 1.64004743374
v -11.201511875 2.37154299258 1.64469977749
v -10.4179376563 2.67894533633 1.60451618374
v -10.4240304297 2.67631252383 1.60491462124
v -10.4240235938 2.6789433832 1.60448102749
v -10.4179571875 2.67104885195 1.60581891812
v -10.4423009375 2.67104299258 1.60566852749
v -10.4301417578 2.66578127383 1.60660993374
v -10.4301290625 2.67104689883 1.60574469937
v -10.3936505469 2.65525978945 1.60855719937
v -10.4423390234 2.65525197695 1.60825837124
v -10.4180206641 2.64472853945 1.61012751187
v -10.4179952734 2.6552558832 1.60841071499
v -10.4666183203 2.68156643008 1.60378180874
v -10.4544601172 2.67630471133 1.60472712124
v -10.4301222266 2.6736777582 1.60531110562
v -10.4422941016 2.67367580508 1.60523688687
v -10.436215 2.6710449457 1.60570758999
v -10.4362081641 2.6736777582 1.60527399624
v -10.4666446875 2.67103908633 1.60551618374
v -10.4544855078 2.66577736758 1.60645758999
v -10.4544728125 2.67104103945 1.60559235562
v -10.4910275 2.6552480707 1.60794196499
v -10.4667101172 2.6447246332 1.60981891812
v -10.46668375 2.65525002383 1.60810212124
v -10.4483741797 2.67630666445 1.60476423062
v -10.4544659766 2.67367385195 1.60516071499
v -10.448386875 2.67104299258 1.60563141812
v -10.4483800391 2.67367385195 1.60519782437
v -10.4605323828 2.6815683832 1.60382087124
v -10.4666251563 2.6789355707 1.60421540249
v -10.4605460547 2.67630471133 1.60468805874
v -10.4605392188 2.6789355707 1.60425446499
v -10.4787775 2.68682814883 1.60283454312
v -10.4909620703 2.68156252383 1.60362555874
v -10.4788038672 2.67630080508 1.60457087124
v -10.4787901953 2.68156447695 1.60370368374
v -10.515293125 2.68682033633 1.60259626187
v -10.5396632422 2.67629103945 1.60416462124
v -10.5153458594 2.66576955508 1.60605915249
v -10.5153194922 2.6762949457 1.60433063687
v -10.6370108984 2.68680471133 1.60173298062
v -10.5883780859 2.6657636957 1.60554548062
v -10.5883233984 2.68680861758 1.60209040249
v -10.8318175391 2.66577346133 1.60356891812
v -10.7345538672 2.6237011957 1.61120368374
v -10.7344415625 2.66576564883 1.60440876187
v -11.2008439063 2.62381252383 1.60656501187
v -11.0166192969 2.53967580508 1.62174469937
v -11.0163907812 2.62376174258 1.60856501187
v -10.4666124609 2.68419924258 1.60334626187
v -10.4787511328 2.69735549258 1.60109040249
v -10.4909357031 2.69208986758 1.60188532437
v -10.4787638281 2.6920918207 1.60196344937
v -10.5152394141 2.70787502383 1.59910212124
v -10.5396095313 2.6973418207 1.60069001187
v -10.5152657813 2.69734768008 1.60085407437
v -10.4726651953 2.6973574457 1.60112751187
v -10.4787579688 2.6947246332 1.60152594937
v -10.4726778906 2.69209377383 1.60200251187
v -10.4726720313 2.69472658633 1.60156501187
v -10.4787247656 2.70788674258 1.59933844937
v -10.4909093359 2.70261721133 1.60013727749
v -10.4787374609 2.70262111758 1.60021540249
v -10.4726525 2.7026230707 1.60025251187
v -10.4787442969 2.69998830508 1.60065290249
v -10.4726583594 2.6999902582 1.60069001187
v -10.4726388281 2.7078886957 1.59937555874
v -10.4787316016 2.70525393008 1.59977594937
v -10.4726456641 2.7052558832 1.59981501187
v -10.4786983984 2.71841603945 1.59757868374
v -10.4908829688 2.7131465082 1.59838141812
v -10.4787110938 2.71315041445 1.59845954312
v -10.5395558203 2.7183965082 1.59718415249
v -10.5152130469 2.7184043207 1.59734626187
v -10.4726261328 2.7131543207 1.59849665249
v -10.4787179297 2.71051955508 1.59889899624
v -10.4726319922 2.7105215082 1.59893610562
v -10.4726124609 2.7184199457 1.59761579312
v -10.4787052344 2.71578322695 1.59801813687
v -10.4726192969 2.7157871332 1.59805719937
v -10.4908566016 2.7236777582 1.59661969937
v -10.4786847266 2.72368166445 1.59669587124
v -10.4665069922 2.72632033633 1.59632868374
v -10.4592745703 -2.72739450742 1.59619196499
v -10.4613390234 -2.72526560117 1.59653766812
v -10.4631769141 -2.72295310117 1.59691462124
v -10.4647755469 -2.72047458555 1.59732087124
v -10.4661251562 -2.71784763242 1.59775251187
v -10.4672091406 -2.7151034918 1.59820368374
v -10.4680157813 -2.7122753668 1.59867243374
v -10.4685411719 -2.7093847418 1.59915094937
v -10.4687814063 -2.70644919492 1.59963923062
v -10.4687335547 -2.70351364805 1.60012946499
v -10.4683995703 -2.70059958555 1.60061579312
v -10.4677833594 -2.69773239805 1.60109626187
v -10.466886875 -2.69493356992 1.60156696499
v -10.4657189063 -2.69223239805 1.60202204312
v -10.4642950781 -2.68966208555 1.60245758999
v -10.4626232031 -2.68724021055 1.60286969937
v -10.4607159766 -2.6849863043 1.60325446499
v -10.4586124609 -2.68294528867 1.60360407437
v -10.4563224219 -2.68112106992 1.60392048062
v -10.4538624609 -2.6795253668 1.60419977749
v -10.4512482031 -2.67817575742 1.60443805874
v -10.4485108984 -2.67708591367 1.60463532437
v -10.4456847266 -2.67627146055 1.60478766812
v -10.4427901953 -2.6757363043 1.60489313687
v -10.4398478125 -2.67548825742 1.60495368374
v -10.4368917578 -2.67552927305 1.60496540249
v -10.4339630469 -2.6758613043 1.60492829312
v -10.4310812109 -2.6764784918 1.60484430874
v -10.4282687109 -2.6773769293 1.60471344937
v -10.4255597266 -2.6785488043 1.60453571499
v -10.4229874609 -2.67997458555 1.60431696499
v -10.4205694922 -2.6816425543 1.60405524624
v -10.418324375 -2.6835409918 1.60375446499
v -10.416261875 -2.6856659918 1.60341657437
v -10.4144259375 -2.68797653867 1.60304352749
v -10.4128273047 -2.69045114805 1.60264313687
v -10.4114776953 -2.69307419492 1.60221540249
v -10.4103937109 -2.6958144293 1.60176618374
v -10.4095860938 -2.69863864805 1.60130133999
v -10.40905875 -2.7015253668 1.60082477749
v -10.4088146094 -2.7044550543 1.60033649624
v -10.4088595313 -2.70739841367 1.59984430874
v -10.4091925391 -2.71031833555 1.59935407437
v -10.40980875 -2.71319333555 1.59886969937
v -10.4107071875 -2.71599997617 1.59839508999
v -10.4118771094 -2.71870896055 1.59793415249
v -10.4133048437 -2.72128513242 1.59749274624
v -10.414980625 -2.72371091367 1.59707477749
v -10.4168937109 -2.72596872617 1.59668415249
v -10.4189991797 -2.72800778867 1.59632868374
v -10.4212911719 -2.72983200742 1.59600837124
v -10.4237530859 -2.7314238043 1.59572516812
v -10.4263692969 -2.73277341367 1.59548298062
v -10.4291075781 -2.7338613043 1.59528376187
v -10.4319357031 -2.7346738043 1.59512946499
v -10.4348312109 -2.73520700742 1.59502204312
v -10.4377745703 -2.73545114805 1.59496344937
v -10.4407276953 -2.7354081793 1.59495368374
v -10.4436544531 -2.73507419492 1.59499274624
v -10.4465323828 -2.7344550543 1.59507868374
v -10.4493419531 -2.73355466367 1.59521540249
v -10.4520480078 -2.7323847418 1.59539508999
v -10.4546173437 -2.73095896055 1.59561969937
v -10.4570314062 -2.72929294492 1.59588532437
v -10.0527101172 -2.71433396055 1.60029548062
v -10.44259 -2.55184958555 1.62480719937
v -10.83168375 -2.7140019293 1.59565094937
v -12.3075245703 -2.55223435117 1.60170563687
v -11.5699327734 -2.5521659918 1.61318219937
v -10.4419933203 -2.79532028867 1.58471344937
v -10.6369396094 -2.71401950742 1.59722516812
v -10.8314542578 -2.79508396055 1.58199274624
v -10.6367228125 -2.7951738043 1.58349469937
v -11.2010450781 -2.5520566168 1.61781891812
v -11.5694571875 -2.71411716367 1.58736383999
v -11.2005792578 -2.71403708555 1.59195173062
v -10.4420939062 -2.7546738043 1.59168219937
v -10.5395665625 -2.71404294492 1.59791266812
v -10.6368312109 -2.75457810117 1.59041852749
v -10.5393575781 -2.79523825742 1.58414118374
v -10.5394620703 -2.7546191168 1.59108454312
v -10.2474513281 -2.71417771055 1.59955524624
v -9.66354996094 -2.55191794492 1.62808649624
v -9.66324429687 -2.7148456793 1.60088727749
v -10.4423937109 -2.63293356992 1.61188923062
v -10.6373566016 -2.55189060117 1.62335407437
v -10.8319064063 -2.63296481992 1.60886969937
v -10.6371515234 -2.63293747617 1.61050837124
v -10.0534112891 -2.38971872617 1.65185212124
v -10.8325235938 -2.3899238043 1.64598493374
v -10.4429669531 -2.3898144293 1.64934821499
v -10.4908810156 -2.71405856992 1.59822907437
v -10.5395148047 -2.7343300543 1.59451227749
v -10.4907784766 -2.75464450742 1.59139313687
v -10.4908292578 -2.73434958555 1.59482477749
v -10.2473575781 -2.75482614805 1.59265680874
v -10.3448224219 -2.71412106992 1.59907868374
v -10.3446290625 -2.7954159918 1.58521149624
v -10.3447257422 -2.75474216367 1.59220563687
v -10.0528839453 -2.63302146055 1.61385993374
v -10.2478224219 -2.55182810117 1.62601423062
v -10.2476378516 -2.63295896055 1.61301032437
v -10.4422950781 -2.67349606992 1.60526618374
v -10.5397726172 -2.6329316168 1.61123102749
v -10.6370460547 -2.67347458555 1.60392243374
v -10.5396700781 -2.67348044492 1.60462751187
v -10.490855625 -2.72420310117 1.59652985562
v -10.4664864844 -2.7343613043 1.59497516812
v -10.466511875 -2.7242128668 1.59668219937
v -10.3447745703 -2.73442966367 1.59565680874
v -10.3935089453 -2.71409763242 1.59881305874
v -10.3934093359 -2.75470700742 1.59195173062
v -10.3934591406 -2.73439841367 1.59539704312
v -10.2475441016 -2.6735566168 1.60634040249
v -10.3450157812 -2.63294138242 1.61248298062
v -10.3449191016 -2.67352146055 1.60583649624
v -10.4909825781 -2.67348825742 1.60495563687
v -10.5396183203 -2.6937597418 1.60128376187
v -10.4909317969 -2.69377146055 1.60160602749
v -10.4664991797 -2.72928708555 1.59582868374
v -10.4543155859 -2.73436716367 1.59504743374
v -10.4421192969 -2.74452341367 1.59340485562
v -10.4908038672 -2.74449606992 1.59311188687
v -10.4664357031 -2.75466013242 1.59153962124
v -10.4664610938 -2.7445097418 1.59326032437
v -10.442043125 -2.77498239805 1.58821344937
v -10.5394093359 -2.7749159918 1.58762946499
v -10.4906759375 -2.79527731992 1.58443610562
v -10.4907267188 -2.7749472418 1.58793024624
v -10.3934835547 -2.72424802305 1.59710798062
v -10.4178019141 -2.7343847418 1.59526032437
v -10.34487125 -2.69381833555 1.60247126187
v -10.3936066016 -2.67350778867 1.60555915249
v -10.3935577734 -2.69380075742 1.60219977749
v -10.4665060156 -2.72674997617 1.59625641812
v -10.4604142187 -2.72928903867 1.59586579312
v -10.4909064062 -2.70391403867 1.59992048062
v -10.47868375 -2.72420896055 1.59660602749
v -10.4908419531 -2.72927731992 1.59567829312
v -10.4786583594 -2.73435544492 1.59490094937
v -10.4786710547 -2.72928122617 1.59575446499
v -10.5152237891 -2.71405075742 1.59807282437
v -10.5395411719 -2.72418552305 1.59621540249
v -10.5151720312 -2.73433981992 1.59467048062
v -10.5151983984 -2.72419333555 1.59637555874
v -10.5882530859 -2.71403122617 1.59757673062
v -10.6368858984 -2.73429685117 1.59383649624
v -10.5881466406 -2.75459763242 1.59076032437
v -10.5882003516 -2.73431247617 1.59418219937
v -10.7343116797 -2.71400583555 1.59647126187
v -10.8315694922 -2.75452731992 1.58887946499
v -10.7340880469 -2.79512302305 1.58277985562
v -10.7342003516 -2.75454685117 1.58968415249
v -11.0161329688 -2.7140097418 1.59391657437
v -11.2003321875 -2.79503122617 1.57838923062
v -11.0158927344 -2.79504294492 1.58031110562
v -10.4787091406 -2.71406247617 1.59830719937
v -10.4908683203 -2.71913083555 1.59738141812
v -10.4786964453 -2.7191347418 1.59745758999
v -10.3935333594 -2.7039472418 1.60051032437
v -10.4726232031 -2.7140644293 1.59834430874
v -10.4787032813 -2.71659958555 1.59788141812
v -10.4726105078 -2.71913669492 1.59749469937
v -10.4726173438 -2.71660153867 1.59792048062
v -10.4787345312 -2.70391794492 1.59999860562
v -10.4908937109 -2.7089863043 1.59907673062
v -10.4787218359 -2.70899021055 1.59915290249
v -10.5152755469 -2.69376560117 1.60144782437
v -10.5395929297 -2.7039003668 1.59960212124
v -10.5152491797 -2.7039081793 1.59976423062
v -10.5883585547 -2.67347653867 1.60428180874
v -10.6369923438 -2.69374606992 1.60058649624
v -10.5883058203 -2.6937519293 1.60094391812
v -10.7345294531 -2.63294919492 1.60971930874
v -10.8317960547 -2.67348044492 1.60231501187
v -10.7344210547 -2.67347458555 1.60315094937
v -11.0165870703 -2.55199802305 1.61984235562
v -11.2008175391 -2.63305466367 1.60509235562
v -11.0163644141 -2.63300388242 1.60709040249
v -11.2018370703 -2.22795700742 1.66464118374
v -11.5703624609 -2.39010739805 1.63738923062
v -11.2014669531 -2.3900253668 1.64203962124
v -10.4726358984 -2.70899216367 1.59919196499
v -10.4787159766 -2.7115253668 1.59873102749
v -10.4726300391 -2.71152927305 1.59876813687
v -10.4726485937 -2.70391989805 1.60003766812
v -10.4787286719 -2.70645310117 1.59957673062
v -10.4726427344 -2.7064550543 1.59961383999
v -10.4787599219 -2.69377341367 1.60168415249
v -10.4909191016 -2.69884177305 1.60076423062
v -10.4787472266 -2.6988456793 1.60084235562
v -10.4666388281 -2.67349216367 1.60511188687
v -10.4909571875 -2.68362888242 1.60328376187
v -10.4666134375 -2.6836347418 1.60344001187
v -10.4423448828 -2.6532128668 1.60859235562
v -10.4910831641 -2.6329316168 1.61156891812
v -10.5397218359 -2.6532050543 1.60794196499
v -10.4910333594 -2.65320700742 1.60827594937
v -10.4424923438 -2.5923847418 1.61840290249
v -10.5399728125 -2.55186716367 1.62411188687
v -10.6372550391 -2.59241013242 1.61698493374
v -10.5398732031 -2.59239450742 1.61772516812
v -10.4427814063 -2.4708144293 1.63729157437
v -10.6377472266 -2.3898691168 1.64777204312
v -10.8323273047 -2.47092966367 1.63403180874
v -10.6375558203 -2.4708691168 1.63577399624
v -10.4726612891 -2.69884763242 1.60088141812
v -10.4787413672 -2.70138083555 1.60042048062
v -10.4726554297 -2.70138278867 1.60045954312
v -10.4726739844 -2.6937753668 1.60172321499
v -10.4787540625 -2.69631052305 1.60126423062
v -10.472668125 -2.69631247617 1.60130133999
v -10.4666007422 -2.6887050543 1.60260212124
v -10.4787853125 -2.68363083555 1.60336188687
v -10.4909444922 -2.68869919492 1.60244587124
v -10.4787726172 -2.68870310117 1.60252399624
v -10.5153263281 -2.67348435117 1.60479352749
v -10.5396446875 -2.68362106992 1.60295954312
v -10.5153009375 -2.68362497617 1.60312360562
v -10.3935821875 -2.68365231992 1.60388337124
v -10.4179513281 -2.6735019293 1.60541462124
v -10.3449679297 -2.6532284918 1.60917438687
v -10.3937042578 -2.63293747617 1.61219587124
v -10.3936564063 -2.6532206793 1.60889118374
v -10.247730625 -2.59238278867 1.61956696499
v -10.3452062109 -2.5518378668 1.62544196499
v -10.3451114844 -2.59238083555 1.61901813687
v -10.0532355078 -2.4707363043 1.63962751187
v -10.2481876562 -2.38976364805 1.65070954312
v -10.2480060156 -2.47076950742 1.63857868374
v -9.27439859375 -2.38963864805 1.65412946499
v -9.66388394531 -2.38965622617 1.65345954312
v -10.4605275 -2.6836347418 1.60347907437
v -10.4666075781 -2.68616989805 1.60302204312
v -10.4544669531 -2.6734941168 1.60519001187
v -10.4666261328 -2.67856247617 1.60427790249
v -10.4544542578 -2.6785644293 1.60435407437
v -10.4423194922 -2.6633534918 1.60693219937
v -10.4666886328 -2.65321091367 1.60843610562
v -10.4910079688 -2.66334763242 1.60661774624
v -10.4666632422 -2.66334958555 1.60677790249
v -10.4605401953 -2.6785644293 1.60431501187
v -10.4666192969 -2.68109763242 1.60385993374
v -10.4605333594 -2.68109958555 1.60389704312
v -10.4788107031 -2.67349021055 1.60503376187
v -10.4909698828 -2.67855856992 1.60411969937
v -10.4787980078 -2.67856052305 1.60419977749
v -10.4179386328 -2.67857419492 1.60457868374
v -10.4301232031 -2.67349802305 1.60534040249
v -10.3936310156 -2.66336325742 1.60722907437
v -10.4180001563 -2.65321677305 1.60874274624
v -10.4179757422 -2.66335739805 1.60708258999
v -10.4483810156 -2.67349606992 1.60522712124
v -10.4544601172 -2.67602927305 1.60477204312
v -10.4483741797 -2.67603122617 1.60481110562
v -10.4423067969 -2.66842575742 1.60610016812
v -10.4544913672 -2.66335153867 1.60685602749
v -10.4666515234 -2.66842185117 1.60594587124
v -10.4544796484 -2.6684238043 1.60602399624
v -10.4362091406 -2.67349802305 1.60530329312
v -10.4179630469 -2.66842966367 1.60625055874
v -10.4301476172 -2.66335544492 1.60700837124
v -10.4301349219 -2.66842771055 1.60617633999
v -10.4179444922 -2.67603708555 1.60499665249
v -10.4240372656 -2.67349997617 1.60537751187
v -10.4240245703 -2.6785722418 1.60454157437
v -10.4240304297 -2.67603708555 1.60495954312
v -10.3935948828 -2.6785800543 1.60472321499
v -10.4057784766 -2.67350388242 1.60548883999
v -10.4057540625 -2.6836503668 1.60381305874
v -10.4057667578 -2.67857614805 1.60465094937
v -10.3448956641 -2.68366989805 1.60415876187
v -10.3692628516 -2.67351364805 1.60569977749
v -10.3692140234 -2.69380856992 1.60233844937
v -10.3692384375 -2.68366013242 1.60402204312
v -10.2474982031 -2.69386325742 1.60296149624
v -10.2962316016 -2.67353708555 1.60609626187
v -10.296136875 -2.71414841367 1.59932673062
v -10.2961847266 -2.69383981992 1.60272516812
v -10.0527970312 -2.67366013242 1.60713532437
v -10.1502599219 -2.63298435117 1.61346930874
v -10.1500802344 -2.71424997617 1.59996149624
v -10.1501700781 -2.67360153867 1.60677204312
v -9.66339273437 -2.63328122617 1.61472126187
v -9.85829996094 -2.55185739805 1.62766071499
v -9.85797476563 -2.71455466367 1.60074274624
v -9.85813492188 -2.63312497617 1.61443219937
v -10.3935704688 -2.68872653867 1.60304352749
v -10.4057296484 -2.69379489805 1.60212946499
v -10.4057423438 -2.68872263242 1.60297126187
v -10.4057482031 -2.68618552305 1.60339313687
v -10.41184 -2.68364841367 1.60377594937
v -10.4118282813 -2.6887206793 1.60293610562
v -10.4118341406 -2.68618356992 1.60335602749
v -10.4057355078 -2.6912597418 1.60255133999
v -10.3935460547 -2.69887302305 1.60135602749
v -10.4057052344 -2.70394333555 1.60044001187
v -10.4057169531 -2.6988691168 1.60128571499
v -10.3448468359 -2.70396872617 1.60077790249
v -10.3691651953 -2.71410935117 1.59894782437
v -10.3691896094 -2.70395896055 1.60064704312
v -10.4057237891 -2.69633200742 1.60170758999
v -10.4057110937 -2.70140622617 1.60086383999
v -10.3935206641 -2.70902146055 1.59966266812
v -10.4056798438 -2.71409177305 1.59874274624
v -10.4056925391 -2.7090175543 1.59959235562
v -10.4056983984 -2.70648044492 1.60001618374
v -10.4056866797 -2.71155466367 1.59916852749
v -10.39349625 -2.71917185117 1.59796149624
v -10.4056554297 -2.72424216367 1.59703962124
v -10.405668125 -2.7191659918 1.59789313687
v -10.3447980078 -2.72427341367 1.59737165249
v -10.3691163672 -2.73441403867 1.59552790249
v -10.3691407812 -2.7242597418 1.59724079312
v -10.2474044531 -2.73449997617 1.59612165249
v -10.2960421484 -2.7547831793 1.59244001187
v -10.2960890234 -2.7344628668 1.59589704312
v -10.0526251563 -2.75504489805 1.59334040249
v -10.1499913672 -2.75492771055 1.59303571499
v -10.4056739844 -2.71662888242 1.59831891812
v -10.4056612891 -2.72170310117 1.59746735562
v -10.4117413672 -2.72423825742 1.59700446499
v -10.4117472266 -2.72170114805 1.59743219937
v -10.3934718359 -2.72932419492 1.59625251187
v -10.4178146094 -2.72931052305 1.59611579312
v -10.4056300391 -2.7343925543 1.59532868374
v -10.4056427344 -2.72931638242 1.59618610562
v -10.3934347266 -2.74455271055 1.59367829312
v -10.4177521094 -2.7546894293 1.59181891812
v -10.4177765234 -2.74453708555 1.59354352749
v -10.3446769141 -2.7750644293 1.58872516812
v -10.3933107031 -2.79536521055 1.58497126187
v -10.3933595313 -2.77502146055 1.58847907437
v -10.4056495703 -2.72677927305 1.59661383999
v -10.4117286719 -2.7293144293 1.59615094937
v -10.4117345312 -2.7267753668 1.59657868374
v -10.4178077734 -2.73184763242 1.59568805874
v -10.4177892188 -2.73946091367 1.59440290249
v -10.4421319922 -2.7394472418 1.59426227749
v -10.4299474219 -2.74452927305 1.59347516812
v -10.4299601172 -2.7394550543 1.59433258999
v -10.4299669531 -2.7369159918 1.59476227749
v -10.4421378516 -2.73691013242 1.59469196499
v -10.4360460547 -2.73945114805 1.59429743374
v -10.4360519141 -2.73691403867 1.59472712124
v -10.4664737891 -2.73943552305 1.59411774624
v -10.4542901953 -2.74451560117 1.59333258999
v -10.4543028906 -2.73944138242 1.59419196499
v -10.4482296484 -2.7343691168 1.59508454312
v -10.4543097266 -2.73690427305 1.59461969937
v -10.4482169531 -2.73944528867 1.59422712124
v -10.4482237891 -2.73690622617 1.59465485562
v -10.4543214453 -2.7318300543 1.59547516812
v -10.4664933203 -2.73182419492 1.59540290249
v -10.4604015234 -2.73436325742 1.59501032437
v -10.4604073828 -2.73182614805 1.59543805874
v -2.09745376953 -0.696656226172 1.82840290249
v -2.10000918945 -0.695162085547 1.82871344937
v -2.10239664062 -0.693431616797 1.82905719937
v -2.10459952148 -0.691478491797 1.82943219937
v -2.10660220703 -0.689314429297 1.82983649624
v -2.10838101562 -0.686968726172 1.83026618374
v -2.10991641602 -0.684466773047 1.83071344937
v -2.111199375 -0.681830054297 1.83117438687
v -2.11222037109 -0.679076148047 1.83164899624
v -2.11296792969 -0.676230444922 1.83212946499
v -2.11343277344 -0.673332007422 1.83261188687
v -2.11361172852 -0.670402319922 1.83309040249
v -2.1135028418 -0.667460913672 1.83356305874
v -2.11310611328 -0.664542944922 1.83402399624
v -2.11242642578 -0.661681616797 1.83446930874
v -2.11146866211 -0.658898413672 1.83489313687
v -2.11023794922 -0.656212866797 1.83529743374
v -2.10875992187 -0.653677710547 1.83566852749
v -2.107043125 -0.651302710547 1.83601032437
v -2.10510000977 -0.649101538672 1.83631891812
v -2.10294302734 -0.647095679297 1.83659040249
v -2.1005965918 -0.645308569922 1.83682477749
v -2.09809 -0.643763648047 1.83701813687
v -2.0954415625 -0.642468726172 1.83716657437
v -2.09266983398 -0.641439429297 1.83727204312
v -2.08981558594 -0.640687476172 1.83733258999
v -2.08690860352 -0.640220679297 1.83734626187
v -2.08396988281 -0.640040991797 1.83731501187
v -2.0810209082 -0.640152319922 1.83723688687
v -2.0780978125 -0.640550757422 1.83711383999
v -2.07523746094 -0.641232398047 1.83694587124
v -2.07246011719 -0.642189429297 1.83673688687
v -2.06978604492 -0.643415991797 1.83648688687
v -2.06722671875 -0.644910132422 1.83619391812
v -2.06483609375 -0.646642554297 1.83586774624
v -2.06263003906 -0.648599585547 1.83550837124
v -2.06062466797 -0.650765601172 1.83511579312
v -2.05884415039 -0.653115210547 1.83469977749
v -2.05730728516 -0.655619116797 1.83426227749
v -2.05602408203 -0.658257788672 1.83380524624
v -2.05500357422 -0.661015601172 1.83333258999
v -2.05425699219 -0.663861304297 1.83285212124
v -2.05379361328 -0.666761694922 1.83236579312
v -2.05361612305 -0.669691382422 1.83187946499
v -2.05372623047 -0.672632788672 1.83139704312
v -2.05412417969 -0.675548804297 1.83092243374
v -2.05480484375 -0.678408179297 1.83046344937
v -2.0557630957 -0.681189429297 1.83002204312
v -2.05699380859 -0.683873023047 1.82960212124
v -2.05847183594 -0.686406226172 1.82921149624
v -2.06018814453 -0.688781226172 1.82885407437
v -2.06213077148 -0.690978491797 1.82852985562
v -2.06428750977 -0.692984351172 1.82824274624
v -2.06663345703 -0.694771460547 1.82799665249
v -2.06914004883 -0.696316382422 1.82779548062
v -2.07178873047 -0.697609351172 1.82763923062
v -2.07456094727 -0.698640601172 1.82753180874
v -2.07741714844 -0.699392554297 1.82747126187
v -2.08032608398 -0.699859351172 1.82746149624
v -2.08326651367 -0.700037085547 1.82750251187
v -2.08621695312 -0.699925757422 1.82759040249
v -2.08914126953 -0.699525366797 1.82772712124
v -2.09200235352 -0.698841773047 1.82790876187
v -2.09477994141 -0.697884741797 1.82813532437
v -1.75469205078 -0.573744116797 1.84122712124
v -2.50046597656 -0.573740210547 1.85347907437
v -2.12789639648 -0.765001929297 1.81736969937
v -2.12789151367 -0.573738257422 1.84808649624
v -1.94140616211 -0.573740210547 1.84483649624
v -2.12788443359 -0.669369116797 1.83356696499
v -1.94134488281 -0.669373023047 1.82934430874
v -1.94131558594 -0.717191382422 1.82098102749
v -2.03464688477 -0.669371069922 1.83150446499
v -2.127886875 -0.717183569922 1.82566657437
v -2.03463760742 -0.717187476172 1.82337555874
v -2.31422061523 -0.573738257422 1.85096930874
v -2.50042740234 -0.669367163672 1.84076813687
v -2.3142318457 -0.764996069922 1.82206110562
v -2.31421426758 -0.669367163672 1.83737946499
v -2.87324478516 -0.382494116797 1.87435602749
v -3.24575503906 -0.573744116797 1.85978180874
v -2.87276382812 -0.764992163672 1.83329548062
v -2.87298892578 -0.573742163672 1.85735407437
v -3.98899820312 2.38280554186e-08 1.88202204312
v -3.98812271484 -0.764990210547 1.84387751187
v -3.98874820312 -0.382498023047 1.87303571499
v -2.03464175781 -0.693279273047 1.82749079312
v -2.12788516602 -0.693275366797 1.82966657437
v -2.08127066406 -0.717185523047 1.82453376187
v -1.94137540039 -0.621556616797 1.83730524624
v -2.03467300781 -0.573738257422 1.84650641812
v -2.12788638672 -0.621552710547 1.84104548062
v -2.03465884766 -0.621554663672 1.83922321499
v -1.75486246094 -0.478113257422 1.85593024624
v -1.9415262793 -0.382484351172 1.87016462124
v -2.12790982422 -0.478111304297 1.86077399624
v -1.94146792969 -0.478111304297 1.85851227749
v -2.22106973633 -0.669367163672 1.83552594937
v -2.31421890625 -0.717181616797 1.82992829312
v -2.22109073242 -0.764998023047 1.81977008999
v -2.22107632812 -0.717181616797 1.82785016812
v -3.24520572266 -0.945980444922 1.81227399624
v -2.87268765625 -0.945988257422 1.80452594937
v -4.73044546875 -1.12695310117 1.80616266812
v -3.98746207031 -1.12695896055 1.79678962124
v -2.08127066406 -0.705232398047 1.82657477749
v -2.10457999023 -0.693277319922 1.82913337124
v -2.12788589844 -0.705230444922 1.82768024624
v -2.10458072266 -0.717185523047 1.82510407437
v -2.10458023437 -0.705230444922 1.82713141812
v -2.17448306641 -0.669367163672 1.83455915249
v -2.22107242187 -0.693275366797 1.83174079312
v -2.17448819336 -0.717183569922 1.82677204312
v -2.17448501953 -0.693275366797 1.83071735562
v -2.22107095703 -0.573738257422 1.84957282437
v -2.314215 -0.621552710547 1.84439704312
v -2.22106827148 -0.621552710547 1.84277204312
v -2.5005196875 -0.478115210547 1.86436383999
v -2.31424258789 -0.478113257422 1.86272321499
v -2.03463516602 -0.741095679297 1.81916462124
v -2.12789053711 -0.741093726172 1.82156501187
v -2.08127505859 -0.765003882422 1.81612751187
v -2.08127164062 -0.741093726172 1.82037751187
v -2.10457999023 -0.699253882422 1.82813532437
v -2.0929259375 -0.705230444922 1.82685407437
v -2.03463956055 -0.705232398047 1.82544587124
v -2.05795865234 -0.693277319922 1.82804352749
v -2.05795621094 -0.717185523047 1.82395758999
v -2.0579571875 -0.705232398047 1.82601423062
v -1.94132999023 -0.693281226172 1.82521149624
v -1.98800455078 -0.669371069922 1.83043805874
v -1.98798648437 -0.717189429297 1.82219196499
v -1.98799527344 -0.693279273047 1.82636383999
v -1.84796719727 -0.669376929297 1.82708649624
v -2.12788467773 -0.681322241797 1.83162946499
v -2.0346525 -0.645462866797 1.83541657437
v -2.08127896484 -0.621552710547 1.84014704312
v -2.12788492187 -0.645460913672 1.83735993374
v -2.10457999023 -0.696265601172 1.82863532437
v -2.03464419922 -0.681324194922 1.82951032437
v -2.11623306641 -0.693277319922 1.82940094937
v -2.12788541016 -0.699253882422 1.82867633999
v -2.11623355469 -0.705230444922 1.82740485562
v -2.11623331055 -0.699253882422 1.82840680874
v -2.15118667969 -0.693275366797 1.83019587124
v -2.17448648437 -0.705228491797 1.82875641812
v -2.15118936523 -0.717183569922 1.82622126187
v -2.15118790039 -0.705230444922 1.82822126187
v -2.2210821875 -0.741089819922 1.82385993374
v -2.17450113281 -0.764999976172 1.81858454312
v -2.17449332031 -0.741091773047 1.82272712124
v -2.31425601562 -0.810248023047 1.81426032437
v -2.22111612305 -0.810249976172 1.81177594937
v -2.11623282227 -0.681322241797 1.83136969937
v -2.12788492187 -0.687298804297 1.83065094937
v -2.11623282227 -0.687298804297 1.83038923062
v -2.15118521484 -0.669367163672 1.83406501187
v -2.17448379883 -0.681322241797 1.83265094937
v -2.15118594727 -0.681322241797 1.83214313687
v -2.17448233398 -0.621552710547 1.84192048062
v -2.22106851562 -0.645458960547 1.83920173062
v -2.17448208984 -0.645460913672 1.83829352749
v -2.11040665039 -0.687298804297 1.83025641812
v -2.11623282227 -0.690287085547 1.82989508999
v -2.11040665039 -0.693277319922 1.82926618374
v -2.11040665039 -0.690289038672 1.82976227749
v -2.11623282227 -0.684310523047 1.83088141812
v -2.11623282227 -0.669369116797 1.83331501187
v -2.12788467773 -0.675345679297 1.83260212124
v -2.11623282227 -0.675345679297 1.83234626187
v -2.10458194336 -0.645460913672 1.83688337124
v -2.12788467773 -0.657414038672 1.83547712124
v -2.11623282227 -0.678333960547 1.83185798062
v -2.11623282227 -0.672357398047 1.83283063687
v -2.11623331055 -0.657414038672 1.83523102749
v -2.12788443359 -0.663390601172 1.83452399624
v -2.11623306641 -0.663392554297 1.83427594937
v -2.1511849707 -0.645460913672 1.83783063687
v -2.17448233398 -0.657414038672 1.83644001187
v -2.1511849707 -0.657414038672 1.83596149624
v -2.11623306641 -0.666380835547 1.83379548062
v -2.03464957031 -0.657415991797 1.83347321499
v -2.05796573242 -0.645460913672 1.83591266812
v -1.94136001953 -0.645464819922 1.83337555874
v -1.98802457031 -0.621554663672 1.83827594937
v -1.98801431641 -0.645462866797 1.83440876187
v -1.75459927734 -0.621562476172 1.83318610562
v -1.84808243164 -0.573742163672 1.84307673062
v -1.84802554687 -0.621558569922 1.83529157437
v -2.11623306641 -0.660402319922 1.83475446499
v -2.11623379883 -0.645460913672 1.83712165249
v -2.12788467773 -0.651437476172 1.83642048062
v -2.11623355469 -0.651437476172 1.83618024624
v -2.08127701172 -0.633507788672 1.83828766812
v -2.10458414062 -0.621552710547 1.84059821499
v -2.12788541016 -0.633505835547 1.83921540249
v -2.10458291992 -0.633507788672 1.83875446499
v -2.03466568359 -0.597646460547 1.84292048062
v -2.08128775391 -0.573738257422 1.84730719937
v -2.12788858398 -0.597646460547 1.84462165249
v -2.08128287109 -0.597646460547 1.84378376187
v -1.94143716797 -0.525925757422 1.85191462124
v -2.0347059668 -0.478111304297 1.85968219937
v -2.12789957031 -0.525923804297 1.85466852749
v -2.03468887695 -0.525923804297 1.85333454312
v -2.11040762695 -0.651437476172 1.83605915249
v -2.11623331055 -0.654425757422 1.83570758999
v -2.11040738281 -0.654425757422 1.83558454312
v -2.11040787109 -0.645460913672 1.83700251187
v -2.11623355469 -0.648449194922 1.83665290249
v -2.11040762695 -0.648449194922 1.83653180874
v -2.10458243164 -0.639484351172 1.83782282437
v -2.11623453125 -0.633507788672 1.83898688687
v -2.12788516602 -0.639484351172 1.83829157437
v -2.11623404297 -0.639484351172 1.83805719937
v -2.15118570312 -0.621552710547 1.84148688687
v -2.17448208984 -0.633505835547 1.84012165249
v -2.15118521484 -0.633505835547 1.83967243374
v -2.17448550781 -0.573738257422 1.84884040249
v -2.22106924805 -0.597644507422 1.84622907437
v -2.17448355469 -0.597644507422 1.84543805874
v -2.22108658203 -0.478111304297 1.86178766812
v -2.31422989258 -0.525925757422 1.85708063687
v -2.22107730469 -0.525923804297 1.85591852749
v -2.09293033203 -0.633507788672 1.83852204312
v -2.09292959961 -0.639484351172 1.83758649624
v -2.03465542969 -0.633507788672 1.83733258999
v -2.05797037109 -0.621554663672 1.83968805874
v -2.05796792969 -0.633507788672 1.83781305874
v -2.09875601562 -0.639484351172 1.83770368374
v -2.1045821875 -0.642472632422 1.83735407437
v -2.09875577148 -0.642472632422 1.83723493374
v -2.05796695312 -0.639484351172 1.83686579312
v -2.06962295898 -0.633507788672 1.83805133999
v -2.06962198242 -0.639484351172 1.83710798062
v -2.06962149414 -0.642472632422 1.83663337124
v -2.05796475586 -0.651439429297 1.83495173062
v -2.0579662207 -0.642472632422 1.83638923062
v -2.06379458984 -0.639484351172 1.83698688687
v -2.06379361328 -0.645460913672 1.83603376187
v -2.06379410156 -0.642472632422 1.83651227749
v -2.03465396484 -0.639484351172 1.83637946499
v -2.04631216797 -0.633507788672 1.83757477749
v -2.04630948242 -0.645462866797 1.83566462124
v -2.04631094727 -0.639484351172 1.83662360562
v -1.98801944336 -0.633509741797 1.83635602749
v -2.01134341797 -0.621554663672 1.83875251187
v -2.01133536133 -0.645462866797 1.83491657437
v -2.01133951172 -0.633507788672 1.83684821499
v -1.94139078125 -0.597648413672 1.84112555874
v -1.98804605469 -0.573740210547 1.84568219937
v -1.9880353125 -0.597646460547 1.84203376187
v -2.05796524414 -0.648449194922 1.83543219937
v -2.03465103516 -0.651439429297 1.83444977749
v -2.04630704102 -0.657415991797 1.83372907437
v -2.04630826172 -0.651439429297 1.83470173062
v -1.98800943359 -0.657417944922 1.83243610562
v -2.01132779297 -0.669371069922 1.83097516812
v -2.01133145508 -0.657415991797 1.83295758999
v -2.04630777344 -0.654427710547 1.83421540249
v -2.05213663086 -0.651439429297 1.83482673062
v -2.05213541016 -0.657415991797 1.83385798062
v -2.05213614258 -0.654427710547 1.83434235562
v -2.03464810547 -0.663392554297 1.83249274624
v -2.04630484375 -0.669369116797 1.83176813687
v -2.04630582031 -0.663392554297 1.83275251187
v -2.04630655273 -0.660404273047 1.83324274624
v -2.05213443359 -0.663392554297 1.83288141812
v -2.05213492187 -0.660404273047 1.83336969937
v -2.04630533203 -0.666380835547 1.83226032437
v -2.05213345703 -0.669369116797 1.83189899624
v -2.05213394531 -0.666380835547 1.83239118374
v -2.03464541992 -0.675347632422 1.83051032437
v -2.04630264648 -0.681324194922 1.82978180874
v -2.04630362305 -0.675347632422 1.83077790249
v -1.98799991211 -0.681326148047 1.82841266812
v -2.01132071289 -0.693279273047 1.82693024624
v -2.01132413086 -0.681324194922 1.82896540249
v -2.04630411133 -0.672359351172 1.83127399624
v -2.05213248047 -0.675347632422 1.83091071499
v -2.05213296875 -0.672357398047 1.83140485562
v -2.04630313477 -0.678335913672 1.83027985562
v -2.05213150391 -0.681324194922 1.82991657437
v -2.05213199219 -0.678335913672 1.83041462124
v -2.03464297852 -0.687300757422 1.82850446499
v -2.04630069336 -0.693277319922 1.82776813687
v -2.04630166992 -0.687300757422 1.82877790249
v -2.0463021582 -0.684312476172 1.82927985562
v -2.05213052734 -0.687300757422 1.82891462124
v -2.05213101562 -0.684312476172 1.82941657437
v -2.05795791992 -0.699255835547 1.82703180874
v -2.06961441406 -0.705232398047 1.82629548062
v -2.06961490234 -0.699253882422 1.82730915249
v -2.05795816406 -0.696265601172 1.82753962124
v -2.0637865332 -0.699255835547 1.82717048062
v -2.06378677734 -0.696265601172 1.82767633999
v -2.03464053711 -0.699255835547 1.82647126187
v -2.04629898437 -0.705232398047 1.82573102749
v -2.0462997168 -0.699255835547 1.82675251187
v -1.98799063477 -0.705234351172 1.82428962124
v -2.01131436523 -0.717187476172 1.82278571499
v -2.01131753906 -0.705234351172 1.82486969937
v -1.98797916016 -0.741097632422 1.81792438687
v -2.0696146582 -0.702244116797 1.82680329312
v -2.0812709082 -0.702242163672 1.82708258999
v -2.0754427832 -0.705232398047 1.82643610562
v -2.0754427832 -0.702242163672 1.82694196499
v -2.05795669922 -0.711208960547 1.82498883999
v -2.08127066406 -0.711208960547 1.82555719937
v -2.06961392578 -0.717185523047 1.82424665249
v -2.06961416992 -0.711208960547 1.82527399624
v -2.03463614258 -0.729142554297 1.82128180874
v -2.0812709082 -0.729140601172 1.82246735562
v -2.05795572266 -0.741095679297 1.81977399624
v -2.05795572266 -0.729140601172 1.82187751187
v -2.0929259375 -0.702242163672 1.82735798062
v -2.08709854492 -0.705230444922 1.82671540249
v -2.08709854492 -0.702242163672 1.82721930874
v -2.10458047852 -0.711208960547 1.82611969937
v -2.09292618164 -0.717185523047 1.82481891812
v -2.0929259375 -0.711208960547 1.82584040249
v -2.12788833984 -0.729138648047 1.82362751187
v -2.10458316406 -0.741093726172 1.82097516812
v -2.10458169922 -0.729138648047 1.82305133999
v -2.09745376953 0.696656273828 1.82840290249
v -2.09477994141 0.697882836328 1.82813532437
v -2.09200235352 0.698841820703 1.82790876187
v -2.08914126953 0.699525414453 1.82772712124
v -2.08621695312 0.699925805078 1.82759040249
v -2.08326651367 0.700037133203 1.82750251187
v -2.08032608398 0.699859398828 1.82746149624
v -2.07741714844 0.699392601953 1.82747126187
v -2.07456094727 0.698640648828 1.82753180874
v -2.07178873047 0.697609398828 1.82763923062
v -2.06914004883 0.696316430078 1.82779548062
v -2.06663345703 0.694771508203 1.82799665249
v -2.06428750977 0.692984398828 1.82824274624
v -2.06213077148 0.690978539453 1.82852985562
v -2.06018814453 0.688779320703 1.82885407437
v -2.05847183594 0.686406273828 1.82921149624
v -2.05699380859 0.683873070703 1.82960212124
v -2.0557630957 0.681189476953 1.83002204312
v -2.05480484375 0.678408226953 1.83046344937
v -2.05412417969 0.675548851953 1.83092243374
v -2.05372623047 0.672632836328 1.83139704312
v -2.05361612305 0.669691430078 1.83187946499
v -2.05379361328 0.666761742578 1.83236579312
v -2.05425699219 0.663861351953 1.83285212124
v -2.05500357422 0.661015648828 1.83333258999
v -2.05602408203 0.658257836328 1.83380524624
v -2.05730728516 0.655619164453 1.83426227749
v -2.05884415039 0.653115258203 1.83469977749
v -2.06062466797 0.650765648828 1.83511579312
v -2.06263003906 0.648599633203 1.83550837124
v -2.06483609375 0.646642601953 1.83586774624
v -2.06722671875 0.644910180078 1.83619391812
v -2.06978604492 0.643416039453 1.83648688687
v -2.07246011719 0.642189476953 1.83673688687
v -2.07523746094 0.641232445703 1.83694587124
v -2.0780978125 0.640550805078 1.83711383999
v -2.0810209082 0.640152367578 1.83723688687
v -2.08396988281 0.640041039453 1.83731501187
v -2.08690860352 0.640220726953 1.83734626187
v -2.08981558594 0.640687523828 1.83733258999
v -2.09266983398 0.641439476953 1.83727204312
v -2.0954415625 0.642468773828 1.83716657437
v -2.09809 0.643763695703 1.83701813687
v -2.1005965918 0.645308617578 1.83682477749
v -2.10294302734 0.647095726953 1.83659235562
v -2.10510000977 0.649101586328 1.83631891812
v -2.107043125 0.651302758203 1.83601032437
v -2.10875992187 0.653677758203 1.83566852749
v -2.11023794922 0.656212914453 1.83529743374
v -2.11146866211 0.658898461328 1.83489313687
v -2.11242642578 0.661681664453 1.83446930874
v -2.11310611328 0.664542992578 1.83402399624
v -2.1135028418 0.667460961328 1.83356305874
v -2.11361172852 0.670402367578 1.83309040249
v -2.11343277344 0.673332055078 1.83261188687
v -2.11296792969 0.676230492578 1.83212946499
v -2.11222037109 0.679076195703 1.83164899624
v -2.111199375 0.681830101953 1.83117438687
v -2.10991641602 0.684466820703 1.83071344937
v -2.10838101562 0.686968773828 1.83026618374
v -2.10660220703 0.689314476953 1.82983649624
v -2.10459952148 0.691478539453 1.82943219937
v -2.10239664062 0.693431664453 1.82905719937
v -2.10000918945 0.695162133203 1.82871344937
v -1.7547384375 0.548927758203 1.84522712124
v -2.12788882812 0.731912133203 1.82315094937
v -2.50047891602 0.548923851953 1.85648102749
v -2.12789541992 0.548921898828 1.85156110562
v -3.24516617187 1.1039043207 1.78568219937
v -1.75456143555 0.640425805078 1.82989899624
v -2.12788516602 0.640416039453 1.83814704312
v -1.94142227539 0.548923851953 1.84856891812
v -1.94136319336 0.640419945703 1.83421344937
v -1.94133438477 0.686167992578 1.82645173062
v -2.03463589844 0.731914086328 1.82079157437
v -2.12788492187 0.686164086328 1.83083844937
v -2.0346537207 0.640417992578 1.83622907437
v -2.03464322266 0.686166039453 1.82869587124
v -2.31422183594 0.731908226953 1.82754743374
v -2.50043716797 0.640414086328 1.84480719937
v -2.31422500977 0.548923851953 1.85419977749
v -2.31421426758 0.640414086328 1.84168219937
v -2.87279654297 0.731906273828 1.83795954312
v -3.24579849609 0.548929711328 1.86206501187
v -2.87326578125 0.365951195703 1.87550055874
v -2.87302212891 0.548927758203 1.85995758999
v -3.98818667969 0.731904320703 1.84727399624
v -3.98876822266 0.365955101953 1.87381696499
v -2.03463882812 0.709041039453 1.82478962124
v -2.0812709082 0.731914086328 1.82198493374
v -2.12788614258 0.709037133203 1.82704157437
v -2.08127066406 0.709039086328 1.82592829312
v -2.1279012793 0.778416039453 1.81497516812
v -2.5004271582 0.824910180078 1.81639899624
v -2.31426700195 0.824914086328 1.81166266812
v -3.245230625 0.917902367578 1.81665680874
v -2.87268472656 0.917908226953 1.80932087124
v -4.73049771484 1.10388478945 1.80908844937
v -3.98749673828 1.10389064883 1.80028962124
v -2.22107974609 0.731910180078 1.82540485562
v -2.31421524414 0.686160180078 1.83481110562
v -2.22106827148 0.640414086328 1.83996540249
v -2.22107144531 0.686162133203 1.83287751187
v -2.10458023437 0.709037133203 1.82648688687
v -2.12788541016 0.697599633203 1.82895173062
v -2.10457999023 0.697601586328 1.82841071499
v -2.17449112305 0.731910180078 1.82429157437
v -2.22107486328 0.709035180078 1.82918805874
v -2.17448428711 0.686162133203 1.83187165249
v -2.17448697266 0.709037133203 1.82812751187
v -2.31423770508 0.778410180078 1.81978376187
v -2.22109683594 0.778414086328 1.81743610562
v -2.03464810547 0.663291039453 1.83251032437
v -2.12788443359 0.663289086328 1.83454157437
v -1.94139273437 0.594671898828 1.84159430874
v -2.12788882812 0.594669945703 1.84505915249
v -2.03468106445 0.548923851953 1.85010798062
v -2.03466641602 0.594669945703 1.84337360562
v -1.75489639648 0.457433617578 1.85884821499
v -2.12791495117 0.457431664453 1.86326423062
v -1.94153580078 0.365941430078 1.87195954312
v -1.94148086914 0.457431664453 1.86120954312
v -2.08127066406 0.703320336328 1.82689899624
v -2.0929259375 0.709039086328 1.82620758999
v -2.10458023437 0.703320336328 1.82745173062
v -2.0929259375 0.703320336328 1.82717633999
v -2.03464102539 0.697603539453 1.82675446499
v -2.05795694336 0.709039086328 1.82536188687
v -2.05795791992 0.697601586328 1.82731305874
v -1.94132046875 0.709042992578 1.82243415249
v -1.9879818457 0.731916039453 1.81957282437
v -1.98799795898 0.686167992578 1.82758649624
v -1.98798941406 0.709041039453 1.82362360562
v -1.84800259766 0.640421898828 1.83210407437
v -1.84794620117 0.686171898828 1.82410993374
v -2.08127066406 0.720476586328 1.82396735562
v -2.10458194336 0.731912133203 1.82257087124
v -2.12788736328 0.720474633203 1.82510798062
v -2.1045809668 0.720474633203 1.82454157437
v -2.03463467773 0.755167992578 1.81664118374
v -2.12789371094 0.755164086328 1.81910798062
v -2.08127334961 0.755166039453 1.81788727749
v -2.0929259375 0.700460961328 1.82765876187
v -2.09875308594 0.703320336328 1.82731501187
v -2.10457999023 0.700460961328 1.82793219937
v -2.09875308594 0.697601586328 1.82827594937
v -2.09875308594 0.700460961328 1.82779548062
v -2.11623355469 0.709037133203 1.82676423062
v -2.1278856543 0.703318383203 1.82799860562
v -2.11623306641 0.697601586328 1.82868219937
v -2.11623331055 0.703318383203 1.82772712124
v -2.15118814453 0.709037133203 1.82758844937
v -2.17448550781 0.697599633203 1.83001032437
v -2.15118619141 0.686162133203 1.83135798062
v -2.15118716797 0.697599633203 1.82948493374
v -2.22106924805 0.663289086328 1.83647126187
v -2.17448208984 0.640416039453 1.83906891812
v -2.17448257812 0.663289086328 1.83551813687
v -2.31421768555 0.594667992578 1.84814899624
v -2.22107388672 0.548921898828 1.85292438687
v -2.22106924805 0.594667992578 1.84665094937
v -2.31424869141 0.457433617578 1.86501618374
v -2.12788467773 0.674726586328 1.83270173062
v -2.08709854492 0.703320336328 1.82703766812
v -2.05795743164 0.703320336328 1.82634040249
v -2.06961416992 0.709039086328 1.82564508999
v -2.06961514648 0.697601586328 1.82759040249
v -2.0696146582 0.703320336328 1.82661969937
v -2.03463711914 0.720476586328 1.82280133999
v -2.05795572266 0.731914086328 1.82139118374
v -2.0579559668 0.720476586328 1.82338727749
v -2.06961490234 0.700460961328 1.82710602749
v -2.0754427832 0.703320336328 1.82676032437
v -2.07544302734 0.700460961328 1.82724469937
v -2.05795865234 0.691882836328 1.82827985562
v -2.03464566406 0.674728539453 1.83061383999
v -1.94134878906 0.663292992578 1.83037946499
v -1.98801651367 0.640417992578 1.83523298062
v -1.98800699219 0.663292992578 1.83145758999
v -2.0579584082 0.694742211328 1.82779743374
v -2.06378677734 0.697601586328 1.82745173062
v -2.06378702148 0.694742211328 1.82793415249
v -2.03464200195 0.691884789453 1.82772712124
v -2.04629996094 0.697601586328 1.82703376187
v -2.04630191406 0.686166039453 1.82896930874
v -2.0463009375 0.691884789453 1.82800446499
v -1.98799356445 0.697603539453 1.82561579312
v -2.0113165625 0.709041039453 1.82420954312
v -2.01132266602 0.686166039453 1.82814313687
v -2.01131949219 0.697603539453 1.82618805874
v -2.03464444336 0.680447289453 1.82965876187
v -2.04630386719 0.674728539453 1.83088141812
v -2.04630289062 0.680447289453 1.82992829312
v -1.98800235352 0.674730492578 1.82953376187
v -2.01132974609 0.663291039453 1.83198688687
v -2.01132608398 0.674728539453 1.83007673062
v -2.04630240234 0.683306664453 1.82944977749
v -2.05213077148 0.686166039453 1.82910407437
v -2.05213150391 0.680447289453 1.83006305874
v -2.05213125977 0.683306664453 1.82958454312
v -2.04630337891 0.677587914453 1.83040485562
v -2.05213248047 0.674728539453 1.83101423062
v -2.05213199219 0.677587914453 1.83053766812
v -2.03464688477 0.669009789453 1.83156501187
v -2.04630582031 0.663291039453 1.83277008999
v -2.04630484375 0.669009789453 1.83182868374
v -2.03465079102 0.651853539453 1.83438141812
v -2.05796670898 0.640416039453 1.83671735562
v -2.05796451172 0.651853539453 1.83488337124
v -2.03465982422 0.617542992578 1.83985016812
v -2.12788663086 0.617542992578 1.84165290249
v -2.08128360352 0.594669945703 1.84422712124
v -2.08127945312 0.617542992578 1.84076423062
v -2.04630435547 0.671869164453 1.83135602749
v -2.05213345703 0.669009789453 1.83195954312
v -2.05213296875 0.671869164453 1.83148688687
v -2.04630533203 0.666150414453 1.83229938687
v -2.05213443359 0.663291039453 1.83289899624
v -2.05213394531 0.666150414453 1.83242829312
v -2.03464957031 0.657572289453 1.83344782437
v -2.04630826172 0.651853539453 1.83463337124
v -2.04630704102 0.657572289453 1.83370368374
v -1.98801163086 0.651855492578 1.83335798062
v -2.01133707031 0.640417992578 1.83573493374
v -2.0113334082 0.651855492578 1.83387165249
v -1.9413778418 0.617544945703 1.83795368374
v -1.9880365332 0.594669945703 1.84249469937
v -1.98802652344 0.617544945703 1.83891462124
v -1.75465201172 0.594675805078 1.83776032437
v -1.84811099609 0.548925805078 1.84694001187
v -1.84805777344 0.594673851953 1.83972321499
v -2.04630655273 0.660431664453 1.83323688687
v -2.05213541016 0.657572289453 1.83383258999
v -2.05213492187 0.660431664453 1.83336579312
v -2.12788467773 0.651853539453 1.83635602749
v -2.1045821875 0.640416039453 1.83767633999
v -2.0463075293 0.654712914453 1.83417048062
v -2.05213663086 0.651853539453 1.83475837124
v -2.05213589844 0.654712914453 1.83429548062
v -2.03465225586 0.646136742578 1.83530915249
v -2.05796573242 0.646134789453 1.83580329312
v -2.04631070312 0.640417992578 1.83647321499
v -2.04630948242 0.646134789453 1.83555719937
v -2.03465665039 0.628980492578 1.83805329312
v -2.08127774414 0.628980492578 1.83899469937
v -2.05797134766 0.617542992578 1.84031110562
v -2.05796890625 0.628980492578 1.83852594937
v -2.06962198242 0.640416039453 1.83695954312
v -2.05796524414 0.648994164453 1.83534430874
v -2.0579662207 0.643275414453 1.83626227749
v -2.0637943457 0.640416039453 1.83683844937
v -2.06379385742 0.643275414453 1.83638337124
v -2.05796768555 0.634699242578 1.83762555874
v -2.08127701172 0.634697289453 1.83810016812
v -2.06962369141 0.628980492578 1.83876032437
v -2.06962271484 0.634699242578 1.83786383999
v -2.12788589844 0.628978539453 1.83991266812
v -2.10458462891 0.617542992578 1.84121149624
v -2.1045834082 0.628978539453 1.83945563687
v -2.22106851562 0.617541039453 1.84335798062
v -2.17448379883 0.594667992578 1.84586774624
v -2.17448257812 0.617541039453 1.84251813687
v -2.07544913086 0.640416039453 1.83708063687
v -2.10458169922 0.646134789453 1.83677790249
v -2.09292959961 0.640416039453 1.83743805874
v -2.06962222656 0.637556664453 1.83741266812
v -2.08127652344 0.637556664453 1.83765094937
v -2.07544986328 0.634697289453 1.83798298062
v -2.07544961914 0.637556664453 1.83753180874
v -2.10458267578 0.634697289453 1.83856891812
v -2.09293082031 0.628978539453 1.83922712124
v -2.09293033203 0.634697289453 1.83833649624
v -2.09292984375 0.637556664453 1.83788727749
v -2.08710367187 0.634697289453 1.83821735562
v -2.08710342773 0.637556664453 1.83777008999
v -2.10458194336 0.643275414453 1.83722712124
v -2.09875601562 0.640416039453 1.83755719937
v -2.11623355469 0.651853539453 1.83611383999
v -2.12788492187 0.646134789453 1.83725446499
v -2.11623404297 0.640416039453 1.83791266812
v -2.11623379883 0.646134789453 1.83701618374
v -2.15118521484 0.663289086328 1.83503180874
v -2.17448233398 0.651851586328 1.83730524624
v -2.1511849707 0.640416039453 1.83860993374
v -2.1511849707 0.651851586328 1.83683454312
v -2.11040762695 0.651853539453 1.83599274624
v -2.11623355469 0.648994164453 1.83656696499
v -2.11040787109 0.646134789453 1.83689704312
v -2.11040762695 0.648994164453 1.83644587124
v -2.11623306641 0.663289086328 1.83429157437
v -2.12788467773 0.657570336328 1.83545173062
v -2.11623331055 0.657570336328 1.83520563687
v -2.11623331055 0.654712914453 1.83566071499
v -2.11040738281 0.654712914453 1.83553962124
v -2.11623306641 0.660429711328 1.83475055874
v -2.11623282227 0.674726586328 1.83244587124
v -2.12788443359 0.669007836328 1.83362360562
v -2.11623282227 0.669007836328 1.83337165249
v -2.17448331055 0.674726586328 1.83370758999
v -2.15118545898 0.674726586328 1.83320758999
v -2.11623306641 0.666148461328 1.83383258999
v -2.11623282227 0.671867211328 1.83291071499
v -2.11623282227 0.686164086328 1.83057673062
v -2.12788467773 0.680445336328 1.83177204312
v -2.11623282227 0.680445336328 1.83151423062
v -2.11623282227 0.677585961328 1.83198102749
v -2.11040665039 0.686164086328 1.83044391812
v -2.11623282227 0.683304711328 1.83104548062
v -2.12788492187 0.691882836328 1.82989704312
v -2.11623306641 0.691882836328 1.82963141812
v -2.11040665039 0.691882836328 1.82949860562
v -2.11623282227 0.689023461328 1.83010407437
v -2.11040665039 0.689023461328 1.82997126187
v -18.8870138281 -0.0999999761719 1.66220173062
v -18.8892130469 -0.137449194922 1.66175837124
v -18.8957775 -0.174380835547 1.66106305874
v -18.9066173437 -0.210281226172 1.66012946499
v -18.9215802344 -0.244664038672 1.65898493374
v -18.9404630469 -0.277062476172 1.65765680874
v -18.9630060156 -0.307029273047 1.65618024624
v -18.9889161719 -0.334165991797 1.65459040249
v -19.0178263281 -0.358085913672 1.65292829312
v -19.0493692969 -0.378474585547 1.65123493374
v -19.0830880469 -0.395029273047 1.64955133999
v -19.1185314062 -0.407523413672 1.64791657437
v -19.1552267188 -0.415781226172 1.64636188687
v -19.19268375 -0.419677710547 1.64491852749
v -19.2304044531 -0.419144507422 1.64360798062
v -19.2678829688 -0.414156226172 1.64245368374
v -19.30459 -0.404759741797 1.64146149624
v -19.3399532813 -0.391078101172 1.64064313687
v -19.3734942969 -0.373285132422 1.63999469937
v -19.4047052344 -0.351630835547 1.63951227749
v -19.43312125 -0.326439429297 1.63918415249
v -19.4583302344 -0.298089819922 1.63899469937
v -19.4799689063 -0.267019507422 1.63892829312
v -19.4977423438 -0.233703101172 1.63896735562
v -19.5114396094 -0.198613257422 1.63909235562
v -19.5208927344 -0.162300757422 1.63928766812
v -19.5260216406 -0.125187476172 1.63954352749
v -19.5270138281 -0.0970507574219 1.63977008999
v -19.5247892188 0.137662133203 1.63945173062
v -19.5181778906 0.174677758203 1.63921540249
v -19.5072853125 0.210626976953 1.63904157437
v -19.492215 0.245119164453 1.63894391812
v -19.47312125 0.277726586328 1.63893805874
v -19.4502560156 0.307925805078 1.63904548062
v -19.4239317969 0.335257836328 1.63927790249
v -19.3945275 0.359304711328 1.63965680874
v -19.3624884375 0.379693383203 1.64019391812
v -19.3282872656 0.396128930078 1.64089899624
v -19.2924415625 0.408390648828 1.64177399624
v -19.255465 0.416310570703 1.64281891812
v -19.2178126563 0.419816430078 1.64402985562
v -19.1800978125 0.418865258203 1.64538727749
v -19.1428907812 0.413513695703 1.64686774624
v -19.1065997656 0.403837914453 1.64845173062
v -19.0717286719 0.389996117578 1.65010407437
v -19.0387247656 0.372175805078 1.65179352749
v -19.0080548437 0.350630883203 1.65347712124
v -18.9801153906 0.325648461328 1.65511774624
v -18.9552892187 0.297574242578 1.65667438687
v -18.9339161719 0.266789086328 1.65810602749
v -18.9162833594 0.233701195703 1.65937946499
v -18.9026388281 0.198777367578 1.66045758999
v -18.8931739844 0.162488305078 1.66131501187
v -18.8880177344 0.125339867578 1.66193024624
v -18.86405875 -0.382509741797 1.65727008999
v -19.0390411719 -0.573751929297 1.64385602749
v -19.3911192969 -0.764984351172 1.62084430874
v -19.3913282813 -0.573740210547 1.63144391812
v -18.8640782812 -0.334697241797 1.65869391812
v -18.95159 -0.382507788672 1.65439118374
v -18.951605625 -0.334695288672 1.65581891812
v -19.0390939062 -0.478128882422 1.64802985562
v -18.8639513281 -0.573755835547 1.64969391812
v -18.8640099219 -0.478134741797 1.65385602749
v -19.3913575781 -0.478119116797 1.63562360562
v -19.2143732031 -0.573748023047 1.63778766812
v -19.2144161719 -0.478124976172 1.64196735562
v -19.0391134375 -0.430318335547 1.64983649624
v -19.1266661719 -0.478126929297 1.64503180874
v -19.12668375 -0.430314429297 1.64683844937
v -19.3913595313 -0.430306616797 1.63743415249
v -19.3025704688 -0.478121069922 1.63883454312
v -19.3025782812 -0.430310523047 1.64064313687
v -19.5717052344 -0.382486304297 1.63237165249
v -19.5717364844 -0.573728491797 1.62476813687
v -19.5717423437 -0.478107398047 1.62894587124
v -19.5716485938 -0.286865210547 1.63504352749
v -19.480949375 -0.286869116797 1.63843219937
v -19.5716798438 -0.334675757422 1.63380329312
v -19.4809884375 -0.382490210547 1.63575837124
v -19.4809708594 -0.334679663672 1.63719001187
v -19.5716974219 0.365943383203 1.63288727749
v -19.0390567969 0.548937523828 1.64501032437
v -19.3911720313 0.731898461328 1.62289118374
v -19.39134 0.548925805078 1.63260016812
v -19.4809825781 0.365949242578 1.63627594937
v -19.5716700781 0.320201195703 1.63419782437
v -19.4809630469 0.320205101953 1.63758649624
v -19.3913595313 0.457439476953 1.63643024624
v -19.5717423437 0.548914086328 1.62592438687
v -19.5717364844 0.457429711328 1.62975055874
v -19.0391036719 0.457451195703 1.64883454312
v -19.214386875 0.548933617578 1.63894391812
v -19.2144220312 0.457445336328 1.64277399624
v -19.3025763281 0.457443383203 1.63964118374
v -19.3913595313 0.411695336328 1.63808649624
v -19.03912125 0.411707055078 1.65048883999
v -19.1266739844 0.457449242578 1.64583649624
v -18.8639689063 0.548941430078 1.65084626187
v -18.8640665625 0.365966820703 1.65778376187
v -18.8640216406 0.457455101953 1.65465876187
v -18.8640450781 0.411710961328 1.65630719937
v -18.9515567969 0.457453148828 1.65177594937
v -18.9515958594 0.365964867578 1.65490680874
v -18.9515782813 0.411709008203 1.65342633999
v -18.8640841406 0.320220726953 1.65908844937
v -18.9516114844 0.320218773828 1.65621344937
v -18.7536974219 1.15742189883 1.61168024624
v -18.7643692969 1.1213418207 1.61472126187
v -18.7792052344 1.08676174258 1.61738337124
v -18.79799625 1.05416408633 1.61964118374
v -18.8204845312 1.02399611758 1.62148298062
v -18.8463595313 0.996675805078 1.62290290249
v -18.8752638281 0.972582055078 1.62389899624
v -18.9067950781 0.952046898828 1.62447712124
v -18.9405177344 0.935355492578 1.62464508999
v -18.9759571875 0.922742211328 1.62441852749
v -19.0126290625 0.914375023828 1.62380719937
v -19.0500255469 0.910367211328 1.62283258999
v -19.0876310156 0.910775414453 1.62150641812
v -19.1249376563 0.915595726953 1.61985212124
v -19.1614396094 0.924765648828 1.61788141812
v -19.1966349219 0.938167992578 1.61561188687
v -19.2300372656 0.955626976953 1.61306501187
v -19.2612403906 0.976957055078 1.61025055874
v -19.2897189063 1.00182814883 1.60719782437
v -19.3150626562 1.0298808832 1.60393024624
v -19.3369103125 1.06071096133 1.60047321499
v -19.3549435156 1.09383010195 1.59686579312
v -19.3689396094 1.12881252383 1.59313532437
v -19.3787267187 1.1651699457 1.58932087124
v -19.3841661719 1.20241018008 1.58546149624
v -19.3852013281 1.23997658633 1.58160798062
v -19.381824375 1.27742385195 1.57780719937
v -19.3764239844 1.3051308832 1.57502204312
v -19.3208263281 1.5338808832 1.54986969937
v -19.3059083594 1.56850393008 1.54590290249
v -19.2870177344 1.6011386957 1.54224469937
v -19.264418125 1.6313261957 1.53896149624
v -19.2384317969 1.6586386957 1.53612165249
v -19.2094278906 1.6826933832 1.53378571499
v -19.1777892188 1.7031777582 1.53200251187
v -19.143980625 1.71979299258 1.53081501187
v -19.1085685156 1.73228908633 1.53026032437
v -19.0719415625 1.74054299258 1.53035016812
v -19.0345353125 1.74445705508 1.53109235562
v -18.9969064063 1.74395314883 1.53248493374
v -18.9595802344 1.73903322695 1.53450641812
v -18.92309 1.72976174258 1.53712165249
v -18.8879513281 1.71627346133 1.54028571499
v -18.8546525 1.69876174258 1.54393610562
v -18.823668125 1.6774824457 1.54800446499
v -18.7954025 1.65273049258 1.55241657437
v -18.770230625 1.62483010195 1.55709430874
v -18.7485021094 1.5941777582 1.56194977749
v -18.7305196875 1.56118361758 1.56689704312
v -18.7165255469 1.5263027582 1.57185602749
v -18.7067189062 1.49003518008 1.57673883999
v -18.7012286719 1.45285549258 1.58147321499
v -18.700136875 1.41526760195 1.58598883999
v -18.703465 1.37780080508 1.59022321499
v -19.3902970313 1.10388478945 1.59467048062
v -18.8636583594 0.917888695703 1.62854548062
v -19.3908028906 0.917890648828 1.61021735562
v -18.7761564062 0.917888695703 1.63142048062
v -18.7761075781 0.964382836328 1.62782282437
v -19.0388067969 0.824900414453 1.62933844937
v -18.8638360937 0.731910180078 1.64117633999
v -18.8637540625 0.824900414453 1.63521540249
v -18.9511642188 0.917890648828 1.62562165249
v -19.3905626563 1.01088674258 1.60280719937
v -19.2139200781 0.917892601953 1.61655915249
v -18.8637091406 0.871394555078 1.63196930874
v -19.0387442969 0.871396508203 1.62608454312
v -18.9512755469 0.824900414453 1.63230329312
v -18.9512228125 0.871394555078 1.62905133999
v -19.3910099219 0.824894555078 1.61691071499
v -19.2142247656 0.731904320703 1.62923493374
v -19.21409 0.824898461328 1.62325251187
v -19.2140079687 0.871396508203 1.61999469937
v -19.1263595312 0.824900414453 1.62632477749
v -19.1262872656 0.871396508203 1.62306891812
v -19.3906876563 0.964388695703 1.60660212124
v -19.3020392188 0.917892601953 1.61342243374
v -19.3019317969 0.964390648828 1.60980719937
v -19.5706739844 1.10387697695 1.58804548062
v -19.5712013281 0.917880883203 1.60357087124
v -19.5709454688 1.01087697695 1.59617048062
v -19.39043375 1.05738674258 1.59883063687
v -19.3004982031 1.65775783633 1.53404157437
v -19.3892189063 1.61228908633 1.53709821499
v -19.2124923438 1.7032246332 1.53077008999
v -19.3010841406 1.7486777582 1.52107868374
v -19.3897052344 1.70321291445 1.52448102749
v -19.3007286719 1.70321877383 1.52764508999
v -18.6871114844 1.70325783633 1.54908454312
v -18.7746095313 1.70325197695 1.54607087124
v -18.7536974219 -1.15742185117 1.61168024624
v -18.703465 -1.37780075742 1.59022321499
v -18.700136875 -1.4152675543 1.58598883999
v -18.7012286719 -1.45285544492 1.58147321499
v -18.7067189062 -1.49003513242 1.57673883999
v -18.7165255469 -1.52630271055 1.57185602749
v -18.7305196875 -1.56118356992 1.56689704312
v -18.7485021094 -1.59417771055 1.56194977749
v -18.770230625 -1.6248300543 1.55709430874
v -18.7954025 -1.65273044492 1.55241657437
v -18.823668125 -1.67748239805 1.54800446499
v -18.8546525 -1.69876169492 1.54393610562
v -18.8879513281 -1.71627341367 1.54028571499
v -18.92309 -1.72976169492 1.53712165249
v -18.9595802344 -1.7390331793 1.53450641812
v -18.9969064063 -1.74395310117 1.53248493374
v -19.0345353125 -1.74445700742 1.53109235562
v -19.0719415625 -1.74054294492 1.53035016812
v -19.1085685156 -1.73228903867 1.53026032437
v -19.143980625 -1.71979294492 1.53081501187
v -19.1777892188 -1.70317771055 1.53200251187
v -19.2094278906 -1.68269528867 1.53378571499
v -19.2384317969 -1.65863864805 1.53612165249
v -19.264418125 -1.63132614805 1.53896149624
v -19.2870177344 -1.60113864805 1.54224469937
v -19.3059083594 -1.56850388242 1.54590290249
v -19.3208263281 -1.53388083555 1.54986969937
v -19.3764239844 -1.30513083555 1.57502204312
v -19.381824375 -1.2774238043 1.57780719937
v -19.3852013281 -1.23997653867 1.58160798062
v -19.3841661719 -1.20241013242 1.58546149624
v -19.3787267187 -1.16516989805 1.58932087124
v -19.3689396094 -1.12881247617 1.59313532437
v -19.3549435156 -1.0938300543 1.59686579312
v -19.3369103125 -1.06071091367 1.60047321499
v -19.3150626562 -1.02988083555 1.60393024624
v -19.2897189063 -1.00182810117 1.60719782437
v -19.2612403906 -0.976957007422 1.61025055874
v -19.2300372656 -0.955626929297 1.61306501187
v -19.1966349219 -0.938167944922 1.61561188687
v -19.1614396094 -0.924765601172 1.61788141812
v -19.1249376563 -0.915595679297 1.61985212124
v -19.0876310156 -0.910775366797 1.62150641812
v -19.0500255469 -0.910367163672 1.62283258999
v -19.0126290625 -0.914374976172 1.62380719937
v -18.9759571875 -0.922742163672 1.62441852749
v -18.9405177344 -0.935355444922 1.62464508999
v -18.9067950781 -0.952046851172 1.62447712124
v -18.8752638281 -0.972582007422 1.62389899624
v -18.8463595313 -0.996675757422 1.62290290249
v -18.8204845312 -1.02399606992 1.62148298062
v -18.79799625 -1.05416403867 1.61964118374
v -18.7792052344 -1.08676169492 1.61738337124
v -18.7643692969 -1.12134177305 1.61472126187
v -19.3907345313 -0.945966773047 1.60805719937
v -18.7746290625 -1.6737363043 1.55022126187
v -18.6870958594 -1.71993552305 1.54671344937
v -18.8621290625 -1.71992185117 1.54065876187
v -18.774605625 -1.71992771055 1.54369391812
v -19.1250411719 -1.76608981992 1.52474079312
v -19.3892677344 -1.62751560117 1.53503180874
v -19.3005665625 -1.67370896055 1.53181696499
v -19.3004044531 -1.62752146055 1.53820173062
v -19.3904923438 -1.03646091367 1.60064118374
v -19.5711271094 -0.945957007422 1.60141071499
v -19.57087125 -1.03645114805 1.59400837124
v -19.3019747656 -0.945968726172 1.61126032437
v -19.3906153906 -0.991212866797 1.60443610562
v -19.0387657812 -0.855478491797 1.62721930874
v -19.2141817969 -0.764990210547 1.62718805874
v -19.3909454688 -0.855476538672 1.61478766812
v -19.2140372656 -0.855480444922 1.62113141812
v -19.1263126563 -0.855480444922 1.62420368374
v -19.2139532812 -0.900724585547 1.61784821499
v -19.1262403906 -0.900724585547 1.62092243374
v -18.86380875 -0.764992163672 1.63913727749
v -18.8637247656 -0.855478491797 1.63310016812
v -18.8636759375 -0.900720679297 1.62983063687
v -18.9512423437 -0.855478491797 1.63018415249
v -18.9511876562 -0.900722632422 1.62690876187
f 2288 4723 4726 4724
f 4726 4725 2297 2353
f 4724 4726 2353 2295
f 2371 2342 2297
f 2343 2345 2371
f 2297 2343 2371
f 2343 2296 2344 2345
f 2372 2345 2344
f 1512 2291 2372
f 2344 1512 2372
f 2342 2371 2373 2370
f 2371 2345 2372 2373
f 2373 2372 2291 2339
f 2367 2285 2370
f 2373 2339 2367
f 2370 2373 2367
f 2295 2353 2354 2352
f 2381 2354 2353
f 2297 2342 2381
f 2353 2297 2381
f 2354 2381 2382 2380
f 2381 2342 2370 2382
f 2378 2350 2382
f 2370 2285 2378
f 2382 2370 2378
f 2380 2382 2350 2308
f 2380 2308 2390
f 2390 2282 2352
f 2352 2354 2380
f 2380 2390 2352
f 4730 4728 2298 4729
f 2347 2346 2290 2299
f 2344 2296 4727
f 4727 2347 2299
f 2299 1512 2344
f 2344 4727 2299
f 2292 1512 2299
f 2300 2286 2292
f 2299 2300 2292
f 2393 2314 2311
f 1511 2312 2393
f 2311 1511 2393
f 2312 2394 2396 2393
f 2389 2307 2396
f 2394 2282 2389
f 2396 2394 2389
f 2401 2284 2395
f 2396 2307 2401
f 2395 2396 2401
f 2393 2396 2395 2314
f 2395 2284 2324
f 2324 2283 2313
f 2313 2314 2395
f 2395 2324 2313
f 2311 2314 2313 2281
f 2282 2390 2392 2389
f 2390 2308 2349 2392
f 2385 2310 2391
f 2392 2349 2385
f 2391 2392 2385
f 2389 2392 2391 2307
f 2377 2351 2386
f 2386 2349 2308
f 2308 2350 2377
f 2377 2386 2308
f 2350 2378 2379 2377
f 2378 2285 2366 2379
f 2375 2361 2379
f 2366 2338 2375
f 2379 2366 2375
f 2377 2379 2361 2351
f 2361 2375 2376 2374
f 2375 2338 2362 2376
f 2383 2360 2384
f 2349 2386 2388 2385
f 2386 2351 2360 2388
f 2383 2328 2387
f 2388 2360 2383
f 2387 2388 2383
f 2385 2388 2387 2310
f 2310 2387 2400 2398
f 2397 2348 2400
f 2387 2328 2397
f 2400 2387 2397
f 2404 2330 2399
f 2400 2348 2404
f 2399 2400 2404
f 2398 2400 2399 2327
f 2409 2411 2410 2329
f 2327 2399 2408 2406
f 2405 2331 2408
f 2399 2330 2405
f 2408 2399 2405
f 2409 2329 2407
f 2408 2331 2409
f 2407 2408 2409
f 2406 2408 2407 2309
f 2307 2391 2403 2401
f 2398 2327 2403
f 2391 2310 2398
f 2403 2391 2398
f 2406 2309 2402
f 2403 2327 2406
f 2402 2403 2406
f 2401 2403 2402 2284
f 2285 2367 2369 2366
f 2367 2339 2368 2369
f 2369 2368 2341 2355
f 2363 2338 2366
f 2369 2355 2363
f 2366 2369 2363
f 2368 2339 2291
f 2340 2341 2368
f 2291 2340 2368
f 2356 2341 2340
f 2294 2301 2356
f 2340 2294 2356
f 2338 2363 2365 2362
f 2363 2355 2364 2365
f 2365 2364 2357 2358
f 2364 2355 2341
f 2356 2357 2364
f 2341 2356 2364
f 2359 2357 2356
f 2301 2336 2359
f 2356 2301 2359
f 2340 2291 1512
f 2292 2294 2340
f 1512 2292 2340
f 2302 2294 2292
f 2286 2293 2302
f 2292 2286 2302
f 2337 2301 2294
f 2302 2304 2337
f 2294 2302 2337
f 2317 2304 2302
f 2293 2303 2317
f 2302 2293 2317
f 2416 2319 2317
f 2303 2318 2416
f 2317 2303 2416
f 2416 2318 2417
f 2417 2318 2420
f 2413 2287 2417
f 2420 2413 2417
f 2318 2303 2418 2420
f 2420 2418 2323 2419
f 2413 2420 2419 2320
f 2418 2303 2293
f 2321 2323 2418
f 2293 2321 2418
f 2323 2321 2306 2322
f 2419 2323 2322
f 2305 2320 2419
f 2322 2305 2419
f 2402 2309 2333
f 2333 2326 2324
f 2324 2284 2402
f 2402 2333 2324
f 2407 2329 2412
f 2412 2335 2333
f 2333 2309 2407
f 2407 2412 2333
f 2410 2332 2415
f 2412 2329 2410
f 2415 2412 2410
f 2415 2413 2320 2414
f 2412 2415 2414 2335
f 2414 2320 2305
f 2334 2335 2414
f 2305 2334 2414
f 2333 2335 2334 2326
f 2324 2326 2325 2283
f 4746 4744 4743
f 2289 4736 4746
f 4743 2289 4746
f 4744 4746 4747 4745
f 4747 4746 4736
f 4740 4736 2289
f 4737 4739 4740
f 2289 4737 4740
f 4737 4527 4738 4739
f 4740 4739 4741 4742
f 4735 4722 4732
f 4733 4731 4735
f 4732 4733 4735
f 4734 4722 4735
f 4529 4531 4530 4525
f 4548 4547 4549 4551
f 4551 4549 4544 4550
f 4537 4539 4540
f 4538 4540 4539 4532
f 4543 4541 4535 4542
f 4543 4542 4537
f 4542 4535 4528
f 4536 4537 4542
f 4528 4536 4542
f 4539 4537 4536
f 4526 4532 4539
f 4536 4526 4539
f 4544 4546 4535
f 4535 4546 4545 4528
f 4536 4528 4527 4737
f 4737 2289 4526 4536
f 4534 4532 4526 4533
f 4573 4571 4569
f 4553 4562 4573
f 4569 4553 4573
f 4571 4573 4575 4572
f 4573 4562 4567 4575
f 4572 4575 4574 4570
f 4648 4554 4555 4563
f 4563 4553 2083 4648
f 4555 4560 4561 4559
f 4568 4562 4553
f 4563 4564 4568
f 4553 4563 4568
f 4565 4564 4563
f 4555 4559 4565
f 4563 4555 4565
f 4565 4559 4566
f 4556 4552 4557 4558
f 4570 4574 4577 4576
f 4655 4653 4634 4654
f 4659 4632 4656
f 4658 4641 4659
f 4656 4658 4659
f 4653 4641 4658
f 4657 4634 4653
f 4658 4657 4653
f 4652 4650 4649 4651
f 4644 4652 4651 4637
f 4650 4642 4654
f 4654 4634 4647
f 4647 4649 4650
f 4650 4654 4647
f 4649 4647 4554 4648
f 4651 4649 4648
f 2083 4637 4651
f 4648 2083 4651
f 4633 4635 4636
f 4633 4640 4646 4643
f 4646 4644 4637 4645
f 4643 4646 4645 4639
f 4645 4637 2083
f 4638 4639 4645
f 2083 4638 4645
f 2144 2105 2156
f 2156 2102 2076
f 2076 2103 2144
f 2144 2156 2076
f 2103 2145 2146 2144
f 2145 2078 2137 2146
f 2142 2120 2146
f 2137 2084 2142
f 2146 2137 2142
f 2144 2146 2120 2105
f 2141 2122 2152
f 2152 2119 2105
f 2105 2120 2141
f 2141 2152 2105
f 2120 2142 2143 2141
f 2142 2084 2133 2143
f 2140 2129 2143
f 2133 2091 2140
f 2143 2133 2140
f 2148 2122 2141
f 2143 2129 2148
f 2141 2143 2148
f 2122 2148 2150 2147
f 2150 2148 2129
f 2147 2150 2149 2128
f 2119 2152 2154 2151
f 2147 2128 2154
f 2152 2122 2147
f 2154 2152 2147
f 2163 2121 2153
f 2154 2128 2163
f 2153 2154 2163
f 2151 2154 2153 2104
f 2102 2156 2158 2155
f 2156 2105 2119 2158
f 2151 2104 2157
f 2158 2119 2151
f 2157 2158 2151
f 2155 2158 2157 2077
f 2139 2138 2087 2092
f 2134 2084 2137
f 2139 2092 2134
f 2137 2139 2134
f 2093 2087 2085
f 2079 2086 2093
f 2085 2079 2093
f 2084 2134 2136 2133
f 2134 2092 2135 2136
f 2136 2135 2095 2110
f 2130 2091 2133
f 2136 2110 2130
f 2133 2136 2130
f 2135 2092 2087
f 2093 2095 2135
f 2087 2093 2135
f 2111 2095 2093
f 2086 2094 2111
f 2093 2086 2111
f 2130 2110 2131 2132
f 2131 2110 2095
f 2111 2112 2131
f 2095 2111 2131
f 2123 2094 2086
f 2113 2115 2123
f 2086 2113 2123
f 2207 2115 2113
f 2099 2114 2207
f 2113 2099 2207
f 2216 2124 2115
f 2207 2209 2216
f 2115 2207 2216
f 2210 2209 2207
f 2114 2208 2210
f 2207 2114 2210
f 2212 2210 2208 2211
f 2113 2086 2079
f 2097 2099 2113
f 2079 2097 2113
f 2199 2099 2097
f 2073 2098 2199
f 2097 2073 2199
f 2211 2208 2215
f 2196 2096 2211
f 2215 2196 2211
f 2208 2114 2213 2215
f 2215 2213 2201 2214
f 2196 2215 2214 2179
f 2213 2114 2099
f 2199 2201 2213
f 2099 2199 2213
f 2201 2199 2098 2200
f 2214 2201 2200
f 2080 2179 2214
f 2200 2080 2214
f 2077 2157 2171 2169
f 2166 2125 2171
f 2157 2104 2166
f 2171 2157 2166
f 2188 2118 2170
f 2171 2125 2188
f 2170 2171 2188
f 2169 2171 2170 2116
f 2104 2153 2168 2166
f 2165 2164 2168
f 2153 2121 2165
f 2168 2153 2165
f 2175 2127 2167
f 2168 2164 2175
f 2167 2168 2175
f 2166 2168 2167 2125
f 2176 2187 2194 2191
f 2194 2192 2177 2193
f 2191 2194 2193 2126
f 2125 2167 2190 2188
f 2186 2176 2190
f 2167 2127 2186
f 2190 2167 2186
f 2191 2126 2189
f 2190 2176 2191
f 2189 2190 2191
f 2188 2190 2189 2118
f 2189 2126 2195
f 2195 2181 2178
f 2178 2118 2189
f 2189 2195 2178
f 2193 2177 2198
f 2195 2126 2193
f 2198 2195 2193
f 2206 2096 2196
f 2198 2177 2206
f 2196 2198 2206
f 2198 2196 2179 2197
f 2195 2198 2197 2181
f 2197 2179 2080
f 2180 2181 2197
f 2080 2180 2197
f 2178 2181 2180 2117
f 2170 2118 2178
f 2178 2117 2075
f 2075 2116 2170
f 2170 2178 2075
f 2159 2109 2106
f 2074 2107 2159
f 2106 2074 2159
f 2107 2160 2162 2159
f 2160 2076 2102 2162
f 2155 2077 2161
f 2162 2102 2155
f 2161 2162 2155
f 2159 2162 2161 2109
f 2109 2161 2174 2172
f 2169 2116 2174
f 2161 2077 2169
f 2174 2161 2169
f 2174 2116 2075 2173
f 2172 2174 2173 2108
f 2172 2108 2072
f 2106 2109 2172
f 2072 2106 2172
f 2097 2079 2089
f 2088 2073 2097
f 2089 2088 2097
f 4663 2205 2088
f 2081 2204 4663
f 2088 2081 4663
f 2205 4663 4665 4662
f 4663 2204 4664 4665
f 4665 4664 2090 4660
f 4660 2090 4661
f 2075 2117 2185 2182
f 2180 2080 2183
f 2185 2117 2180
f 2183 2185 2180
f 2185 2183 2101 2184
f 2182 2185 2184 2100
f 2200 2098 2203
f 2183 2080 2200
f 2203 2183 2200
f 2098 2073 2202 2203
f 2101 2183 2203
f 2100 2184 4667 4666
f 2082 4666 4667
f 2311 2281 2316
f 2315 1511 2311
f 2316 2315 2311
f 1296 2522 2524 2521
f 2632 2524 2522
f 2488 2523 2632
f 2522 2488 2632
f 2524 2632 2634 2631
f 2632 2523 2633 2634
f 2628 2518 2634
f 2633 2491 2628
f 2634 2633 2628
f 2658 2496 2631
f 2634 2518 2658
f 2631 2634 2658
f 2631 2496 2594
f 2594 2487 2521
f 2521 2524 2631
f 2631 2594 2521
f 2488 2557 2559 2523
f 2557 2486 2558 2559
f 2559 2558 2489 2508
f 2554 2491 2633
f 2633 2523 2559
f 2559 2508 2554
f 2554 2633 2559
f 2604 2519 2629
f 2629 2491 2554
f 2554 2556 2604
f 2604 2629 2554
f 2554 2508 2555 2556
f 2605 2556 2555
f 2510 2525 2605
f 2555 2510 2605
f 2649 2519 2604
f 2606 2552 2649
f 2604 2606 2649
f 2604 2556 2605 2606
f 2606 2605 2525 2564
f 2602 2552 2606
f 2564 2497 2602
f 2606 2564 2602
f 2555 2508 2489
f 2509 2510 2555
f 2489 2509 2555
f 2574 2497 2564
f 2567 2514 2574
f 2564 2567 2574
f 2564 2525 2565 2567
f 2567 2565 2528 2566
f 2561 2514 2567
f 2566 2505 2561
f 2567 2566 2561
f 2565 2525 2510
f 2526 2528 2565
f 2510 2526 2565
f 2772 2505 2566
f 2777 2532 2772
f 2566 2777 2772
f 2566 2528 2775 2777
f 2777 2775 2527 2776
f 2532 2777 2776 2490
f 2487 2594 2595 2593
f 2657 2517 2690
f 2690 2595 2594
f 2594 2496 2657
f 2657 2690 2594
f 2595 2690 2692 2689
f 2690 2517 2590 2692
f 2685 2499 2691
f 2692 2590 2685
f 2691 2692 2685
f 2689 2692 2691 2540
f 2689 2540 2495
f 2593 2595 2689
f 2495 2593 2689
f 2496 2658 2659 2657
f 2658 2518 2627 2659
f 2655 2591 2659
f 2627 2520 2655
f 2659 2627 2655
f 2657 2659 2591 2517
f 2518 2628 2630 2627
f 2628 2491 2629 2630
f 2648 2551 2630
f 2629 2519 2648
f 2630 2629 2648
f 2624 2520 2627
f 2630 2551 2624
f 2627 2630 2624
f 2652 2623 2520
f 2624 2626 2652
f 2520 2624 2652
f 2645 2626 2624
f 2551 2625 2645
f 2624 2551 2645
f 2626 2645 2647 2644
f 2645 2625 2646 2647
f 2647 2646 2553 2620
f 2641 2588 2644
f 2647 2620 2641
f 2644 2647 2641
f 2661 2651 2623
f 2652 2653 2661
f 2623 2652 2661
f 2652 2626 2644 2653
f 2651 2661 2663 2660
f 2661 2653 2662 2663
f 2550 2660 2663
f 2551 2648 2650 2625
f 2648 2519 2649 2650
f 2650 2649 2552 2601
f 2646 2625 2650
f 2601 2553 2646
f 2650 2601 2646
f 2614 2589 2621
f 2621 2553 2601
f 2601 2603 2614
f 2614 2621 2601
f 2601 2552 2602 2603
f 2615 2603 2602
f 2497 2573 2615
f 2602 2497 2615
f 2618 2589 2614
f 2616 2610 2618
f 2614 2616 2618
f 2614 2603 2615 2616
f 2616 2615 2573 2598
f 2612 2610 2616
f 2598 2513 2612
f 2616 2598 2612
f 2641 2620 2642 2643
f 2643 2642 2622 2639
f 2642 2620 2553
f 2621 2622 2642
f 2553 2621 2642
f 2617 2609 2640
f 2640 2622 2621
f 2621 2589 2617
f 2617 2640 2621
f 2617 2589 2618 2619
f 2619 2618 2610 2611
f 2611 2610 2612 2613
f 2613 2612 2513 2607
f 2654 2592 2686
f 2686 2590 2517
f 2517 2591 2654
f 2654 2686 2517
f 2591 2655 2656 2654
f 2665 2656 2655
f 2520 2623 2665
f 2655 2520 2665
f 2656 2665 2667 2664
f 2665 2623 2651 2667
f 2660 2550 2671
f 2671 2666 2667
f 2667 2651 2660
f 2660 2671 2667
f 2664 2667 2666 2636
f 2664 2636 2592
f 2654 2656 2664
f 2592 2654 2664
f 2668 2638 2682
f 2682 2635 2592
f 2592 2636 2668
f 2668 2682 2592
f 2670 2669 2668
f 2636 2666 2670
f 2668 2636 2670
f 2666 2671 2672 2670
f 2669 2670 2672
f 2638 2678 2680 2677
f 2677 2680 2679 2673
f 2673 2679 2695 2693
f 2693 2695 2694 2637
f 2635 2682 2684 2681
f 2677 2673 2684
f 2682 2638 2677
f 2684 2682 2677
f 2693 2637 2683
f 2684 2673 2693
f 2683 2684 2693
f 2681 2684 2683 2536
f 2590 2686 2688 2685
f 2686 2592 2635 2688
f 2681 2536 2687
f 2688 2635 2681
f 2687 2688 2681
f 2685 2688 2687 2499
f 2499 2687 2703 2701
f 2698 2674 2703
f 2687 2536 2698
f 2703 2687 2698
f 2716 2538 2702
f 2703 2674 2716
f 2702 2703 2716
f 2701 2703 2702 2535
f 2536 2683 2700 2698
f 2697 2696 2700
f 2683 2637 2697
f 2700 2683 2697
f 2707 2676 2699
f 2700 2696 2707
f 2699 2700 2707
f 2698 2700 2699 2674
f 2674 2699 2718 2716
f 2715 2708 2718
f 2699 2676 2715
f 2718 2699 2715
f 2719 2675 2717
f 2718 2708 2719
f 2717 2718 2719
f 2716 2718 2717 2538
f 2538 2717 2728 2726
f 2723 2721 2728
f 2717 2675 2723
f 2728 2717 2723
f 2732 2711 2727
f 2728 2721 2732
f 2727 2728 2732
f 2726 2728 2727 2709
f 2675 2720 2725 2723
f 2723 2725 2724 2721
f 2721 2724 2734 2732
f 2732 2734 2733 2711
f 2733 2722 2742
f 2742 2737 2735
f 2735 2711 2733
f 2733 2742 2735
f 2737 2743 2751 2748
f 2751 2749 2507 2750
f 2748 2751 2750 2736
f 2748 2736 2710
f 2735 2737 2748
f 2710 2735 2748
f 2727 2711 2735
f 2735 2710 2537
f 2537 2709 2727
f 2727 2735 2537
f 2535 2702 2731 2729
f 2726 2709 2731
f 2702 2538 2726
f 2731 2702 2726
f 2731 2709 2537 2730
f 2729 2731 2730 2504
f 2607 2513 2608
f 2608 2587 2596
f 2586 2585 2572
f 2572 2580 2581
f 2581 2580 2516 2568
f 2608 2513 2598
f 2600 2587 2608
f 2598 2600 2608
f 2598 2573 2599 2600
f 2600 2599 2575 2582
f 2597 2587 2600
f 2582 2549 2597
f 2600 2582 2597
f 2599 2573 2497
f 2574 2575 2599
f 2497 2574 2599
f 2583 2575 2574
f 2514 2560 2583
f 2574 2514 2583
f 2585 2549 2582
f 2584 2572 2585
f 2582 2584 2585
f 2582 2575 2583 2584
f 2584 2583 2560 2576
f 2580 2572 2584
f 2576 2516 2580
f 2584 2576 2580
f 2569 2516 2576
f 2579 2547 2569
f 2576 2579 2569
f 2576 2560 2577 2579
f 2579 2577 2563 2578
f 2547 2579 2578 2529
f 2577 2560 2514
f 2561 2563 2577
f 2514 2561 2577
f 2563 2561 2505 2562
f 2762 2529 2578
f 2578 2563 2562
f 2562 2515 2762
f 2762 2578 2562
f 2568 2516 2569 2571
f 2571 2569 2547 2570
f 2778 2548 2529
f 2762 2764 2778
f 2529 2762 2778
f 2766 2764 2762
f 2515 2763 2766
f 2762 2515 2766
f 2765 2764 2766 2768
f 2768 2766 2763 2767
f 2760 2768 2767 2530
f 2756 2744 2759
f 2753 2507 2756
f 2759 2753 2756
f 2761 2530 2757
f 2759 2744 2761
f 2757 2759 2761
f 2759 2757 2747 2758
f 2753 2759 2758 2739
f 2767 2763 2771
f 2757 2530 2767
f 2771 2757 2767
f 2763 2515 2769 2771
f 2771 2769 2745 2770
f 2757 2771 2770 2747
f 2770 2745 2534
f 2746 2747 2770
f 2534 2746 2770
f 2758 2747 2746
f 2531 2739 2758
f 2746 2531 2758
f 2769 2515 2562
f 2774 2745 2769
f 2562 2774 2769
f 2562 2505 2772 2774
f 2774 2772 2532 2773
f 2745 2774 2773 2534
f 2773 2532 2490
f 2533 2534 2773
f 2490 2533 2773
f 2746 2534 2533
f 2506 2531 2746
f 2533 2506 2746
f 2730 2537 2738
f 2738 2714 2712
f 2712 2504 2730
f 2730 2738 2712
f 2752 2741 2738
f 2537 2710 2752
f 2738 2537 2752
f 2710 2736 2755 2752
f 2750 2507 2753
f 2755 2736 2750
f 2753 2755 2750
f 2755 2753 2739 2754
f 2752 2755 2754 2741
f 2754 2739 2531
f 2740 2741 2754
f 2531 2740 2754
f 2738 2741 2740 2714
f 2740 2531 2506
f 2713 2714 2740
f 2506 2713 2740
f 2712 2714 2713 2498
f 2704 2542 2539
f 2495 2540 2704
f 2539 2495 2704
f 2540 2691 2706 2704
f 2701 2535 2706
f 2691 2499 2701
f 2706 2691 2701
f 2729 2504 2705
f 2706 2535 2729
f 2705 2706 2729
f 2704 2706 2705 2542
f 2705 2504 2712
f 2712 2498 2541
f 2541 2542 2705
f 2705 2712 2541
f 2539 2542 2541 2485
f 2558 2486 2511
f 2512 2489 2558
f 2511 2512 2558
f 2512 2511 1295
f 2951 2950 2846 2888
f 2946 2863 2949
f 2951 2888 2946
f 2949 2951 2946
f 2891 2969 2970 2968
f 2969 2892 2949 2970
f 2966 2896 2970
f 2949 2863 2966
f 2970 2949 2966
f 2968 2970 2896 2854
f 2968 2854 2900
f 2972 2891 2968
f 2900 2972 2968
f 2971 2972 2900 2843
f 2932 2847 2870
f 2869 2844 2932
f 2870 2869 2932
f 2843 2900 2902 2899
f 2895 2862 2997
f 2997 2902 2900
f 2900 2854 2895
f 2895 2997 2900
f 2902 2997 2999 2996
f 2992 2919 2999
f 2997 2862 2992
f 2999 2997 2992
f 3027 2857 2998
f 2999 2919 3027
f 2998 2999 3027
f 2996 2999 2998 2901
f 2996 2901 2853
f 2899 2902 2996
f 2853 2899 2996
f 2965 2898 2895
f 2854 2896 2965
f 2895 2854 2965
f 2896 2966 2967 2965
f 2966 2863 2945 2967
f 2962 2936 2967
f 2945 2887 2962
f 2967 2945 2962
f 2965 2967 2936 2898
f 2961 2938 2935
f 2898 2936 2961
f 2935 2898 2961
f 2936 2962 2964 2961
f 2962 2887 2952 2964
f 2961 2964 2963 2938
f 2980 2976 2975
f 2938 2963 2980
f 2975 2938 2980
f 2963 2981 2982 2980
f 2975 2937 2989
f 2989 2897 2935
f 2935 2938 2975
f 2975 2989 2935
f 2935 2897 2993
f 2993 2862 2895
f 2895 2898 2935
f 2935 2993 2895
f 2863 2946 2948 2945
f 2946 2888 2947 2948
f 2942 2893 2948
f 2947 2890 2942
f 2948 2947 2942
f 2953 2887 2945
f 2948 2893 2953
f 2945 2948 2953
f 2910 2890 2947
f 2947 2888 2846
f 2846 2889 2910
f 2910 2947 2846
f 2943 2890 2910
f 2913 2894 2943
f 2910 2913 2943
f 2910 2889 2911 2913
f 2913 2911 2864 2912
f 3103 2871 2908
f 2908 2894 2913
f 2913 2912 3103
f 3103 2908 2913
f 2959 2952 2887
f 2953 2954 2959
f 2887 2953 2959
f 2955 2954 2953
f 2893 2941 2955
f 2953 2893 2955
f 2954 2955 2957
f 2955 2941 2956 2957
f 2952 2959 2960 2958
f 2960 2959 2954
f 2893 2942 2944 2941
f 2942 2890 2943 2944
f 2944 2943 2894 2907
f 2939 2907 2940
f 2940 2907 2894
f 2908 2909 2940
f 2894 2908 2940
f 3106 2871 3107 3108
f 3108 3107 2922 3100
f 3100 2922 3101 3102
f 3102 3101 2918 3098
f 3107 2871 3103
f 3105 2922 3107
f 3103 3105 3107
f 3103 2912 3104 3105
f 3105 3104 2925 3095
f 3101 2922 3105
f 3095 2918 3101
f 3105 3095 3101
f 3104 2912 2864
f 2923 2925 3104
f 2864 2923 3104
f 3096 2925 2923
f 2872 2924 3096
f 2923 2872 3096
f 3099 2918 3095
f 3097 3093 3099
f 3095 3097 3099
f 3095 2925 3096 3097
f 3097 3096 2924 3089
f 3094 3093 3097
f 3089 2874 3094
f 3097 3089 3094
f 3092 2874 3089
f 3091 3077 3092
f 3089 3091 3092
f 3089 2924 3090 3091
f 3091 3090 3075 3082
f 3087 3077 3091
f 3082 3018 3087
f 3091 3082 3087
f 3090 2924 2872
f 3074 3075 3090
f 2872 3074 3090
f 3083 3075 3074
f 2855 3061 3083
f 3074 2855 3083
f 3079 3018 3082
f 3085 3072 3079
f 3082 3085 3079
f 3082 3075 3083 3085
f 3085 3083 3061 3084
f 3072 3085 3084 2873
f 3092 3077 3086
f 3086 3077 3087 3088
f 3088 3087 3018 3078
f 3078 3018 3079 3081
f 3081 3079 3072 3080
f 3076 3073 3080
f 3080 3072 2873
f 2873 3057 3076
f 3076 3080 2873
f 2862 2993 2995 2992
f 2988 2977 2995
f 2993 2897 2988
f 2995 2993 2988
f 3013 2921 2994
f 2995 2977 3013
f 2994 2995 3013
f 2992 2995 2994 2919
f 2897 2989 2991 2988
f 2984 2983 2991
f 2989 2937 2984
f 2991 2989 2984
f 3003 2979 2990
f 2991 2983 3003
f 2990 2991 3003
f 2988 2991 2990 2977
f 2937 2985 2987 2984
f 2984 2987 2986 2983
f 3003 2983 2986
f 2977 2990 3015 3013
f 3012 3004 3015
f 2990 2979 3012
f 3015 2990 3012
f 3016 2978 3014
f 3015 3004 3016
f 3014 3015 3016
f 3013 3015 3014 2921
f 2921 3014 3026 3024
f 3022 3017 3026
f 3014 2978 3022
f 3026 3014 3022
f 3030 3007 3025
f 3026 3017 3030
f 3025 3026 3030
f 3024 3026 3025 3005
f 3017 3023 3032 3030
f 3030 3032 3031 3007
f 3007 3031 3041 3039
f 3039 3041 3040 3033
f 3005 3025 3044 3042
f 3039 3033 3044
f 3025 3007 3039
f 3044 3025 3039
f 3044 3033 3006 3043
f 3042 3044 3043 2920
f 2919 2994 3029 3027
f 3024 3005 3029
f 2994 2921 3024
f 3029 2994 3024
f 3042 2920 3028
f 3029 3005 3042
f 3028 3029 3042
f 3027 3029 3028 2857
f 3028 2920 3035
f 3035 3011 3008
f 3008 2857 3028
f 3028 3035 3008
f 3043 3006 3048
f 3048 3038 3035
f 3035 2920 3043
f 3043 3048 3035
f 3052 3051 3048
f 3006 3034 3052
f 3048 3006 3052
f 3054 3052 3034
f 3052 3054 3053 3051
f 3053 3049 3036
f 3050 3051 3053
f 3036 3050 3053
f 3048 3051 3050 3038
f 3050 3036 3009
f 3037 3038 3050
f 3009 3037 3050
f 3035 3038 3037 3011
f 3037 3009 2882
f 3010 3011 3037
f 2882 3010 3037
f 3008 3011 3010 2879
f 3068 3057 3069 3071
f 3071 3069 3060 3070
f 3071 3070 3055
f 3069 3057 2873
f 3058 3060 3069
f 2873 3058 3069
f 3060 3058 3045 3059
f 3070 3060 3059
f 3047 3055 3070
f 3059 3047 3070
f 3059 3045 3021
f 3046 3047 3059
f 3021 3046 3059
f 3056 3047 3046
f 3009 3036 3056
f 3046 3009 3056
f 3058 2873 3084
f 3084 3061 3064
f 3064 3045 3058
f 3058 3084 3064
f 3061 2855 3062 3064
f 3064 3062 3019 3063
f 3045 3064 3063 3021
f 3063 3019 2880
f 3020 3021 3063
f 2880 3020 3063
f 3046 3021 3020
f 2882 3009 3046
f 3020 2882 3046
f 3020 2880 2849
f 2881 2882 3020
f 2849 2881 3020
f 3010 2882 2881
f 2856 2879 3010
f 2881 2856 3010
f 2853 2901 3002 3000
f 2998 2857 3008
f 3008 2879 3002
f 3002 2901 2998
f 2998 3008 3002
f 3002 2879 2856 3001
f 3000 3002 3001 2845
f 2846 2914 2917 2889
f 2914 2875 2915 2917
f 2917 2915 2878 2916
f 2911 2889 2917
f 2916 2864 2911
f 2917 2916 2911
f 2915 2875 2865
f 2876 2878 2915
f 2865 2876 2915
f 2926 2878 2876
f 2868 2877 2926
f 2876 2868 2926
f 2923 2864 2916
f 2928 2872 2923
f 2916 2928 2923
f 2916 2878 2926 2928
f 2928 2926 2877 2927
f 3074 2872 2928
f 2927 2855 3074
f 2928 2927 3074
f 2929 2868 2866
f 2847 2867 2929
f 2866 2847 2929
f 3062 2855 2927
f 3067 3019 3062
f 2927 3067 3062
f 2927 2877 3065 3067
f 3067 3065 2931 3066
f 3019 3067 3066 2880
f 3065 2877 2868
f 2929 2931 3065
f 2868 2929 3065
f 2931 2929 2867 2930
f 3066 2931 2930
f 2849 2880 3066
f 2930 2849 3066
f 2930 2867 2934
f 2884 2849 2930
f 2934 2884 2930
f 2867 2847 2932 2934
f 2934 2932 2844 2933
f 2884 2934 2933 2848
f 3001 2856 2886
f 2883 2845 3001
f 2886 2883 3001
f 2881 2849 2884
f 2886 2856 2881
f 2884 2886 2881
f 2886 2884 2848 2885
f 2883 2886 2885 1297
f 2500 2494 2492
f 1298 2493 2500
f 2492 1298 2500
f 2493 2501 2503 2500
f 2521 2487 2544
f 2544 2503 2501
f 2501 1296 2521
f 2521 2544 2501
f 2503 2544 2546 2543
f 2593 2495 2546
f 2544 2487 2593
f 2546 2544 2593
f 2539 2485 2545
f 2546 2495 2539
f 2545 2546 2539
f 2543 2546 2545 2502
f 2543 2502 2494
f 2500 2503 2543
f 2494 2500 2543
f 2973 2974 2904 2859
f 2903 2861 2858
f 2852 2859 2903
f 2858 2852 2903
f 2859 2904 2906 2903
f 2899 2853 2906
f 2904 2843 2899
f 2906 2904 2899
f 3000 2845 2905
f 2906 2853 3000
f 2905 2906 3000
f 2903 2906 2905 2861
f 2905 2845 2883
f 2883 1297 2860
f 2860 2861 2905
f 2905 2883 2860
f 2858 2861 2860 2851
f 2850 2852 2858
f 2858 2851 2850
f 1300 3657 3659 3567
f 3657 1480 3658 3659
f 3659 3658 3546 3551
f 3654 1486 3682
f 3682 3567 3659
f 3659 3551 3654
f 3654 3682 3659
f 3658 1480 1299
f 3545 3546 3658
f 1299 3545 3658
f 1486 3654 3656 3564
f 3654 3551 3655 3656
f 3656 3655 3553 3631
f 3652 3564 3656
f 3631 3544 3652
f 3656 3631 3652
f 3655 3551 3546
f 3552 3553 3655
f 3546 3552 3655
f 3628 3544 3631
f 3633 3549 3628
f 3631 3633 3628
f 3631 3553 3632 3633
f 3265 3263 3182 3264
f 3260 3177 3265
f 3264 3174 3260
f 3265 3264 3260
f 3441 3182 3180
f 1402 3181 3441
f 3180 1402 3441
f 3438 3174 3264
f 3443 3189 3438
f 3264 3443 3438
f 3264 3182 3441 3443
f 3443 3441 3181 3442
f 3189 3443 3442 1400
f 1396 3394 1401
f 3394 1402 1401
f 3391 1400 3442
f 3442 3181 3395
f 3395 3193 3391
f 3391 3442 3395
f 3181 1402 3394 3395
f 3395 3394 1396 1397
f 3193 3395 1397 1301
f 1302 1483 3709 3708
f 1483 1468 3566 3709
f 3705 1487 3762
f 3762 3560 3709
f 3709 3566 3705
f 3705 3762 3709
f 3708 3709 3560 1485
f 3706 3566 1468
f 1493 3568 3706
f 1468 1493 3706
f 3681 3568 1493
f 1300 3567 3681
f 1493 1300 3681
f 3568 3681 3683 3680
f 3681 3567 3682 3683
f 3683 3682 1486 3563
f 3677 3543 3680
f 3683 3563 3677
f 3680 3683 3677
f 3566 3706 3707 3705
f 3706 3568 3680 3707
f 3703 3578 3707
f 3680 3543 3703
f 3707 3680 3703
f 3705 3707 3578 1487
f 3702 3579 3758
f 3758 3577 1487
f 1487 3578 3702
f 3702 3758 1487
f 3578 3703 3704 3702
f 3703 3543 3676 3704
f 3700 3592 3704
f 3676 3562 3700
f 3704 3676 3700
f 3702 3704 3592 3579
f 3699 3593 3754
f 3754 3591 3579
f 3579 3592 3699
f 3699 3754 3579
f 3592 3700 3701 3699
f 3728 3701 3700
f 3562 3672 3728
f 3700 3562 3728
f 3701 3728 3729 3727
f 3739 3729 3728
f 3672 3715 3739
f 3728 3672 3739
f 3729 3739 3740 3738
f 3739 3715 3733 3740
f 3737 3726 3740
f 3733 3580 3737
f 3740 3733 3737
f 3742 3698 3738
f 3740 3726 3742
f 3738 3740 3742
f 3738 3698 3746
f 3746 3610 3727
f 3727 3729 3738
f 3738 3746 3727
f 3727 3610 3750
f 3750 3593 3699
f 3699 3701 3727
f 3727 3750 3699
f 3593 3750 3752 3749
f 3745 3697 3752
f 3750 3610 3745
f 3752 3750 3745
f 3765 3611 3751
f 3752 3697 3765
f 3751 3752 3765
f 3749 3752 3751 3609
f 3610 3746 3748 3745
f 3741 3725 3748
f 3746 3698 3741
f 3748 3746 3741
f 3745 3748 3747 3697
f 3698 3742 3744 3741
f 3744 3742 3726
f 3741 3744 3743 3725
f 3768 3767 3765
f 3697 3747 3768
f 3765 3697 3768
f 3747 3769 3771 3768
f 3768 3771 3770 3767
f 3772 3766 3611
f 3765 3767 3772
f 3611 3765 3772
f 3779 3775 3773
f 3611 3766 3779
f 3773 3611 3779
f 3780 3774 3637
f 3773 3775 3780
f 3637 3773 3780
f 3784 3783 3781
f 3637 3774 3784
f 3781 3637 3784
f 3785 3782 3588
f 3781 3783 3785
f 3588 3781 3785
f 3609 3751 3778 3776
f 3773 3637 3778
f 3751 3611 3773
f 3778 3751 3773
f 3781 3588 3777
f 3778 3637 3781
f 3777 3778 3781
f 3776 3778 3777 3574
f 3591 3754 3756 3753
f 3749 3609 3756
f 3754 3593 3749
f 3756 3754 3749
f 3776 3574 3755
f 3756 3609 3776
f 3755 3756 3776
f 3753 3756 3755 3559
f 3577 3758 3760 3757
f 3758 3579 3591 3760
f 3753 3559 3759
f 3760 3591 3753
f 3759 3760 3753
f 3757 3760 3759 3542
f 3543 3677 3679 3676
f 3677 3563 3678 3679
f 3679 3678 3565 3581
f 3673 3562 3676
f 3679 3581 3673
f 3676 3679 3673
f 3651 3565 3678
f 3678 3563 1486
f 1486 3564 3651
f 3651 3678 1486
f 3565 3651 3653 3582
f 3651 3564 3652 3653
f 3653 3652 3544 3627
f 3649 3582 3653
f 3627 3548 3649
f 3653 3627 3649
f 3716 3672 3562
f 3673 3675 3716
f 3562 3673 3716
f 3673 3581 3674 3675
f 3694 3594 3717
f 3717 3675 3674
f 3674 3583 3694
f 3694 3717 3674
f 3734 3715 3672
f 3716 3718 3734
f 3672 3716 3734
f 3716 3675 3717 3718
f 3722 3669 3735
f 3735 3718 3717
f 3717 3594 3722
f 3722 3735 3717
f 3715 3734 3736 3733
f 3734 3718 3735 3736
f 3736 3735 3669 3712
f 3730 3580 3733
f 3736 3712 3730
f 3733 3736 3730
f 3648 3583 3674
f 3674 3581 3565
f 3565 3582 3648
f 3648 3674 3565
f 3695 3583 3648
f 3650 3595 3695
f 3648 3650 3695
f 3648 3582 3649 3650
f 3650 3649 3548 3623
f 3646 3595 3650
f 3623 3555 3646
f 3650 3623 3646
f 3730 3712 3731 3732
f 3719 3714 3731
f 3731 3712 3669
f 3669 3713 3719
f 3719 3731 3669
f 3719 3713 3720 3721
f 3721 3720 3671 3710
f 3669 3722 3724 3713
f 3722 3594 3723 3724
f 3724 3723 3670 3691
f 3720 3713 3724
f 3691 3671 3720
f 3724 3691 3720
f 3711 3671 3691
f 3693 3690 3711
f 3691 3693 3711
f 3691 3670 3692 3693
f 3693 3692 3596 3666
f 3723 3594 3694
f 3696 3670 3723
f 3694 3696 3723
f 3694 3583 3695 3696
f 3696 3695 3595 3645
f 3692 3670 3696
f 3645 3596 3692
f 3696 3645 3692
f 3667 3596 3645
f 3647 3614 3667
f 3645 3647 3667
f 3645 3595 3646 3647
f 3647 3646 3555 3619
f 3643 3614 3647
f 3619 3569 3643
f 3647 3619 3643
f 3687 3666 3688 3689
f 3689 3688 3668 3684
f 3688 3666 3596
f 3667 3668 3688
f 3596 3667 3688
f 3685 3668 3667
f 3614 3642 3685
f 3667 3614 3685
f 3684 3668 3685 3686
f 3686 3685 3642 3663
f 3663 3642 3664 3665
f 3665 3664 3644 3660
f 3664 3642 3614
f 3643 3644 3664
f 3614 3643 3664
f 3661 3644 3643
f 3569 3634 3661
f 3643 3569 3661
f 3660 3644 3661 3662
f 3662 3661 3634 3638
f 3638 3634 3639 3641
f 3641 3639 3636 3640
f 3639 3634 3569
f 3635 3636 3639
f 3569 3635 3639
f 3636 3635 3584 3615
f 3612 3586 3615
f 3618 3597 3612
f 3615 3618 3612
f 3615 3584 3616 3618
f 3618 3616 3572 3617
f 3831 3597 3618
f 3617 3585 3831
f 3618 3617 3831
f 3613 3597 3831 3833
f 3833 3831 3585 3832
f 3830 3833 3832 3598
f 3635 3569 3619
f 3622 3584 3635
f 3619 3622 3635
f 3619 3555 3620 3622
f 3622 3620 3570 3621
f 3616 3584 3622
f 3621 3572 3616
f 3622 3621 3616
f 3600 3572 3621
f 3621 3570 3558
f 3558 3571 3600
f 3600 3621 3558
f 3826 3598 3827 3829
f 3829 3827 3825 3828
f 3820 3829 3828 3816
f 3827 3598 3832
f 3832 3585 3823
f 3823 3825 3827
f 3827 3832 3823
f 3825 3823 3602 3824
f 3828 3825 3824
f 3599 3816 3828
f 3824 3599 3828
f 3823 3585 3617
f 3617 3572 3600
f 3600 3602 3823
f 3823 3617 3600
f 3602 3600 3571 3601
f 3824 3602 3601
f 3554 3599 3824
f 3601 3554 3824
f 3620 3555 3623
f 3626 3570 3620
f 3623 3626 3620
f 3623 3548 3624 3626
f 3626 3624 3556 3625
f 3570 3626 3625 3558
f 3604 3558 3625
f 3625 3556 3550
f 3550 3557 3604
f 3604 3625 3550
f 3601 3571 3606
f 3603 3554 3601
f 3606 3603 3601
f 3571 3558 3604 3606
f 3606 3604 3557 3605
f 3603 3606 3605 3547
f 3624 3548 3627
f 3630 3556 3624
f 3627 3630 3624
f 3627 3544 3628 3630
f 3630 3628 3549 3629
f 3556 3630 3629 3550
f 3542 3759 3796 3795
f 3792 3573 3796
f 3759 3559 3792
f 3796 3759 3792
f 3559 3755 3794 3792
f 3789 3587 3794
f 3755 3574 3789
f 3794 3755 3789
f 3794 3587 3576 3793
f 3792 3794 3793 3573
f 3574 3777 3791 3789
f 3786 3607 3791
f 3777 3588 3786
f 3791 3777 3786
f 3801 3590 3790
f 3791 3607 3801
f 3790 3791 3801
f 3789 3791 3790 3587
f 3797 3788 3786
f 3588 3782 3797
f 3786 3588 3797
f 3798 3800 3799 3787
f 3798 3787 3607
f 3786 3788 3798
f 3607 3786 3798
f 3811 3804 3801
f 3607 3787 3811
f 3801 3607 3811
f 3787 3799 3813 3811
f 3811 3813 3812 3804
f 3812 3802 3814
f 3814 3608 3803
f 3803 3804 3812
f 3812 3814 3803
f 3801 3804 3803 3590
f 3803 3608 3815
f 3815 3807 3805
f 3805 3590 3803
f 3803 3815 3805
f 3822 3820 3816 3821
f 3819 3822 3821 3818
f 3821 3816 3599
f 3817 3818 3821
f 3599 3817 3821
f 3815 3818 3817 3807
f 3817 3599 3554
f 3806 3807 3817
f 3554 3806 3817
f 3805 3807 3806 3589
f 3790 3590 3805
f 3805 3589 3576
f 3576 3587 3790
f 3790 3805 3576
f 3576 3589 3810 3808
f 3806 3554 3603
f 3810 3589 3806
f 3603 3810 3806
f 3810 3603 3547 3809
f 3808 3810 3809 3575
f 3560 3762 3764 3761
f 3762 1487 3577 3764
f 3757 3542 3763
f 3764 3577 3757
f 3763 3764 3757
f 3761 3764 3763 3561
f 1478 1473 1467
f 1472 1474 1478
f 1467 1472 1478
f 1494 1492 1300 1493
f 1495 1494 1493
f 1468 1482 1495
f 1493 1468 1495
f 1488 1484 1481
f 1467 1473 1488
f 1481 1467 1488
f 1473 1479 1491 1488
f 1491 1489 1482 1490
f 1488 1491 1490 1484
f 1490 1482 1468
f 1483 1484 1490
f 1468 1483 1490
f 1481 1484 1483 1302
f 1305 1425 1427 1424
f 1433 1427 1425
f 1399 1417 1433
f 1425 1399 1433
f 1427 1433 1435 1432
f 1439 1435 1433
f 1417 1422 1439
f 1433 1417 1439
f 1435 1439 1440 1438
f 1438 1434 1426
f 1432 1435 1438
f 1426 1432 1438
f 1432 1426 1398
f 1424 1427 1432
f 1398 1424 1432
f 1423 1417 1399
f 1418 1419 1423
f 1399 1418 1423
f 1441 1437 1436
f 1398 1426 1441
f 1436 1398 1441
f 3197 3310 3343 3341
f 3338 3206 3343
f 3310 3173 3338
f 3343 3310 3338
f 3343 3206 1421 3342
f 3341 3343 3342 3196
f 3210 3241 3242 3240
f 3292 3242 3241
f 3176 3229 3292
f 3241 3176 3292
f 3242 3292 3293 3291
f 3292 3229 3281 3293
f 3289 3237 3293
f 3281 3183 3289
f 3293 3281 3289
f 3291 3293 3237 3222
f 3291 3222 3300
f 3300 3212 3240
f 3240 3242 3291
f 3291 3300 3240
f 3212 3300 3302 3299
f 3300 3222 3236 3302
f 3295 3224 3301
f 3302 3236 3295
f 3301 3302 3295
f 3299 3302 3301 3221
f 3288 3239 3296
f 3296 3236 3222
f 3222 3237 3288
f 3288 3296 3222
f 3237 3289 3290 3288
f 3289 3183 3277 3290
f 3286 3272 3290
f 3277 3225 3286
f 3290 3277 3286
f 3288 3290 3272 3239
f 3272 3286 3287 3285
f 3286 3225 3273 3287
f 3236 3296 3298 3295
f 3296 3239 3271 3298
f 3294 3238 3318
f 3318 3297 3298
f 3298 3271 3294
f 3294 3318 3298
f 3295 3298 3297 3224
f 3317 3313 3311
f 3224 3297 3317
f 3311 3224 3317
f 3297 3318 3320 3317
f 3317 3320 3319 3313
f 3313 3319 3322 3321
f 3321 3312 3267
f 3311 3313 3321
f 3267 3311 3321
f 3327 3325 3323
f 3267 3312 3327
f 3323 3267 3327
f 3328 3324 3223
f 3323 3325 3328
f 3223 3323 3328
f 3221 3301 3316 3314
f 3311 3267 3316
f 3301 3224 3311
f 3316 3301 3311
f 3323 3223 3315
f 3316 3267 3323
f 3315 3316 3323
f 3314 3316 3315 3211
f 3209 3304 3306 3303
f 3299 3221 3306
f 3304 3212 3299
f 3306 3304 3299
f 3314 3211 3305
f 3306 3221 3314
f 3305 3306 3314
f 3303 3306 3305 3195
f 3303 3195 3308
f 3309 3209 3303
f 3308 3309 3303
f 3307 3309 3308 3173
f 3179 3259 3262 3185
f 3259 3177 3260 3262
f 3262 3260 3174 3261
f 3256 3185 3262
f 3261 3178 3256
f 3262 3261 3256
f 3282 3229 3176
f 3230 3232 3282
f 3176 3230 3282
f 3230 3184 3231 3232
f 3251 3198 3283
f 3283 3232 3231
f 3231 3187 3251
f 3251 3283 3231
f 3229 3282 3284 3281
f 3282 3232 3283 3284
f 3284 3283 3198 3226
f 3278 3183 3281
f 3284 3226 3278
f 3281 3284 3278
f 3255 3187 3231
f 3231 3184 3179
f 3179 3185 3255
f 3255 3231 3179
f 3252 3187 3255
f 3258 3199 3252
f 3255 3258 3252
f 3255 3185 3256 3258
f 3258 3256 3178 3257
f 3467 3199 3258
f 3257 3186 3467
f 3258 3257 3467
f 3183 3278 3280 3277
f 3278 3226 3279 3280
f 3280 3279 3228 3233
f 3274 3225 3277
f 3280 3233 3274
f 3277 3280 3274
f 3247 3228 3279
f 3279 3226 3198
f 3198 3227 3247
f 3247 3279 3198
f 3228 3247 3250 3234
f 3247 3227 3248 3250
f 3250 3248 3201 3249
f 3244 3234 3250
f 3249 3213 3244
f 3250 3249 3244
f 3225 3274 3276 3273
f 3274 3233 3275 3276
f 3243 3235 3275
f 3275 3233 3228
f 3228 3234 3243
f 3243 3275 3228
f 3235 3243 3246
f 3243 3234 3244 3246
f 3246 3244 3213 3245
f 3198 3251 3254 3227
f 3251 3187 3252 3254
f 3254 3252 3199 3253
f 3248 3227 3254
f 3253 3201 3248
f 3254 3253 3248
f 3475 3201 3253
f 3468 3214 3475
f 3253 3468 3475
f 3253 3199 3467 3468
f 3468 3467 3186 3448
f 3465 3214 3468
f 3448 3200 3465
f 3468 3448 3465
f 3477 3213 3249
f 3476 3266 3477
f 3249 3476 3477
f 3249 3201 3475 3476
f 3476 3475 3214 3464
f 3472 3464 3473 3474
f 3474 3473 3466 3469
f 3473 3464 3214
f 3465 3466 3473
f 3214 3465 3473
f 3470 3466 3465
f 3200 3455 3470
f 3465 3200 3470
f 3469 3466 3470 3471
f 3471 3470 3455 3461
f 3461 3455 3462 3463
f 3463 3462 3457 3458
f 3462 3455 3200
f 3456 3457 3462
f 3200 3456 3462
f 3459 3457 3456
f 3347 3445 3459
f 3456 3347 3459
f 3458 3457 3459 3460
f 3460 3459 3445 3451
f 3451 3445 3452 3454
f 3454 3452 3447 3453
f 3452 3445 3347
f 3446 3447 3452
f 3347 3446 3452
f 3447 3446 3217 3427
f 3456 3200 3448
f 3450 3347 3456
f 3448 3450 3456
f 3448 3186 3449 3450
f 3450 3449 3215 3431
f 3446 3347 3450
f 3431 3217 3446
f 3450 3431 3446
f 3428 3217 3431
f 3434 3382 3428
f 3431 3434 3428
f 3431 3215 3432 3434
f 3434 3432 3205 3433
f 3382 3434 3433 3216
f 3423 3407 3424 3426
f 3426 3424 3384 3425
f 3426 3425 3408
f 3444 3348 3427
f 3430 3407 3444
f 3427 3430 3444
f 3427 3217 3428 3430
f 3430 3428 3382 3429
f 3424 3407 3430
f 3429 3384 3424
f 3430 3429 3424
f 3413 3384 3429
f 3429 3382 3216
f 3216 3383 3413
f 3413 3429 3216
f 3419 3408 3420 3422
f 3422 3420 3415 3421
f 3410 3422 3421 3400
f 3420 3408 3425
f 3425 3384 3413
f 3413 3415 3420
f 3420 3425 3413
f 3415 3413 3383 3414
f 3421 3415 3414
f 3202 3400 3421
f 3414 3202 3421
f 3449 3186 3257
f 3437 3215 3449
f 3257 3437 3449
f 3257 3178 3435 3437
f 3437 3435 3203 3436
f 3432 3215 3437
f 3436 3205 3432
f 3437 3436 3432
f 3385 3205 3436
f 3436 3203 3191
f 3191 3204 3385
f 3385 3436 3191
f 3414 3383 3418
f 3404 3202 3414
f 3418 3404 3414
f 3383 3216 3416 3418
f 3418 3416 3387 3417
f 3404 3418 3417 3357
f 3416 3216 3433
f 3433 3205 3385
f 3385 3387 3416
f 3416 3433 3385
f 3387 3385 3204 3386
f 3417 3387 3386
f 3188 3357 3417
f 3386 3188 3417
f 3435 3178 3261
f 3440 3203 3435
f 3261 3440 3435
f 3261 3174 3438 3440
f 3440 3438 3189 3439
f 3203 3440 3439 3191
f 3388 3191 3439
f 3439 3189 1400
f 1400 3190 3388
f 3388 3439 1400
f 3386 3204 3390
f 3361 3188 3386
f 3390 3361 3386
f 3204 3191 3388 3390
f 3390 3388 3190 3389
f 3361 3390 3389 3175
f 3173 3308 3340 3338
f 3335 3218 3340
f 3308 3195 3335
f 3340 3308 3335
f 3340 3218 3208 3339
f 3338 3340 3339 3206
f 3195 3305 3337 3335
f 3332 3268 3337
f 3305 3211 3332
f 3337 3305 3332
f 3376 3220 3336
f 3337 3268 3376
f 3336 3337 3376
f 3335 3337 3336 3218
f 3211 3315 3334 3332
f 3329 3326 3334
f 3315 3223 3329
f 3334 3315 3329
f 3350 3270 3333
f 3334 3326 3350
f 3333 3334 3350
f 3332 3334 3333 3268
f 3346 3331 3329
f 3223 3324 3346
f 3329 3223 3346
f 3349 3330 3326
f 3329 3331 3349
f 3326 3329 3349
f 3368 3352 3350
f 3326 3330 3368
f 3350 3326 3368
f 3369 3371 3370 3351
f 3369 3351 3270
f 3350 3352 3369
f 3270 3350 3369
f 3379 3375 3372
f 3270 3351 3379
f 3372 3270 3379
f 3351 3370 3381 3379
f 3379 3381 3380 3375
f 3380 3373 3396
f 3396 3355 3374
f 3374 3375 3380
f 3380 3396 3374
f 3372 3375 3374 3353
f 3396 3398 3397 3355
f 3412 3410 3400 3411
f 3409 3412 3411 3402
f 3411 3400 3202
f 3401 3402 3411
f 3202 3401 3411
f 3399 3402 3401 3354
f 3374 3355 3399
f 3399 3354 3269
f 3269 3353 3374
f 3374 3399 3269
f 3268 3333 3378 3376
f 3372 3353 3378
f 3333 3270 3372
f 3378 3333 3372
f 3378 3353 3269 3377
f 3376 3378 3377 3220
f 3377 3269 3403
f 3403 3359 3356
f 3356 3220 3377
f 3377 3403 3356
f 3269 3354 3406 3403
f 3401 3202 3404
f 3406 3354 3401
f 3404 3406 3401
f 3406 3404 3357 3405
f 3403 3406 3405 3359
f 3405 3357 3188
f 3358 3359 3405
f 3188 3358 3405
f 3356 3359 3358 3219
f 3336 3220 3356
f 3356 3219 3208
f 3208 3218 3336
f 3336 3356 3208
f 3208 3219 3363 3360
f 3358 3188 3361
f 3363 3219 3358
f 3361 3363 3358
f 3363 3361 3175 3362
f 3360 3363 3362 3207
f 3339 3208 3360
f 3360 3207 1421
f 1421 3206 3339
f 3339 3360 1421
f 1421 3207 3367 3364
f 3362 3175 3365
f 3367 3207 3362
f 3365 3367 3362
f 3367 3365 3194 3366
f 3364 3367 3366 3192
f 3389 3190 3393
f 3365 3175 3389
f 3393 3365 3389
f 3190 1400 3391 3393
f 3393 3391 3193 3392
f 3365 3393 3392 3194
f 3392 3193 1301
f 1418 3194 3392
f 1301 1418 3392
f 3366 3194 1418
f 1399 3192 3366
f 1418 1399 3366
f 1420 3196 3345 3344
f 3342 1421 3364
f 3364 3192 3345
f 3345 3196 3342
f 3342 3364 3345
f 3345 3192 1399 1425
f 3344 3345 1425 1305
f 1476 1302 3708
f 3708 1485 1476
f 1307 1470 1477 1475
f 1472 1467 1477
f 1470 1303 1472
f 1477 1470 1472
f 1481 1302 1476
f 1477 1467 1481
f 1476 1477 1481
f 1475 1477 1476 1306
f 1994 1962 1608
f 1962 1308 1608
f 1608 1445 1994
f 1994 1471 1469 1962
f 1992 1595 1996
f 1994 1445 1992
f 1996 1994 1992
f 1994 1996 1995 1471
f 1995 1465 1466
f 1466 1303 1470
f 1470 1471 1995
f 1995 1466 1470
f 1469 1471 1470 1307
f 1612 1593 1627
f 1627 1461 1462
f 1462 1602 1612
f 1612 1627 1462
f 1628 1601 1626
f 1626 1593 1612
f 1612 1615 1628
f 1628 1626 1612
f 1612 1602 1613 1615
f 1614 1629 1613
f 1629 1615 1613
f 1623 1601 1628
f 1631 1610 1623
f 1628 1631 1623
f 1628 1615 1629 1631
f 1631 1629 1614 1630
f 1640 1610 1631
f 1630 1460 1640
f 1631 1630 1640
f 1622 1601 1623 1625
f 1636 1625 1623
f 1610 1624 1636
f 1623 1610 1636
f 1635 1625 1636 1638
f 1638 1636 1624 1637
f 1624 1610 1640 1642
f 1642 1640 1460 1641
f 2007 1639 1642
f 1641 1611 2007
f 1642 1641 2007
f 1972 1618 1606 1971
f 1970 1972 1971 1603
f 1997 1643 1978
f 1978 1621 1968
f 1968 1969 1997
f 1997 1978 1968
f 1967 1969 1968 1618
f 2000 1998 1965 1999
f 1977 1975 1966 1976
f 1998 1611 1641
f 2003 1965 1998
f 1641 2003 1998
f 1641 1460 2001 2003
f 2003 2001 1644 2002
f 1965 2003 2002 1646
f 1979 1646 2002
f 2002 1644 1619
f 1619 1645 1979
f 1979 2002 1619
f 1976 1966 1981
f 1978 1643 1976
f 1981 1978 1976
f 1966 1646 1979 1981
f 1981 1979 1645 1980
f 1978 1981 1980 1621
f 1980 1645 1985
f 1982 1621 1980
f 1985 1982 1980
f 1645 1619 1983 1985
f 1985 1983 1604 1984
f 1982 1985 1984 1620
f 1968 1621 1982
f 1982 1620 1606
f 1606 1618 1968
f 1968 1982 1606
f 1606 1620 1989 1986
f 1984 1604 1987
f 1989 1620 1984
f 1987 1989 1984
f 1989 1987 1596 1988
f 1986 1989 1988 1605
f 1971 1606 1986
f 1986 1605 1594
f 1594 1603 1971
f 1971 1986 1594
f 2001 1460 1630
f 2006 1644 2001
f 1630 2006 2001
f 1630 1614 2004 2006
f 2006 2004 1634 2005
f 1644 2006 2005 1619
f 1632 1634 2004
f 2004 1614 1632
f 1634 1632 1617 1633
f 1983 1619 2005
f 2005 1634 1633
f 1633 1604 1983
f 1983 2005 1633
f 1987 1604 1633
f 1633 1617 1616
f 1616 1596 1987
f 1987 1633 1616
f 1594 1605 1993 1990
f 1988 1596 1991
f 1993 1605 1988
f 1991 1993 1988
f 1993 1991 1595 1992
f 1990 1993 1992 1445
f 1934 1932 1609 1933
f 1868 1934 1933 1607
f 1974 1603 1594 1973
f 1932 1974 1973 1609
f 1973 1594 1990
f 1990 1445 1608
f 1608 1609 1973
f 1973 1990 1608
f 1958 1607 1933
f 1933 1609 1608
f 1608 1308 1958
f 1958 1933 1608
f 1811 1659 1801
f 1801 1309 1660
f 1660 1661 1811
f 1811 1801 1660
f 1727 1651 1712
f 1712 1661 1660
f 1660 1443 1727
f 1727 1712 1660
f 1661 1712 1713 1711
f 1712 1651 1655 1713
f 1659 1811 1812 1753
f 1811 1661 1711 1812
f 1443 1728 1730 1727
f 1728 1652 1729 1730
f 1724 1656 1730
f 1729 1653 1724
f 1730 1729 1724
f 1727 1730 1656 1651
f 1682 1657 1725
f 1725 1653 1669
f 1669 1670 1682
f 1682 1725 1669
f 1705 1667 1721
f 1721 1657 1682
f 1682 1684 1705
f 1705 1721 1682
f 1682 1670 1683 1684
f 1671 1706 1683
f 1706 1684 1683
f 1738 1667 1705
f 1707 1680 1738
f 1705 1707 1738
f 1705 1684 1706 1707
f 1707 1706 1671 1685
f 1703 1680 1707
f 1685 1463 1703
f 1707 1685 1703
f 1723 1658 1709
f 1709 1655 1651
f 1651 1656 1723
f 1723 1709 1651
f 1656 1724 1726 1723
f 1724 1653 1725 1726
f 1720 1666 1726
f 1725 1657 1720
f 1726 1725 1720
f 1742 1658 1723
f 1726 1666 1742
f 1723 1726 1742
f 1658 1742 1743 1741
f 1742 1666 1719 1743
f 1740 1708 1743
f 1719 1668 1740
f 1743 1719 1740
f 1741 1743 1708 1665
f 1666 1720 1722 1719
f 1720 1657 1721 1722
f 1737 1679 1722
f 1721 1667 1737
f 1722 1721 1737
f 1716 1668 1719
f 1722 1679 1716
f 1719 1722 1716
f 1734 1718 1716
f 1679 1717 1734
f 1716 1679 1734
f 1718 1734 1736
f 1734 1717 1735 1736
f 1736 1735 1681 1714
f 1679 1737 1739 1717
f 1737 1667 1738 1739
f 1739 1738 1680 1702
f 1735 1717 1739
f 1702 1681 1735
f 1739 1702 1735
f 1715 1681 1702
f 1704 1701 1715
f 1702 1704 1715
f 1702 1680 1703 1704
f 1704 1703 1463 1675
f 1655 1709 1710
f 1741 1665 1710
f 1709 1658 1741
f 1710 1709 1741
f 1698 1675 1699 1700
f 1700 1699 1678 1689
f 1699 1675 1463
f 1676 1678 1699
f 1463 1676 1699
f 1690 1678 1676
f 1664 1677 1690
f 1676 1664 1690
f 1689 1678 1690 1692
f 1692 1690 1677 1691
f 1677 1664 1693 1695
f 1695 1693 1654 1694
f 1676 1463 1685
f 1688 1664 1676
f 1685 1688 1676
f 1685 1671 1686 1688
f 1688 1686 1674 1687
f 1693 1664 1688
f 1687 1654 1693
f 1688 1687 1693
f 1672 1674 1686
f 1686 1671 1672
f 1674 1672 1663 1673
f 1696 1654 1687
f 1687 1674 1673
f 1673 1647 1696
f 1696 1687 1673
f 1697 1647 1673
f 1673 1663 1662
f 1662 1464 1697
f 1697 1673 1662
f 1310 1430 1444 1442
f 1444 1732 1733 1731
f 1728 1443 1731
f 1733 1652 1728
f 1731 1733 1728
f 1805 1731 1660
f 1731 1443 1660
f 1660 1309 1805
f 1805 1442 1444 1731
f 1311 1429 1431 1428
f 1424 1398 1431
f 1429 1305 1424
f 1431 1429 1424
f 1436 1304 1430
f 1431 1398 1436
f 1430 1431 1436
f 1428 1431 1430 1310
f 1891 1599 1961
f 1961 1865 1863
f 1863 1313 1891
f 1891 1961 1863
f 1599 1861 1964 1961
f 1959 1308 1962
f 1964 1861 1959
f 1962 1964 1959
f 1964 1962 1469 1963
f 1961 1964 1963 1865
f 1963 1469 1307
f 1864 1865 1963
f 1307 1864 1963
f 1863 1865 1864 1312
f 1314 1782 1877 1875
f 1782 1598 1856 1877
f 1871 1600 1876
f 1877 1856 1871
f 1876 1877 1871
f 1875 1877 1876 1597
f 1866 1898 1900 1897
f 1900 1911 1913 1910
f 1910 1913 1912 1899
f 1910 1899 1881
f 1897 1900 1910
f 1881 1897 1910
f 1921 1916 1914
f 1881 1899 1921
f 1914 1881 1921
f 1899 1912 1923 1921
f 1921 1923 1922 1916
f 1914 1916 1915 1857
f 1856 1872 1874 1871
f 1909 1859 1894
f 1894 1874 1872
f 1872 1858 1909
f 1909 1894 1872
f 1874 1894 1896 1893
f 1908 1866 1902
f 1902 1896 1894
f 1894 1859 1908
f 1908 1902 1894
f 1896 1902 1904 1901
f 1897 1881 1904
f 1902 1866 1897
f 1904 1902 1897
f 1914 1857 1903
f 1904 1881 1914
f 1903 1904 1914
f 1901 1904 1903 1895
f 1901 1895 1873
f 1893 1896 1901
f 1873 1893 1901
f 1893 1873 1600
f 1871 1874 1893
f 1600 1871 1893
f 1905 1889 1887
f 1600 1873 1905
f 1887 1600 1905
f 1939 1907 1905
f 1873 1895 1939
f 1905 1873 1939
f 1895 1903 1941 1939
f 1936 1917 1941
f 1903 1857 1936
f 1941 1903 1936
f 1941 1917 1883 1940
f 1939 1941 1940 1907
f 1940 1883 1949
f 1949 1867 1906
f 1906 1907 1940
f 1940 1949 1906
f 1905 1907 1906 1889
f 1906 1867 1953
f 1953 1862 1888
f 1888 1889 1906
f 1906 1953 1888
f 1887 1889 1888 1860
f 1857 1915 1938 1936
f 1935 1924 1938
f 1915 1882 1935
f 1938 1915 1935
f 1938 1924 1920 1937
f 1936 1938 1937 1917
f 1943 1925 1942
f 1920 1925 1948 1945
f 1943 1918 1946
f 1948 1925 1943
f 1946 1948 1943
f 1948 1946 1886 1947
f 1945 1948 1947 1919
f 1937 1920 1945
f 1945 1919 1883
f 1883 1917 1937
f 1937 1945 1883
f 1928 1926 1884 1927
f 1946 1918 1944
f 1944 1928 1927
f 1927 1886 1946
f 1946 1944 1927
f 1950 1886 1927
f 1927 1884 1870
f 1870 1885 1950
f 1950 1927 1870
f 1883 1919 1952 1949
f 1947 1886 1950
f 1952 1919 1947
f 1950 1952 1947
f 1952 1950 1885 1951
f 1949 1952 1951 1867
f 1931 1929 1868 1930
f 1884 1931 1930 1870
f 1954 1870 1930
f 1930 1868 1607
f 1607 1869 1954
f 1954 1930 1607
f 1951 1885 1956
f 1953 1867 1951
f 1956 1953 1951
f 1885 1870 1954 1956
f 1956 1954 1869 1955
f 1953 1956 1955 1862
f 1955 1869 1960
f 1957 1862 1955
f 1960 1957 1955
f 1869 1607 1958 1960
f 1960 1958 1308 1959
f 1957 1960 1959 1861
f 1888 1862 1957
f 1957 1861 1599
f 1599 1860 1888
f 1888 1957 1599
f 1597 1876 1892 1890
f 1887 1860 1892
f 1876 1600 1887
f 1892 1876 1887
f 1892 1860 1599 1891
f 1890 1892 1891 1313
f 1315 1767 1769 1766
f 1767 1649 1744 1769
f 1762 1650 1768
f 1769 1744 1762
f 1768 1769 1762
f 1766 1769 1768 1648
f 1799 1747 1763
f 1763 1744 1649
f 1649 1745 1799
f 1799 1763 1649
f 1745 1800 1802 1799
f 1800 1309 1801 1802
f 1802 1801 1659 1752
f 1796 1747 1799
f 1802 1752 1796
f 1799 1802 1796
f 1747 1796 1798 1795
f 1796 1752 1797 1798
f 1814 1758 1798
f 1797 1754 1814
f 1798 1797 1814
f 1792 1751 1795
f 1798 1758 1792
f 1795 1798 1792
f 1808 1754 1797
f 1797 1752 1659
f 1659 1753 1808
f 1808 1797 1659
f 1815 1754 1808
f 1810 1759 1815
f 1808 1810 1815
f 1808 1753 1809 1810
f 1751 1792 1794 1791
f 1792 1758 1793 1794
f 1789 1775 1794
f 1793 1760 1789
f 1794 1793 1789
f 1825 1757 1791
f 1794 1775 1825
f 1791 1794 1825
f 1758 1814 1816 1793
f 1814 1754 1815 1816
f 1816 1815 1759 1807
f 1813 1760 1793
f 1816 1807 1813
f 1793 1816 1813
f 1757 1825 1827 1824
f 1825 1775 1788 1827
f 1821 1776 1826
f 1827 1788 1821
f 1826 1827 1821
f 1824 1827 1826 1774
f 1822 1788 1775
f 1789 1790 1822
f 1775 1789 1822
f 1788 1822 1823 1821
f 1774 1826 1834 1832
f 1834 1836 1838 1835
f 1835 1838 1837 1833
f 1835 1833 1746
f 1832 1834 1835
f 1746 1832 1835
f 1744 1763 1765 1762
f 1795 1751 1785
f 1785 1765 1763
f 1763 1747 1795
f 1795 1785 1763
f 1765 1785 1787 1784
f 1791 1757 1829
f 1829 1787 1785
f 1785 1751 1791
f 1791 1829 1785
f 1787 1829 1831 1828
f 1824 1774 1831
f 1829 1757 1824
f 1831 1829 1824
f 1832 1746 1830
f 1831 1774 1832
f 1830 1831 1832
f 1828 1831 1830 1786
f 1828 1786 1764
f 1784 1787 1828
f 1764 1784 1828
f 1784 1764 1650
f 1762 1765 1784
f 1650 1762 1784
f 1818 1780 1778
f 1650 1764 1818
f 1778 1650 1818
f 1842 1820 1818
f 1764 1786 1842
f 1818 1764 1842
f 1786 1830 1844 1842
f 1839 1817 1844
f 1830 1746 1839
f 1844 1830 1839
f 1851 1777 1843
f 1844 1817 1851
f 1843 1844 1851
f 1842 1844 1843 1820
f 1843 1777 1854
f 1854 1761 1819
f 1819 1820 1843
f 1843 1854 1819
f 1818 1820 1819 1780
f 1819 1761 1855
f 1855 1756 1779
f 1779 1780 1819
f 1819 1855 1779
f 1778 1780 1779 1755
f 1845 1841 1839
f 1746 1833 1845
f 1839 1746 1845
f 1833 1837 1847 1845
f 1845 1847 1846 1841
f 1841 1846 1850 1848
f 1848 1850 1849 1840
f 1848 1840 1817
f 1839 1841 1848
f 1817 1839 1848
f 1817 1840 1853 1851
f 1851 1853 1852 1777
f 1648 1768 1783 1781
f 1778 1755 1783
f 1768 1650 1778
f 1783 1768 1778
f 1783 1755 1598 1782
f 1781 1783 1782 1314
f 1316 1749 1750 1748
f 1804 1750 1749
f 1310 1442 1804
f 1749 1310 1804
f 1750 1804 1806 1803
f 1804 1442 1805 1806
f 1800 1745 1806
f 1805 1309 1800
f 1806 1805 1800
f 1803 1806 1745 1649
f 1803 1649 1767
f 1767 1315 1748
f 1748 1750 1803
f 1803 1767 1748
f 1863 3937 1879
f 3937 1318 1879
f 1879 1313 1863
f 1863 1312 1317 3937
f 1319 1772 1880 1878
f 1875 1597 1880
f 1772 1314 1875
f 1880 1772 1875
f 1890 1313 1879
f 1880 1597 1890
f 1879 1880 1890
f 1878 1880 1879 1318
f 1320 1771 1773 1770
f 1766 1648 1773
f 1771 1315 1766
f 1773 1771 1766
f 1781 1314 1772
f 1773 1648 1781
f 1772 1773 1781
f 1770 1773 1772 1319
f 4255 1748 1771
f 1748 1315 1771
f 1771 1320 4255
f 4255 1321 1316 1748
f 1322 3918 3938
f 3918 1318 3937 3938
f 1323 3917 3919 1336
f 3917 1319 1878 3919
f 3919 1878 1318 3918
f 3914 1336 3919
f 3918 1322 3914
f 3919 3918 3914
f 4241 1324 4244
f 4245 1331 4241
f 4244 4245 4241
f 4244 1320 1770 4245
f 4245 1770 1319 3917
f 1331 4245 3917 1323
f 4256 4255 1320 4244
f 4253 4226 4256
f 4244 1324 4253
f 4256 4244 4253
f 3933 3911 3985 3986
f 3915 1322 3935 3936
f 3913 1336 3914 3916
f 3916 3914 1322 3915
f 3910 3899 3916
f 3915 1337 3910
f 3916 3915 3910
f 1335 3928 3930 3927
f 4036 3930 3928
f 1392 3929 4036
f 3928 1392 4036
f 3930 4036 4038 4035
f 4036 3929 4037 4038
f 4032 3924 4038
f 4037 3901 4032
f 4038 4037 4032
f 4084 3902 4035
f 4038 3924 4084
f 4035 4038 4084
f 4035 3902 4021
f 4021 3898 3927
f 3927 3930 4035
f 4035 4021 3927
f 4056 3952 3951
f 3899 3909 4056
f 3951 3899 4056
f 3929 4055 4057 4037
f 4055 3952 4056 4057
f 4057 4056 3909 3948
f 4052 3901 4037
f 4057 3948 4052
f 4037 4057 4052
f 3901 4052 4054 4033
f 4052 3948 4053 4054
f 4054 4053 3950 3993
f 4049 3925 4033
f 4054 3993 4049
f 4033 4054 4049
f 4053 3948 3909
f 3949 3950 4053
f 3909 3949 4053
f 3994 3950 3949
f 3912 3931 3994
f 3949 3912 3994
f 3925 4049 4051 4029
f 4049 3993 4050 4051
f 4051 4050 3995 4011
f 4047 4029 4051
f 4011 3971 4047
f 4051 4011 4047
f 4050 3993 3950
f 3994 3995 4050
f 3950 3994 4050
f 4012 3995 3994
f 3931 3944 4012
f 3994 3931 4012
f 4025 3971 4011
f 4013 4005 4025
f 4011 4013 4025
f 4011 3995 4012 4013
f 4013 4012 3944 3990
f 4009 4005 4013
f 3990 3903 4009
f 4013 3990 4009
f 3949 3909 3899
f 3910 3912 3949
f 3899 3910 3949
f 3932 3912 3910
f 1337 3911 3932
f 3910 1337 3932
f 4002 3903 3990
f 3992 3968 4002
f 3990 3992 4002
f 3990 3944 3991 3992
f 3992 3991 3947 3978
f 3988 3968 3992
f 3978 3921 3988
f 3992 3978 3988
f 3991 3944 3931
f 3945 3947 3991
f 3931 3945 3991
f 3979 3947 3945
f 3934 3946 3979
f 3945 3934 3979
f 3975 3921 3978
f 3981 3941 3975
f 3978 3981 3975
f 3978 3947 3979 3981
f 3981 3979 3946 3980
f 3941 3981 3980 3907
f 3945 3931 3912
f 3932 3934 3945
f 3912 3932 3945
f 3982 3934 3932
f 3911 3933 3982
f 3932 3911 3982
f 4155 3907 3980
f 3980 3946 3984
f 3984 3954 4155
f 4155 3980 3984
f 3946 3934 3982 3984
f 3984 3982 3933 3983
f 3954 3984 3983 3900
f 3898 4021 4022 4020
f 4083 3923 4022
f 4021 3902 4083
f 4022 4021 4083
f 4017 3904 3967
f 4022 3923 4017
f 3967 4022 4017
f 3902 4084 4085 4083
f 4084 3924 4031 4085
f 4080 4018 4085
f 4031 3926 4080
f 4085 4031 4080
f 4083 4085 4018 3923
f 3924 4032 4034 4031
f 4032 3901 4033 4034
f 4028 3970 4034
f 4033 3925 4028
f 4034 4033 4028
f 4061 3926 4031
f 4034 3970 4061
f 4031 4034 4061
f 4076 4060 3926
f 4061 4062 4076
f 3926 4061 4076
f 4067 4062 4061
f 3970 4027 4067
f 4061 3970 4067
f 4072 4066 4062
f 4067 4068 4072
f 4062 4067 4072
f 4066 4072 4074 4071
f 4072 4068 4069 4074
f 4071 4074 4073 4016
f 4060 4076 4078 4075
f 4076 4062 4066 4078
f 4071 4016 4077
f 4078 4066 4071
f 4077 4078 4071
f 4075 4078 4077 3969
f 4058 4027 3970
f 4028 4030 4058
f 3970 4028 4058
f 4046 4030 4028
f 3925 4029 4046
f 4028 3925 4046
f 4030 4046 4048 4045
f 4046 4029 4047 4048
f 4048 4047 3971 4024
f 4042 4004 4064
f 4064 4045 4048
f 4048 4024 4042
f 4042 4064 4048
f 4063 4059 4058
f 4030 4045 4063
f 4058 4030 4063
f 4063 4045 4064 4065
f 4042 4024 4043 4044
f 4044 4043 4026 4039
f 4043 4024 3971
f 4025 4026 4043
f 3971 4025 4043
f 4040 4026 4025
f 4005 4008 4040
f 4025 4005 4040
f 4039 4026 4040 4041
f 4023 4008 4005
f 4009 4010 4023
f 4005 4009 4023
f 4014 4010 4009
f 3903 4001 4014
f 4009 3903 4014
f 3969 4077 4089 4087
f 4086 4070 4094
f 4094 4089 4077
f 4077 4016 4086
f 4086 4094 4077
f 4089 4094 4096 4093
f 4093 4096 4095 4088
f 4093 4088 4015
f 4087 4089 4093
f 4015 4087 4093
f 4100 4099 4097
f 4015 4088 4100
f 4097 4015 4100
f 4088 4095 4102 4100
f 4100 4102 4101 4099
f 4099 4101 4105 4103
f 4103 4105 4104 4098
f 4103 4098 3906
f 4097 4099 4103
f 3906 4097 4103
f 4079 4019 4017
f 3923 4018 4079
f 4017 3923 4079
f 4018 4080 4082 4079
f 4080 3926 4060 4082
f 4075 3969 4081
f 4082 4060 4075
f 4081 4082 4075
f 4079 4082 4081 4019
f 4019 4081 4092 4090
f 4087 4015 4092
f 4081 3969 4087
f 4092 4081 4087
f 4097 3906 4091
f 4092 4015 4097
f 4091 4092 4097
f 4090 4092 4091 3964
f 4090 3964 3904
f 4017 4019 4090
f 3904 4017 4090
f 4109 3966 3963
f 3904 3964 4109
f 3963 3904 4109
f 3964 4091 4111 4109
f 4106 3973 4111
f 4091 3906 4106
f 4111 4091 4106
f 4118 3920 4110
f 4111 3973 4118
f 4110 4111 4118
f 4109 4111 4110 3966
f 3966 4110 4135 4133
f 4130 3959 4135
f 4110 3920 4130
f 4135 4110 4130
f 4135 3959 3908 4134
f 4133 4135 4134 3965
f 4133 3965 3905
f 3963 3966 4133
f 3905 3963 4133
f 4112 4108 4106
f 3906 4098 4112
f 4106 3906 4112
f 4098 4104 4114 4112
f 4112 4114 4113 4108
f 4108 4113 4117 4115
f 4115 4117 4116 4107
f 4115 4107 3973
f 4106 4108 4115
f 3973 4106 4115
f 4121 4120 4118
f 3973 4107 4121
f 4118 3973 4121
f 4107 4116 4123 4121
f 4121 4123 4122 4120
f 4118 4120 4119 3920
f 4007 4001 3903
f 4002 4003 4007
f 3903 4002 4007
f 4006 4003 4002
f 3968 3987 4006
f 4002 3968 4006
f 4000 3987 3968
f 3988 3989 4000
f 3968 3988 4000
f 3997 3989 3988
f 3921 3974 3997
f 3988 3921 3997
f 3996 3989 3997 3999
f 3999 3997 3974 3998
f 4151 4149 3958 4150
f 4138 4151 4150 3939
f 3972 3940 3998
f 3998 3974 3977
f 3977 3957 3972
f 3972 3998 3977
f 3974 3921 3975 3977
f 3977 3975 3941 3976
f 3957 3977 3976 3943
f 4152 3943 3976
f 3976 3941 3907
f 3907 3942 4152
f 4152 3976 3907
f 4150 3958 4154
f 4142 3939 4150
f 4154 4142 4150
f 3958 3943 4152 4154
f 4154 4152 3942 4153
f 4142 4154 4153 3922
f 3920 4119 4132 4130
f 4127 4124 4132
f 4119 3960 4127
f 4132 4119 4127
f 4132 4124 3962 4131
f 4130 4132 4131 3959
f 4129 4127 3960
f 4127 4129 4128 4124
f 4140 4137 4126
f 4140 4138 3939 4139
f 4137 4140 4139 4125
f 4128 4126 4137
f 4137 4125 3962
f 3962 4124 4128
f 4128 4137 3962
f 3962 4125 4144 4141
f 4139 3939 4142
f 4144 4125 4139
f 4142 4144 4139
f 4144 4142 3922 4143
f 4141 4144 4143 3961
f 4131 3962 4141
f 4141 3961 3908
f 3908 3959 4131
f 4131 4141 3908
f 3908 3961 4148 4145
f 4143 3922 4146
f 4148 3961 4143
f 4146 4148 4143
f 4148 4146 3956 4147
f 4145 4148 4147 3953
f 4153 3942 4157
f 4146 3922 4153
f 4157 4146 4153
f 3942 3907 4155 4157
f 4157 4155 3954 4156
f 4146 4157 4156 3956
f 4156 3954 3900
f 3955 3956 4156
f 3900 3955 4156
f 4134 3908 4145
f 4145 3953 4136
f 4136 3965 4134
f 4134 4145 4136
f 4334 4230 4291
f 4292 4231 4334
f 4291 4292 4334
f 4326 4246 4345
f 4345 4290 4288
f 4288 4232 4326
f 4326 4345 4288
f 4290 4345 4347 4344
f 4345 4246 4284 4347
f 4340 4235 4346
f 4347 4284 4340
f 4346 4347 4340
f 4344 4347 4346 4289
f 4344 4289 4231
f 4287 4290 4344
f 4231 4287 4344
f 4232 4327 4328 4326
f 4327 4247 4293 4328
f 4323 4285 4328
f 4293 4249 4323
f 4328 4293 4323
f 4326 4328 4285 4246
f 4247 4294 4296 4293
f 4294 4223 4295 4296
f 4305 4261 4296
f 4295 4248 4305
f 4296 4295 4305
f 4281 4249 4293
f 4296 4261 4281
f 4293 4296 4281
f 4321 4280 4249
f 4281 4283 4321
f 4249 4281 4321
f 4301 4283 4281
f 4261 4282 4301
f 4281 4261 4301
f 4283 4301 4304 4300
f 4301 4282 4302 4304
f 4304 4302 4263 4303
f 4321 4283 4300
f 4261 4305 4308 4282
f 4305 4248 4306 4308
f 4308 4306 4262 4307
f 4302 4282 4308
f 4307 4263 4302
f 4308 4307 4302
f 4307 4262 4466 4467
f 4469 4467 4466
f 4233 4460 4469
f 4466 4233 4469
f 4468 4467 4469 4470
f 4470 4469 4460 4464
f 4322 4286 4341
f 4341 4284 4246
f 4246 4285 4322
f 4322 4341 4246
f 4285 4323 4325 4322
f 4330 4325 4323
f 4249 4280 4330
f 4323 4249 4330
f 4325 4330 4331 4329
f 4331 4330 4280
f 4329 4324 4338
f 4338 4286 4322
f 4322 4325 4329
f 4329 4338 4322
f 4286 4338 4339 4337
f 4284 4341 4343 4340
f 4337 4332 4343
f 4341 4286 4337
f 4343 4341 4337
f 4340 4343 4342 4235
f 4354 4350 4348
f 4235 4342 4354
f 4348 4235 4354
f 4342 4355 4357 4354
f 4354 4357 4356 4350
f 4350 4356 4360 4358
f 4358 4360 4359 4349
f 4358 4349 4333
f 4348 4350 4358
f 4333 4348 4358
f 4371 4363 4361
f 4333 4349 4371
f 4361 4333 4371
f 4349 4359 4373 4371
f 4371 4373 4372 4363
f 4363 4372 4376 4374
f 4374 4376 4375 4362
f 4374 4362 4270
f 4361 4363 4374
f 4270 4361 4374
f 4465 4460 4233
f 4461 4462 4465
f 4233 4461 4465
f 4463 4462 4461
f 4320 4453 4463
f 4461 4320 4463
f 4459 4453 4320
f 4454 4455 4459
f 4320 4454 4459
f 4458 4455 4454
f 4271 4447 4458
f 4454 4271 4458
f 4452 4447 4271
f 4448 4449 4452
f 4271 4448 4452
f 4450 4449 4448
f 4392 4435 4450
f 4448 4392 4450
f 4451 4450 4435 4443
f 4443 4435 4444 4446
f 4446 4444 4438 4445
f 4444 4435 4392
f 4436 4438 4444
f 4392 4436 4444
f 4438 4436 4228 4437
f 4433 4421 4445
f 4445 4438 4437
f 4437 4393 4433
f 4433 4445 4437
f 4433 4393 4434
f 4389 4379 4377
f 4270 4362 4389
f 4377 4270 4389
f 4362 4375 4391 4389
f 4389 4391 4390 4379
f 4379 4390 4396 4394
f 4394 4396 4395 4378
f 4394 4378 4364
f 4377 4379 4394
f 4364 4377 4394
f 4409 4407 4398
f 4407 4409 4408 4365
f 4364 4378 4400 4397
f 4395 4366 4406
f 4406 4398 4400
f 4400 4378 4395
f 4395 4406 4400
f 4407 4365 4399
f 4400 4398 4407
f 4399 4400 4407
f 4397 4400 4399 4234
f 4351 4336 4334
f 4231 4289 4351
f 4334 4231 4351
f 4289 4346 4353 4351
f 4348 4333 4353
f 4346 4235 4348
f 4353 4346 4348
f 4361 4270 4352
f 4353 4333 4361
f 4352 4353 4361
f 4351 4353 4352 4336
f 4336 4352 4382 4380
f 4377 4364 4382
f 4352 4270 4377
f 4382 4352 4377
f 4397 4234 4381
f 4382 4364 4397
f 4381 4382 4397
f 4380 4382 4381 4335
f 4380 4335 4230
f 4334 4336 4380
f 4230 4334 4380
f 4230 4335 4385 4383
f 4381 4234 4401
f 4401 4367 4385
f 4385 4335 4381
f 4381 4401 4385
f 4385 4367 4275 4384
f 4383 4385 4384 4272
f 4399 4365 4410
f 4410 4404 4401
f 4401 4234 4399
f 4399 4410 4401
f 4408 4405 4423
f 4423 4413 4410
f 4410 4365 4408
f 4408 4423 4410
f 4405 4420 4426 4423
f 4426 4424 4411 4425
f 4423 4426 4425 4413
f 4425 4411 4402
f 4412 4413 4425
f 4402 4412 4425
f 4410 4413 4412 4404
f 4412 4402 4370
f 4403 4404 4412
f 4370 4403 4412
f 4401 4404 4403 4367
f 4432 4430 4429 4431
f 4424 4432 4431 4411
f 4430 4422 4434
f 4434 4393 4427
f 4427 4429 4430
f 4430 4434 4427
f 4429 4427 4416 4428
f 4431 4429 4428
f 4402 4411 4431
f 4428 4402 4431
f 4427 4393 4437
f 4437 4228 4414
f 4414 4416 4427
f 4427 4437 4414
f 4416 4414 4368 4415
f 4428 4416 4415
f 4370 4402 4428
f 4415 4370 4428
f 4415 4368 4273
f 4369 4370 4415
f 4273 4369 4415
f 4403 4370 4369
f 4275 4367 4403
f 4369 4275 4403
f 4369 4273 4225
f 4274 4275 4369
f 4225 4274 4369
f 4384 4275 4274
f 4229 4272 4384
f 4274 4229 4384
f 4227 4291 4388 4386
f 4383 4272 4388
f 4291 4230 4383
f 4388 4291 4383
f 4388 4272 4229 4387
f 4386 4388 4387 4222
f 4309 4248 4295
f 4295 4223 4264
f 4264 4267 4309
f 4309 4295 4264
f 4264 4257 4265 4267
f 4310 4267 4265
f 4260 4266 4310
f 4265 4260 4310
f 4306 4248 4309
f 4312 4262 4306
f 4309 4312 4306
f 4309 4267 4310 4312
f 4312 4310 4266 4311
f 4466 4262 4312
f 4311 4233 4466
f 4312 4311 4466
f 4265 4257 4236
f 4258 4260 4265
f 4236 4258 4265
f 4313 4260 4258
f 4239 4259 4313
f 4258 4239 4313
f 4461 4233 4311
f 4457 4320 4461
f 4311 4457 4461
f 4311 4266 4456 4457
f 4457 4456 4315 4439
f 4454 4320 4457
f 4439 4271 4454
f 4457 4439 4454
f 4456 4266 4260
f 4313 4315 4456
f 4260 4313 4456
f 4440 4315 4313
f 4259 4314 4440
f 4313 4259 4440
f 4448 4271 4439
f 4442 4392 4448
f 4439 4442 4448
f 4439 4315 4440 4442
f 4442 4440 4314 4441
f 4436 4392 4442
f 4441 4228 4436
f 4442 4441 4436
f 4258 4236 1330
f 4237 4239 4258
f 1330 4237 4258
f 4316 4239 4237
f 4224 4238 4316
f 4237 4224 4316
f 4414 4228 4441
f 4441 4314 4419
f 4419 4368 4414
f 4414 4441 4419
f 4314 4259 4417 4419
f 4419 4417 4318 4418
f 4368 4419 4418 4273
f 4417 4259 4239
f 4316 4318 4417
f 4239 4316 4417
f 4318 4316 4238 4317
f 4418 4318 4317
f 4225 4273 4418
f 4317 4225 4418
f 4317 4238 4319
f 4277 4225 4317
f 4319 4277 4317
f 4319 4238 4224
f 4387 4229 4279
f 4276 4222 4387
f 4279 4276 4387
f 4274 4225 4277
f 4279 4229 4274
f 4277 4279 4274
f 4279 4277 1334 4278
f 4276 4279 4278 1329
f 4237 1330 4240
f 4243 4224 4237
f 4240 4243 4237
f 4240 1324 4241 4243
f 4243 4241 1331 4242
f 4254 4253 1324 4240
f 4268 4252 4251
f 1330 4236 4268
f 4251 1330 4268
f 4269 4268 4236 4257
f 4264 4223 4298
f 4298 4250 4269
f 4269 4257 4264
f 4264 4298 4269
f 4294 4247 4299
f 4298 4223 4294
f 4299 4298 4294
f 4327 4232 4297
f 4299 4247 4327
f 4297 4299 4327
f 1325 1326 1392
f 1326 1327 3913
f 1327 1328 4242
f 1328 1332 1334
f 1332 1333 1329
f 1333 1338 1329
f 1338 1339 1329
f 1339 1340 1329
f 1340 1341 4297
f 1341 1342 4226
f 1342 1343 4256
f 1343 1344 1321
f 1344 1345 1316
f 1345 1346 1749
f 1346 1347 1311
f 1347 1348 1429
f 1348 1349 1420
f 1349 1350 3210
f 1350 1351 3265
f 1351 1352 3180
f 1352 1353 1401
f 1353 1354 2850
f 1354 1355 2974
f 1355 1356 2892
f 1356 1357 2865
f 1357 1358 2869
f 1358 1359 2074
f 1359 1360 2078
f 1360 1361 4664
f 1361 1362 4656
f 1362 1363 4561
f 1363 1364 4544
f 1364 1365 4545
f 1365 1366 4733
f 1366 1367 2290
f 1367 1368 2300
f 1368 1369 2325
f 1369 1370 2316
f 1370 1371 2509
f 1371 1372 2527
f 1372 1373 2502
f 1373 1374 2494
f 1374 1375 2492
f 1375 1376 3545
f 1376 1377 3552
f 1377 1378 3550
f 1378 1379 3561
f 1379 1380 1485
f 1380 1381 1306
f 1381 1382 1306
f 1382 1383 1312
f 1383 1384 1312
f 1384 1385 1317
f 1385 1386 3938
f 1386 1387 3936
f 1387 1388 4136
f 1388 1389 1390
f 1390 1391 1388
f 1391 1325 1335
f 1393 1394 1396
f 1394 1395 1419
f 1395 1403 1423
f 1403 1404 1417
f 1404 1405 1422
f 1405 1406 1422
f 1406 1407 1440
f 1407 1408 1438
f 1408 1409 1434
f 1409 1410 1437
f 1410 1411 1436
f 1411 1412 1304
f 1412 1413 1732
f 1413 1414 1652
f 1414 1415 1683
f 1415 1416 1662
f 1416 1446 1461
f 1446 1447 1462
f 1447 1448 1617
f 1448 1449 1996
f 1449 1450 1465
f 1450 1451 1466
f 1451 1452 1303
f 1452 1453 1474
f 1453 1454 1479
f 1454 1455 1491
f 1455 1456 1489
f 1456 1457 1489
f 1457 1458 1489
f 1458 1459 1495
f 1459 1496 1492
f 1496 1497 1480
f 1497 1498 1299
f 1498 1499 1298
f 1499 1500 2501
f 1500 1501 2557
f 1501 1502 1295
f 1502 1503 2315
f 1503 1504 2288
f 1504 1505 4669
f 1505 1506 4745
f 1506 1507 4529
f 1507 1508 4570
f 1508 1509 4635
f 1509 1510 2082
f 1510 1513 2072
f 1513 1514 2074
f 1514 1515 2869
f 1515 1516 1297
f 1516 1517 2851
f 1517 1518 1353
f 1518 1393 1396
f 1519 1520 1691
f 1520 1521 1689
f 1521 1522 1700
f 1522 1523 1698
f 1523 1524 1698
f 1524 1525 1701
f 1525 1526 1701
f 1526 1527 1715
f 1527 1528 1681
f 1528 1529 1714
f 1529 1530 1714
f 1530 1531 1736
f 1531 1532 1736
f 1532 1533 1718
f 1533 1534 1718
f 1534 1535 1718
f 1535 1536 1668
f 1536 1537 1668
f 1537 1538 1710
f 1538 1539 1809
f 1539 1540 1790
f 1540 1541 1790
f 1541 1542 1790
f 1542 1543 1790
f 1543 1544 1822
f 1544 1545 1823
f 1545 1546 1823
f 1546 1547 1776
f 1547 1548 1776
f 1548 1549 1776
f 1549 1550 1836
f 1550 1551 1836
f 1551 1552 1838
f 1552 1553 1837
f 1553 1554 1847
f 1554 1555 1846
f 1555 1556 1846
f 1556 1557 1849
f 1557 1558 1913
f 1558 1559 1912
f 1559 1560 1923
f 1560 1561 1922
f 1561 1562 1922
f 1562 1563 1882
f 1563 1564 1882
f 1564 1565 1882
f 1565 1566 1935
f 1566 1567 1924
f 1567 1568 1924
f 1568 1569 1942
f 1569 1570 1942
f 1570 1571 1942
f 1571 1572 1942
f 1572 1573 1942
f 1573 1574 1943
f 1574 1575 1926
f 1575 1576 1967
f 1576 1577 1977
f 1577 1578 1977
f 1578 1579 1977
f 1579 1580 1975
f 1580 1581 1975
f 1581 1582 1999
f 1582 1583 1999
f 1583 1584 2000
f 1584 1585 2000
f 1585 1586 1611
f 1586 1587 2007
f 1587 1588 2007
f 1588 1589 1639
f 1589 1590 1639
f 1590 1591 1637
f 1591 1592 1637
f 1592 1519 1638
f 2008 2009 2112
f 2009 2010 2112
f 2010 2011 2132
f 2011 2012 2132
f 2012 2013 2132
f 2013 2014 2132
f 2014 2015 2091
f 2015 2016 2091
f 2016 2017 2091
f 2017 2018 2140
f 2018 2019 2140
f 2019 2020 2140
f 2020 2021 2129
f 2021 2022 2129
f 2022 2023 2129
f 2023 2024 2150
f 2024 2025 2150
f 2025 2026 2150
f 2026 2027 2149
f 2027 2028 2149
f 2028 2029 2163
f 2029 2030 2163
f 2030 2031 2121
f 2031 2032 2121
f 2032 2033 2165
f 2033 2034 2165
f 2034 2035 2164
f 2035 2036 2175
f 2036 2037 2175
f 2037 2038 2127
f 2038 2039 2127
f 2039 2040 2186
f 2040 2041 2187
f 2041 2042 2187
f 2042 2043 2187
f 2043 2044 2194
f 2044 2045 2192
f 2045 2046 2192
f 2046 2047 2192
f 2047 2048 2177
f 2048 2049 2206
f 2049 2050 2206
f 2050 2051 2206
f 2051 2052 2096
f 2052 2053 2096
f 2053 2054 2212
f 2054 2055 2212
f 2055 2056 2212
f 2056 2057 2212
f 2057 2058 2212
f 2058 2059 2209
f 2059 2060 2209
f 2060 2061 2216
f 2061 2062 2124
f 2062 2063 2124
f 2063 2064 2124
f 2064 2065 2124
f 2065 2066 2123
f 2066 2067 2123
f 2067 2068 2094
f 2068 2069 2094
f 2069 2070 2094
f 2070 2071 2112
f 2071 2008 2112
f 2217 2218 2319
f 2218 2219 2319
f 2219 2220 2319
f 2220 2221 2304
f 2221 2222 2304
f 2222 2223 2337
f 2223 2224 2337
f 2224 2225 2337
f 2225 2226 2336
f 2226 2227 2336
f 2227 2228 2336
f 2228 2229 2336
f 2229 2230 2359
f 2230 2231 2357
f 2231 2232 2358
f 2232 2233 2358
f 2233 2234 2358
f 2234 2235 2365
f 2235 2236 2362
f 2236 2237 2362
f 2237 2238 2362
f 2238 2239 2376
f 2239 2240 2376
f 2240 2241 2376
f 2241 2242 2374
f 2242 2243 2374
f 2243 2244 2374
f 2244 2245 2384
f 2245 2246 2384
f 2246 2247 2384
f 2247 2248 2384
f 2248 2249 2383
f 2249 2250 2328
f 2250 2251 2328
f 2251 2252 2397
f 2252 2253 2397
f 2253 2254 2348
f 2254 2255 2348
f 2255 2256 2404
f 2256 2257 2330
f 2257 2258 2330
f 2258 2259 2405
f 2259 2260 2405
f 2260 2261 2331
f 2261 2262 2411
f 2262 2263 2411
f 2263 2264 2411
f 2264 2265 2410
f 2265 2266 2332
f 2266 2267 2332
f 2267 2268 2332
f 2268 2269 2332
f 2269 2270 2332
f 2270 2271 2413
f 2271 2272 2287
f 2272 2273 2287
f 2273 2274 2287
f 2274 2275 2287
f 2275 2276 2417
f 2276 2277 2417
f 2277 2278 2417
f 2278 2279 2416
f 2279 2280 2416
f 2280 2217 2319
f 2421 2422 2570
f 2422 2423 2571
f 2423 2424 2568
f 2424 2425 2581
f 2425 2426 2586
f 2426 2427 2586
f 2427 2428 2596
f 2428 2429 2596
f 2429 2430 2607
f 2430 2431 2613
f 2431 2432 2611
f 2432 2433 2619
f 2433 2434 2609
f 2434 2435 2640
f 2435 2436 2639
f 2436 2437 2639
f 2437 2438 2643
f 2438 2439 2588
f 2439 2440 2588
f 2440 2441 2588
f 2441 2442 2662
f 2442 2443 2662
f 2443 2444 2662
f 2444 2445 2550
f 2445 2446 2550
f 2446 2447 2550
f 2447 2448 2550
f 2448 2449 2672
f 2449 2450 2669
f 2450 2451 2669
f 2451 2452 2669
f 2452 2453 2678
f 2453 2454 2680
f 2454 2455 2695
f 2455 2456 2694
f 2456 2457 2694
f 2457 2458 2696
f 2458 2459 2707
f 2459 2460 2715
f 2460 2461 2708
f 2461 2462 2720
f 2462 2463 2720
f 2463 2464 2725
f 2464 2465 2724
f 2465 2466 2722
f 2466 2467 2722
f 2467 2468 2742
f 2468 2469 2743
f 2469 2470 2751
f 2470 2471 2749
f 2471 2472 2749
f 2472 2473 2756
f 2473 2474 2756
f 2474 2475 2744
f 2475 2476 2744
f 2476 2477 2761
f 2477 2478 2761
f 2478 2479 2760
f 2479 2480 2760
f 2480 2481 2765
f 2481 2482 2765
f 2482 2483 2778
f 2483 2484 2548
f 2484 2421 2548
f 2779 2780 3106
f 2780 2781 2909
f 2781 2782 2909
f 2782 2783 2940
f 2783 2784 2939
f 2784 2785 2939
f 2785 2786 2956
f 2786 2787 2957
f 2787 2788 2957
f 2788 2789 2957
f 2789 2790 2960
f 2790 2791 2960
f 2791 2792 2960
f 2792 2793 2958
f 2793 2794 2981
f 2794 2795 2981
f 2795 2796 2982
f 2796 2797 2980
f 2797 2798 2976
f 2798 2799 2985
f 2799 2800 2985
f 2800 2801 2987
f 2801 2802 2986
f 2802 2803 3003
f 2803 2804 2979
f 2804 2805 3004
f 2805 2806 3016
f 2806 2807 2978
f 2807 2808 3023
f 2808 2809 3023
f 2809 2810 3032
f 2810 2811 3041
f 2811 2812 3040
f 2812 2813 3034
f 2813 2814 3034
f 2814 2815 3034
f 2815 2816 3054
f 2816 2817 3054
f 2817 2818 3049
f 2818 2819 3049
f 2819 2820 3049
f 2820 2821 3056
f 2821 2822 3056
f 2822 2823 3056
f 2823 2824 3055
f 2824 2825 3055
f 2825 2826 3055
f 2826 2827 3071
f 2827 2828 3068
f 2828 2829 3068
f 2829 2830 3076
f 2830 2831 3073
f 2831 2832 3081
f 2832 2833 3078
f 2833 2834 3088
f 2834 2835 3086
f 2835 2836 3092
f 2836 2837 3094
f 2837 2838 3093
f 2838 2839 3098
f 2839 2840 3098
f 2840 2841 3102
f 2841 2842 3100
f 2842 2779 3106
f 3109 3110 3245
f 3110 3111 3246
f 3111 3112 3235
f 3112 3113 3235
f 3113 3114 3276
f 3114 3115 3276
f 3115 3116 3273
f 3116 3117 3273
f 3117 3118 3287
f 3118 3119 3285
f 3119 3120 3285
f 3120 3121 3285
f 3121 3122 3271
f 3122 3123 3294
f 3123 3124 3238
f 3124 3125 3238
f 3125 3126 3320
f 3126 3127 3319
f 3127 3128 3322
f 3128 3129 3312
f 3129 3130 3327
f 3130 3131 3325
f 3131 3132 3324
f 3132 3133 3346
f 3133 3134 3331
f 3134 3135 3349
f 3135 3136 3330
f 3136 3137 3368
f 3137 3138 3371
f 3138 3139 3371
f 3139 3140 3370
f 3140 3141 3373
f 3141 3142 3373
f 3142 3143 3396
f 3143 3144 3398
f 3144 3145 3397
f 3145 3146 3397
f 3146 3147 3409
f 3147 3148 3412
f 3148 3149 3412
f 3149 3150 3410
f 3150 3151 3410
f 3151 3152 3419
f 3152 3153 3419
f 3153 3154 3408
f 3154 3155 3426
f 3155 3156 3423
f 3156 3157 3423
f 3157 3158 3444
f 3158 3159 3348
f 3159 3160 3348
f 3160 3161 3453
f 3161 3162 3454
f 3162 3163 3460
f 3163 3164 3458
f 3164 3165 3463
f 3165 3166 3461
f 3166 3167 3471
f 3167 3168 3469
f 3168 3169 3472
f 3169 3170 3266
f 3170 3171 3266
f 3171 3172 3477
f 3172 3109 3245
f 3478 3479 3613
f 3479 3480 3612
f 3480 3481 3586
f 3481 3482 3586
f 3482 3483 3641
f 3483 3484 3638
f 3484 3485 3662
f 3485 3486 3660
f 3486 3487 3663
f 3487 3488 3686
f 3488 3489 3684
f 3489 3490 3689
f 3490 3491 3687
f 3491 3492 3690
f 3492 3493 3690
f 3493 3494 3671
f 3494 3495 3710
f 3495 3496 3721
f 3496 3497 3714
f 3497 3498 3714
f 3498 3499 3732
f 3499 3500 3732
f 3500 3501 3580
f 3501 3502 3580
f 3502 3503 3737
f 3503 3504 3737
f 3504 3505 3726
f 3505 3506 3726
f 3506 3507 3744
f 3507 3508 3743
f 3508 3509 3725
f 3509 3510 3725
f 3510 3511 3769
f 3511 3512 3771
f 3512 3513 3770
f 3513 3514 3770
f 3514 3515 3766
f 3515 3516 3779
f 3516 3517 3775
f 3517 3518 3774
f 3518 3519 3784
f 3519 3520 3783
f 3520 3521 3785
f 3521 3522 3782
f 3522 3523 3788
f 3523 3524 3800
f 3524 3525 3799
f 3525 3526 3813
f 3526 3527 3802
f 3527 3528 3802
f 3528 3529 3814
f 3529 3530 3608
f 3530 3531 3819
f 3531 3532 3819
f 3532 3533 3819
f 3533 3534 3822
f 3534 3535 3820
f 3535 3536 3820
f 3536 3537 3829
f 3537 3538 3826
f 3538 3539 3598
f 3539 3540 3830
f 3540 3541 3833
f 3541 3478 3613
f 3834 3835 3957
f 3835 3836 3972
f 3836 3837 3940
f 3837 3838 3998
f 3838 3839 3999
f 3839 3840 3996
f 3840 3841 4000
f 3841 3842 3987
f 3842 3843 4006
f 3843 3844 4003
f 3844 3845 4007
f 3845 3846 4001
f 3846 3847 4014
f 3847 3848 4010
f 3848 3849 4023
f 3849 3850 4008
f 3850 3851 4041
f 3851 3852 4039
f 3852 3853 4044
f 3853 3854 4004
f 3854 3855 4004
f 3855 3856 4065
f 3856 3857 4065
f 3857 3858 4059
f 3858 3859 4059
f 3859 3860 4059
f 3860 3861 4027
f 3861 3862 4027
f 3862 3863 4027
f 3863 3864 4068
f 3864 3865 4068
f 3865 3866 4069
f 3866 3867 4069
f 3867 3868 4073
f 3868 3869 4073
f 3869 3870 4086
f 3870 3871 4070
f 3871 3872 4070
f 3872 3873 4096
f 3873 3874 4102
f 3874 3875 4101
f 3875 3876 4105
f 3876 3877 4104
f 3877 3878 4114
f 3878 3879 4113
f 3879 3880 4117
f 3880 3881 4116
f 3881 3882 4123
f 3882 3883 4122
f 3883 3884 3960
f 3884 3885 3960
f 3885 3886 3960
f 3886 3887 4129
f 3887 3888 4128
f 3888 3889 4126
f 3889 3890 4126
f 3890 3891 4140
f 3891 3892 4138
f 3892 3893 4138
f 3893 3894 4151
f 3894 3895 4151
f 3895 3896 4149
f 3896 3897 4149
f 3897 3834 4149
f 4158 4159 4303
f 4159 4160 4300
f 4160 4161 4300
f 4161 4162 4300
f 4162 4163 4321
f 4163 4164 4331
f 4164 4165 4331
f 4165 4166 4331
f 4166 4167 4329
f 4167 4168 4324
f 4168 4169 4338
f 4169 4170 4339
f 4170 4171 4339
f 4171 4172 4332
f 4172 4173 4332
f 4173 4174 4355
f 4174 4175 4357
f 4175 4176 4356
f 4176 4177 4360
f 4177 4178 4359
f 4178 4179 4373
f 4179 4180 4372
f 4180 4181 4376
f 4181 4182 4375
f 4182 4183 4391
f 4183 4184 4396
f 4184 4185 4366
f 4185 4186 4366
f 4186 4187 4406
f 4187 4188 4398
f 4188 4189 4409
f 4189 4190 4409
f 4190 4191 4405
f 4191 4192 4420
f 4192 4193 4420
f 4193 4194 4424
f 4194 4195 4424
f 4195 4196 4432
f 4196 4197 4432
f 4197 4198 4422
f 4198 4199 4422
f 4199 4200 4434
f 4200 4201 4433
f 4201 4202 4421
f 4202 4203 4421
f 4203 4204 4446
f 4204 4205 4443
f 4205 4206 4451
f 4206 4207 4449
f 4207 4208 4452
f 4208 4209 4447
f 4209 4210 4458
f 4210 4211 4455
f 4211 4212 4459
f 4212 4213 4453
f 4213 4214 4463
f 4214 4215 4462
f 4215 4216 4465
f 4216 4217 4464
f 4217 4218 4470
f 4218 4219 4468
f 4219 4220 4468
f 4220 4221 4263
f 4221 4158 4303
f 4471 4472 4529
f 4472 4473 4529
f 4473 4474 4529
f 4474 4475 4529
f 4475 4476 4529
f 4476 4477 4531
f 4477 4478 4531
f 4478 4479 4530
f 4479 4480 4530
f 4480 4481 4538
f 4481 4482 4540
f 4482 4483 4540
f 4483 4484 4540
f 4484 4485 4543
f 4485 4486 4543
f 4486 4487 4543
f 4487 4488 4543
f 4488 4489 4541
f 4489 4490 4550
f 4490 4491 4550
f 4491 4492 4551
f 4492 4493 4548
f 4493 4494 4547
f 4494 4495 4547
f 4495 4496 4547
f 4496 4497 4547
f 4497 4498 4547
f 4498 4499 1363
f 4499 4500 1363
f 4500 4501 1363
f 4501 4502 4557
f 4502 4503 4557
f 4503 4504 4558
f 4504 4505 4558
f 4505 4506 4556
f 4506 4507 4566
f 4507 4508 4566
f 4508 4509 4566
f 4509 4510 4565
f 4510 4511 4564
f 4511 4512 4564
f 4512 4513 4568
f 4513 4514 4568
f 4514 4515 4567
f 4515 4516 4567
f 4516 4517 4567
f 4517 4518 4574
f 4518 4519 4577
f 4519 4520 4577
f 4520 4521 4576
f 4521 4522 4576
f 4522 4523 1507
f 4523 4524 1507
f 4524 4471 1507
f 4578 4579 1509
f 4579 4580 4636
f 4580 4581 4636
f 4581 4582 4636
f 4582 4583 4636
f 4583 4584 4636
f 4584 4585 4633
f 4585 4586 4633
f 4586 4587 4640
f 4587 4588 4646
f 4588 4589 4644
f 4589 4590 4644
f 4590 4591 4652
f 4591 4592 4652
f 4592 4593 4642
f 4593 4594 4642
f 4594 4595 4654
f 4595 4596 4655
f 4596 4597 4655
f 4597 4598 4641
f 4598 4599 4659
f 4599 4600 4632
f 4600 4601 4632
f 4601 4602 4656
f 4602 4603 4656
f 4603 4604 1361
f 4604 4605 1361
f 4605 4606 1361
f 4606 4607 4661
f 4607 4608 4661
f 4608 4609 4660
f 4609 4610 4660
f 4610 4611 4662
f 4611 4612 4662
f 4612 4613 2205
f 4613 4614 2205
f 4614 4615 2202
f 4615 4616 2202
f 4616 4617 2202
f 4617 4618 2203
f 4618 4619 2101
f 4619 4620 2101
f 4620 4621 2101
f 4621 4622 4667
f 4622 4623 4667
f 4623 4624 2082
f 4624 4625 2082
f 4625 4626 2082
f 4626 4627 2082
f 4627 4628 2082
f 4628 4629 2082
f 4629 4630 1509
f 4630 4631 1509
f 4631 4578 1509
f 4668 4669 1505
f 4669 4670 1504
f 4670 4671 1504
f 4671 4672 1504
f 4672 4673 1504
f 4673 4674 1504
f 4674 4675 2288
f 4675 4676 2288
f 4676 4677 4723
f 4677 4678 4723
f 4678 4679 4726
f 4679 4680 4725
f 4680 4681 2297
f 4681 4682 2343
f 4682 4683 2343
f 4683 4684 2296
f 4684 4685 2296
f 4685 4686 4727
f 4686 4687 4727
f 4687 4688 2347
f 4688 4689 2347
f 4689 4690 4729
f 4690 4691 4729
f 4691 4692 4730
f 4692 4693 4730
f 4693 4694 4728
f 4694 4695 1366
f 4695 4696 1366
f 4696 4697 1366
f 4697 4698 4733
f 4698 4699 4733
f 4699 4700 4733
f 4700 4701 4731
f 4701 4702 4731
f 4702 4703 4731
f 4703 4704 4735
f 4704 4705 4734
f 4705 4706 4734
f 4706 4707 4741
f 4707 4708 4741
f 4708 4709 4742
f 4709 4710 4742
f 4710 4711 4742
f 4711 4712 4747
f 4712 4713 4747
f 4713 4714 4747
f 4714 4715 4745
f 4715 4716 4745
f 4716 4717 4745
f 4717 4718 1505
f 4718 4719 1505
f 4719 4720 1505
f 4720 4721 1505
f 4721 4668 1505
f 4723 2288 4676
f 4726 4723 4678
f 2288 4724 1503
f 4725 4726 4679
f 2297 4725 4680
f 4724 2295 1503
f 2343 2297 4681
f 2296 2343 4683
f 2295 2352 1503
f 2352 2282 2394
f 4728 4730 4693
f 2298 4728 1366
f 4729 2298 2346
f 4730 4729 4691
f 2346 2347 4729
f 2290 2346 1366
f 2299 2290 2300
f 4727 2296 4685
f 2347 4727 4687
f 2286 2300 1368
f 2312 1511 1503
f 2394 2312 1503
f 2313 2283 1369
f 2281 2313 1369
f 2351 2361 2374
f 2374 2376 2241
f 2376 2362 2238
f 2384 2360 2351
f 2383 2384 2248
f 2328 2383 2249
f 2348 2397 2253
f 2397 2328 2251
f 2330 2404 2256
f 2404 2348 2255
f 2411 2409 2331
f 2410 2411 2264
f 2331 2405 2260
f 2405 2330 2258
f 2362 2365 2235
f 2358 2357 2231
f 2365 2358 2234
f 2357 2359 2230
f 2336 2301 2337
f 2359 2336 2229
f 2293 2286 1368
f 2337 2304 2222
f 2304 2317 2319
f 2319 2416 2280
f 2416 2417 2278
f 2287 2413 2271
f 2417 2287 2275
f 2321 2293 1368
f 2306 2321 1368
f 2322 2306 1368
f 2305 2322 2325
f 2332 2410 2265
f 2415 2332 2270
f 2413 2415 2270
f 2334 2305 2325
f 2326 2334 2325
f 2283 2325 1369
f 4743 4744 1506
f 2289 4743 4533
f 4745 4747 4714
f 4744 4745 1506
f 4747 4736 4711
f 4736 4740 4711
f 4738 4527 4732
f 4739 4738 4741
f 4742 4741 4708
f 4740 4742 4711
f 4732 4722 4738
f 4733 4732 1365
f 4731 4733 4700
f 4735 4731 4703
f 4722 4734 4738
f 4734 4735 4704
f 4531 4529 4476
f 4530 4531 4478
f 4525 4530 4534
f 4529 4525 1506
f 4547 4548 4493
f 4549 4547 1363
f 4548 4551 4492
f 4544 4549 1363
f 4550 4544 4535
f 4551 4550 4491
f 4537 4540 4484
f 4540 4538 4481
f 4538 4532 4530
f 4541 4543 4488
f 4535 4541 4550
f 4543 4537 4484
f 4546 4544 1364
f 4545 4546 1364
f 4528 4545 4527
f 4526 2289 4533
f 4532 4534 4530
f 4534 4533 1506
f 4569 4571 1508
f 4553 4569 2083
f 4571 4572 1508
f 4567 4562 4568
f 4575 4567 4517
f 4574 4575 4517
f 4572 4570 1508
f 4555 4554 4560
f 4561 4560 1362
f 4559 4561 4566
f 4568 4564 4512
f 4564 4565 4510
f 4565 4566 4509
f 4552 4556 4561
f 4557 4552 1363
f 4558 4557 4503
f 4556 4558 4505
f 4577 4574 4518
f 4576 4577 4520
f 4570 4576 1507
f 4653 4655 4641
f 4655 4654 4595
f 4632 4659 4599
f 4656 4632 4601
f 4658 4656 1362
f 4659 4641 4598
f 4657 4658 1362
f 4634 4657 4647
f 4650 4652 4592
f 4652 4644 4590
f 4654 4642 4594
f 4642 4650 4592
f 4554 4647 4657
f 4635 4633 4643
f 4636 4635 1509
f 4633 4636 4584
f 4640 4633 4586
f 4646 4640 4587
f 4644 4646 4588
f 4643 4639 4635
f 4638 2083 4569
f 4639 4638 1508
f 2103 2076 1359
f 2145 2103 1359
f 2078 2145 1359
f 2137 2078 2139
f 2129 2140 2020
f 2140 2091 2017
f 2150 2129 2023
f 2149 2150 2026
f 2128 2149 2028
f 2121 2163 2030
f 2163 2128 2028
f 2138 2139 2078
f 2087 2138 2085
f 2079 2085 2089
f 2091 2130 2014
f 2111 2094 2112
f 2132 2131 2010
f 2130 2132 2014
f 2131 2112 2010
f 2094 2123 2067
f 2123 2115 2065
f 2124 2216 2061
f 2115 2124 2065
f 2216 2209 2060
f 2209 2210 2212
f 2212 2211 2096
f 2164 2165 2034
f 2165 2121 2032
f 2127 2175 2037
f 2175 2164 2035
f 2187 2176 2186
f 2194 2187 2043
f 2192 2194 2044
f 2177 2192 2047
f 2186 2127 2039
f 2096 2206 2051
f 2206 2177 2048
f 2074 2106 1513
f 2107 2074 1359
f 2160 2107 1359
f 2076 2160 1359
f 2173 2075 2182
f 2108 2173 1510
f 2072 2108 1510
f 2106 2072 1513
f 2088 2089 2081
f 2073 2088 2202
f 2088 2205 4614
f 2204 2081 1360
f 4662 4665 4610
f 2205 4662 4612
f 4664 2204 1360
f 2090 4664 1361
f 4665 4660 4610
f 4661 2090 1361
f 4660 4661 4608
f 2184 2101 4621
f 2182 2100 2173
f 2203 2202 4617
f 2101 2203 4618
f 4667 2184 4621
f 2100 4666 1510
f 4666 2082 1510
f 2082 4667 4623
f 2316 2281 1369
f 2315 2316 1502
f 1511 2315 1503
f 2522 1296 1500
f 2488 2522 1500
f 2557 2488 1500
f 2486 2557 1501
f 2509 2489 2512
f 2510 2509 1371
f 2526 2510 1371
f 2528 2526 2775
f 2527 2775 2526
f 2776 2527 1372
f 2490 2776 1372
f 2588 2641 2438
f 2644 2588 2441
f 2653 2644 2441
f 2662 2653 2441
f 2663 2662 2444
f 2550 2663 2444
f 2641 2643 2438
f 2639 2622 2435
f 2643 2639 2437
f 2640 2609 2434
f 2622 2640 2435
f 2609 2617 2433
f 2617 2619 2433
f 2619 2611 2432
f 2611 2613 2431
f 2613 2607 2430
f 2671 2550 2448
f 2638 2668 2678
f 2668 2669 2678
f 2672 2671 2448
f 2669 2672 2449
f 2680 2678 2453
f 2679 2680 2454
f 2695 2679 2454
f 2694 2695 2455
f 2637 2694 2697
f 2696 2697 2457
f 2676 2707 2459
f 2707 2696 2458
f 2708 2715 2460
f 2715 2676 2459
f 2675 2719 2720
f 2719 2708 2461
f 2725 2720 2463
f 2724 2725 2464
f 2734 2724 2465
f 2733 2734 2722
f 2742 2722 2467
f 2737 2742 2468
f 2743 2737 2468
f 2751 2743 2469
f 2749 2751 2470
f 2507 2749 2472
f 2607 2608 2596
f 2596 2587 2597
f 2585 2586 2549
f 2586 2572 2425
f 2572 2581 2425
f 2581 2568 2424
f 2597 2549 2596
f 2547 2529 2570
f 2568 2571 2423
f 2571 2570 2422
f 2548 2778 2483
f 2529 2548 2570
f 2778 2764 2482
f 2764 2765 2482
f 2765 2768 2480
f 2768 2760 2480
f 2760 2530 2478
f 2744 2756 2474
f 2756 2507 2472
f 2530 2761 2478
f 2761 2744 2476
f 2533 2490 1372
f 2506 2533 1372
f 2713 2506 1372
f 2498 2713 1372
f 2541 2498 1372
f 2485 2541 1372
f 2511 2486 1501
f 1295 2511 1501
f 2512 1295 1370
f 2950 2951 2892
f 2846 2950 2914
f 2951 2949 2892
f 2969 2891 1355
f 2892 2969 1355
f 2891 2972 1355
f 2972 2971 1355
f 2971 2843 2904
f 2870 2847 2866
f 2869 2870 1357
f 2844 2869 1515
f 2964 2952 2958
f 2963 2964 2981
f 2976 2980 2797
f 2975 2976 2985
f 2982 2981 2795
f 2980 2982 2796
f 2937 2975 2985
f 2908 2871 3106
f 2954 2957 2789
f 2956 2941 2944
f 2957 2956 2786
f 2958 2960 2792
f 2960 2954 2789
f 2944 2907 2939
f 2939 2940 2783
f 2909 2908 3106
f 2940 2909 2782
f 3106 3108 2842
f 3108 3100 2842
f 3100 3102 2841
f 3098 2918 3099
f 3102 3098 2840
f 3099 3093 2838
f 3093 3094 2837
f 3094 2874 2836
f 2874 3092 2836
f 3092 3086 2835
f 3086 3088 2834
f 3088 3078 2833
f 3078 3081 2832
f 3081 3080 2831
f 3080 3073 2831
f 3076 3057 2829
f 3073 3076 2830
f 2979 3003 2803
f 2987 2985 2800
f 2986 2987 2801
f 3003 2986 2802
f 3004 3012 2804
f 3012 2979 2804
f 2978 3016 2806
f 3016 3004 2805
f 3017 3022 3023
f 3022 2978 2807
f 3032 3023 2809
f 3031 3032 2810
f 3041 3031 2810
f 3040 3041 2811
f 3033 3040 3006
f 3034 3006 3040
f 3054 3034 2815
f 3053 3054 2817
f 3049 3053 2817
f 3036 3049 2820
f 3057 3068 2829
f 3068 3071 2827
f 3071 3055 2826
f 3055 3047 2823
f 3047 3056 2823
f 3056 3036 2820
f 2875 2914 1356
f 2865 2875 1356
f 2876 2865 2866
f 2868 2876 2866
f 2933 2844 1515
f 2848 2933 1515
f 2885 2848 1515
f 1297 2885 1515
f 2492 2494 1374
f 1298 2492 1498
f 2493 1298 1499
f 2501 2493 1499
f 1296 2501 1500
f 2545 2485 1372
f 2502 2545 1372
f 2494 2502 1373
f 2974 2973 1354
f 2904 2974 1355
f 2973 2859 2852
f 2860 1297 1516
f 2851 2860 1516
f 2852 2850 1354
f 2850 2851 1517
f 3657 1300 1492
f 1480 3657 1496
f 1299 1480 1497
f 3545 1299 1375
f 3546 3545 1376
f 3552 3546 1376
f 3553 3552 3632
f 3549 3633 1377
f 3633 3632 1377
f 3263 3265 1351
f 3182 3263 1351
f 3265 3177 1350
f 3180 3182 1351
f 1402 3180 1401
f 1396 1401 1518
f 1397 1396 1394
f 1301 1397 1394
f 1485 3560 1379
f 3726 3737 3504
f 3737 3580 3502
f 3748 3725 3769
f 3747 3748 3769
f 3744 3726 3506
f 3743 3744 3507
f 3725 3743 3508
f 3771 3769 3511
f 3770 3771 3512
f 3767 3770 3772
f 3766 3772 3514
f 3775 3779 3516
f 3779 3766 3515
f 3774 3780 3517
f 3780 3775 3517
f 3783 3784 3519
f 3784 3774 3518
f 3782 3785 3521
f 3785 3783 3520
f 3580 3730 3500
f 3732 3731 3498
f 3730 3732 3500
f 3731 3714 3498
f 3714 3719 3496
f 3719 3721 3496
f 3710 3671 3494
f 3721 3710 3495
f 3671 3711 3493
f 3690 3693 3687
f 3711 3690 3493
f 3693 3666 3687
f 3687 3689 3490
f 3689 3684 3489
f 3684 3686 3488
f 3686 3663 3487
f 3663 3665 3486
f 3665 3660 3486
f 3660 3662 3485
f 3662 3638 3484
f 3638 3641 3483
f 3640 3636 3615
f 3641 3640 3482
f 3586 3612 3480
f 3615 3586 3640
f 3612 3597 3613
f 3613 3833 3541
f 3833 3830 3540
f 3830 3598 3539
f 3598 3826 3538
f 3826 3829 3537
f 3829 3820 3536
f 3557 3550 1378
f 3605 3557 1378
f 3547 3605 1378
f 3629 3549 1377
f 3550 3629 1377
f 3795 3796 1378
f 3542 3795 3763
f 3796 3573 1378
f 3793 3576 3808
f 3573 3793 1378
f 3788 3797 3522
f 3797 3782 3522
f 3800 3798 3788
f 3799 3800 3524
f 3813 3799 3525
f 3812 3813 3526
f 3814 3802 3528
f 3608 3814 3529
f 3802 3812 3526
f 3815 3608 3530
f 3820 3822 3534
f 3822 3819 3533
f 3819 3818 3815
f 3809 3547 1378
f 3575 3809 1378
f 3808 3575 1378
f 3560 3761 1379
f 3561 3763 3795
f 3761 3561 1379
f 1473 1478 1453
f 1474 1472 1303
f 1478 1474 1453
f 1492 1494 1459
f 1494 1495 1459
f 1495 1482 1458
f 1479 1473 1453
f 1491 1479 1454
f 1489 1491 1455
f 1482 1489 1458
f 1422 1417 1404
f 1439 1422 1406
f 1440 1439 1406
f 1438 1440 1407
f 1434 1438 1408
f 1426 1434 1409
f 1417 1423 1403
f 1419 1418 1301
f 1423 1419 1395
f 1437 1441 1409
f 1436 1437 1410
f 1441 1426 1409
f 3310 3197 1349
f 3197 3341 1420
f 3173 3310 3307
f 3341 3196 1420
f 3241 3210 1350
f 3210 3240 3304
f 3176 3241 1350
f 3240 3212 3304
f 3239 3272 3285
f 3285 3287 3118
f 3287 3273 3117
f 3271 3239 3285
f 3318 3238 3125
f 3294 3271 3122
f 3238 3294 3123
f 3320 3318 3125
f 3319 3320 3126
f 3322 3319 3127
f 3321 3322 3312
f 3325 3327 3130
f 3327 3312 3129
f 3324 3328 3131
f 3328 3325 3131
f 3304 3209 3210
f 3209 3309 3210
f 3309 3307 3210
f 3259 3179 1350
f 3177 3259 1350
f 3230 3176 1350
f 3184 3230 1350
f 3179 3184 1350
f 3273 3276 3115
f 3276 3275 3113
f 3275 3235 3113
f 3235 3246 3111
f 3245 3213 3172
f 3246 3245 3110
f 3213 3477 3172
f 3266 3476 3472
f 3477 3266 3171
f 3476 3464 3472
f 3472 3474 3168
f 3474 3469 3168
f 3469 3471 3167
f 3471 3461 3166
f 3461 3463 3165
f 3463 3458 3164
f 3458 3460 3163
f 3460 3451 3162
f 3451 3454 3162
f 3453 3447 3427
f 3454 3453 3161
f 3407 3423 3444
f 3423 3426 3155
f 3426 3408 3154
f 3348 3444 3158
f 3427 3348 3453
f 3408 3419 3153
f 3419 3422 3151
f 3422 3410 3151
f 3331 3346 3133
f 3346 3324 3132
f 3330 3349 3135
f 3349 3331 3134
f 3352 3368 3137
f 3368 3330 3136
f 3371 3369 3352
f 3370 3371 3139
f 3381 3370 3140
f 3380 3381 3140
f 3396 3373 3142
f 3373 3380 3140
f 3398 3396 3143
f 3397 3398 3144
f 3355 3397 3399
f 3410 3412 3149
f 3412 3409 3147
f 3409 3402 3397
f 3402 3399 3397
f 1420 3344 1348
f 3344 1305 1429
f 1476 1485 1380
f 1307 1475 1864
f 1306 1476 1380
f 1475 1306 1382
f 1996 1595 1448
f 1995 1996 1465
f 1466 1465 1450
f 1303 1466 1451
f 1627 1593 1519
f 1461 1627 1519
f 1462 1461 1446
f 1602 1462 1447
f 1626 1601 1622
f 1593 1626 1622
f 1613 1602 1447
f 1614 1613 1632
f 1622 1625 1635
f 1635 1638 1519
f 1637 1624 1642
f 1638 1637 1592
f 1639 2007 1588
f 1642 1639 1637
f 2007 1611 1586
f 1618 1972 1967
f 1972 1970 1967
f 1970 1603 1974
f 1997 1969 1576
f 1643 1997 1576
f 1969 1967 1576
f 1998 2000 1585
f 1999 1965 1646
f 2000 1999 1583
f 1975 1977 1579
f 1966 1975 1999
f 1977 1976 1576
f 1611 1998 1585
f 1976 1643 1576
f 1646 1966 1999
f 1617 1632 1447
f 1616 1617 1448
f 1596 1616 1991
f 1595 1991 1616
f 1932 1934 1575
f 1934 1868 1575
f 1974 1932 1970
f 1711 1713 1538
f 1713 1655 1538
f 1753 1812 1809
f 1812 1711 1809
f 1729 1652 1669
f 1653 1729 1669
f 1670 1669 1414
f 1683 1670 1414
f 1671 1683 1672
f 1708 1740 1537
f 1740 1668 1537
f 1665 1708 1537
f 1668 1716 1535
f 1716 1718 1535
f 1718 1736 1532
f 1714 1681 1528
f 1736 1714 1530
f 1681 1715 1527
f 1701 1704 1698
f 1715 1701 1526
f 1704 1675 1698
f 1655 1710 1538
f 1710 1665 1537
f 1698 1700 1522
f 1700 1689 1521
f 1689 1692 1520
f 1691 1677 1695
f 1692 1691 1520
f 1694 1654 1696
f 1695 1694 1691
f 1663 1672 1415
f 1696 1647 1694
f 1662 1663 1415
f 1464 1662 1416
f 1697 1464 1691
f 1647 1697 1694
f 1444 1430 1732
f 1733 1732 1413
f 1652 1733 1413
f 1429 1311 1347
f 1311 1428 1346
f 1304 1436 1411
f 1430 1304 1732
f 1428 1310 1749
f 1312 1864 1382
f 1856 1598 1872
f 1898 1866 1908
f 1900 1898 1911
f 1913 1911 1557
f 1912 1913 1558
f 1923 1912 1559
f 1922 1923 1560
f 1916 1922 1915
f 1858 1872 1598
f 1909 1858 1557
f 1859 1909 1898
f 1908 1859 1898
f 1924 1935 1566
f 1882 1915 1922
f 1935 1882 1565
f 1920 1924 1568
f 1942 1925 1920
f 1943 1942 1573
f 1918 1943 1574
f 1926 1928 1574
f 1884 1926 1931
f 1944 1918 1574
f 1928 1944 1574
f 1929 1931 1926
f 1868 1929 1575
f 1759 1810 1539
f 1810 1809 1539
f 1789 1760 1790
f 1807 1759 1539
f 1760 1813 1790
f 1813 1807 1539
f 1776 1821 1823
f 1826 1776 1836
f 1822 1790 1543
f 1823 1822 1544
f 1834 1826 1836
f 1838 1836 1551
f 1837 1838 1552
f 1854 1777 1852
f 1761 1854 1852
f 1855 1761 1852
f 1756 1855 1849
f 1779 1756 1598
f 1755 1779 1598
f 1847 1837 1553
f 1846 1847 1554
f 1850 1846 1556
f 1849 1850 1556
f 1840 1849 1853
f 1852 1853 1849
f 1749 1316 1345
f 1317 1312 1384
f 3937 1317 1385
f 1321 4255 4256
f 1316 1321 1344
f 1322 3938 3935
f 3938 3937 1385
f 1323 1336 3913
f 1331 1323 4242
f 4226 4253 4254
f 4256 4226 1342
f 3985 3911 1337
f 3986 3985 1387
f 3933 3986 3983
f 3936 3935 1386
f 3915 3936 1337
f 3913 3916 1326
f 3916 3899 1326
f 3928 1335 1325
f 1335 3927 1388
f 1392 3928 1325
f 3929 1392 4055
f 3927 3898 1388
f 3951 3952 1326
f 3899 3951 1326
f 3952 4055 1392
f 3900 3983 3986
f 4020 4022 3967
f 3898 4020 1388
f 3967 3904 3963
f 4067 4027 3863
f 4068 4067 3863
f 4069 4068 3865
f 4074 4069 3867
f 4073 4074 3867
f 4016 4073 3869
f 4027 4058 3860
f 4064 4004 3855
f 4004 4042 3853
f 4059 4063 3857
f 4058 4059 3860
f 4065 4064 3855
f 4063 4065 3857
f 4042 4044 3853
f 4044 4039 3852
f 4040 4008 3850
f 4041 4040 3850
f 4039 4041 3851
f 4008 4023 3849
f 4023 4010 3848
f 4010 4014 3847
f 4014 4001 3846
f 4094 4070 4096
f 4086 4016 3869
f 4070 4086 3870
f 4095 4096 3873
f 4102 4095 3873
f 4101 4102 3874
f 4105 4101 3875
f 4104 4105 3876
f 3905 3965 4136
f 3963 3905 3967
f 4114 4104 3877
f 4113 4114 3878
f 4117 4113 3879
f 4116 4117 3880
f 4123 4116 3881
f 4122 4123 3882
f 4120 4122 4119
f 4001 4007 3845
f 4007 4003 3844
f 4003 4006 3843
f 4006 3987 3842
f 3987 4000 3841
f 4000 3989 3996
f 3996 3999 3839
f 3999 3998 3838
f 4149 4151 3895
f 3958 4149 3943
f 4151 4138 3893
f 3998 3940 3837
f 3972 3957 3835
f 3940 3972 3836
f 3957 3943 3834
f 3960 4119 4122
f 4129 3960 3886
f 4128 4129 3887
f 4140 4126 3890
f 4138 4140 3891
f 4126 4128 3888
f 4147 3956 3955
f 3953 4147 3955
f 3955 3900 1387
f 4136 3953 3955
f 4292 4291 4227
f 4231 4292 4287
f 4288 4290 4287
f 4232 4288 4297
f 4280 4321 4163
f 4300 4304 4159
f 4303 4263 4221
f 4304 4303 4159
f 4321 4300 4162
f 4263 4307 4468
f 4307 4467 4468
f 4468 4470 4218
f 4464 4460 4465
f 4470 4464 4217
f 4329 4331 4166
f 4331 4280 4163
f 4338 4324 4168
f 4324 4329 4167
f 4339 4338 4169
f 4337 4339 4171
f 4332 4337 4171
f 4343 4332 4355
f 4342 4343 4355
f 4357 4355 4174
f 4356 4357 4175
f 4360 4356 4176
f 4359 4360 4177
f 4373 4359 4178
f 4372 4373 4179
f 4376 4372 4180
f 4375 4376 4181
f 4465 4462 4215
f 4462 4463 4214
f 4463 4453 4213
f 4453 4459 4212
f 4459 4455 4211
f 4455 4458 4210
f 4458 4447 4209
f 4447 4452 4208
f 4452 4449 4207
f 4449 4450 4206
f 4450 4451 4206
f 4451 4443 4205
f 4443 4446 4204
f 4446 4445 4203
f 4445 4421 4203
f 4421 4433 4201
f 4433 4434 4200
f 4391 4375 4182
f 4390 4391 4183
f 4396 4390 4183
f 4395 4396 4366
f 4409 4398 4188
f 4408 4409 4405
f 4406 4366 4186
f 4398 4406 4187
f 4420 4405 4191
f 4426 4420 4193
f 4424 4426 4193
f 4430 4432 4197
f 4432 4424 4195
f 4434 4422 4199
f 4422 4430 4197
f 4227 4386 1340
f 4386 4222 1340
f 4277 4319 1334
f 4319 4224 1328
f 4222 4276 1340
f 4278 1334 1332
f 1329 4278 1332
f 4276 1329 1340
f 4240 1330 4251
f 4224 4243 1328
f 4243 4242 1328
f 4254 4240 4251
f 4252 4268 4269
f 4251 4252 1341
f 4250 4298 4299
f 4269 4250 4252
f 4299 4297 4250
f 1392 1326 3952
f 3913 1327 1323
f 1327 4242 1323
f 1328 1334 4319
f 1340 4297 4292
f 4297 1341 4250
f 1341 4226 4254
f 4256 1343 1321
f 1749 1346 1428
f 1429 1348 3344
f 1420 1349 3197
f 1349 3210 3307
f 3180 1352 1401
f 1401 1353 1518
f 1353 2850 1517
f 2892 1356 2950
f 2865 1357 2866
f 2869 1358 1514
f 1358 2074 1514
f 2078 1360 2138
f 1361 4656 4603
f 4561 1363 4552
f 4545 1365 4732
f 4733 1366 4697
f 2290 1367 2300
f 1368 2325 2322
f 2316 1370 1502
f 1370 2509 2512
f 1371 2527 2526
f 2492 1375 1498
f 3552 1377 3632
f 1378 3561 3795
f 3938 1386 3935
f 3936 1387 1337
f 1387 4136 3955
f 4136 1388 3905
f 1388 1391 1335
f 1394 1419 1301
f 1304 1412 1732
f 1652 1414 1669
f 1683 1415 1672
f 1416 1461 1464
f 1996 1449 1465
f 1303 1452 1474
f 1492 1496 3657
f 1299 1498 1375
f 1295 1502 1370
f 2288 1504 4674
f 1505 4745 4717
f 4529 1507 4471
f 1508 4635 4639
f 1509 2082 4629
f 1519 1691 1464
f 1698 1524 1701
f 1538 1809 1711
f 1539 1790 1813
f 1823 1546 1776
f 1776 1549 1836
f 1849 1557 1756
f 1922 1562 1882
f 1568 1942 1920
f 1926 1575 1929
f 1575 1967 1970
f 1975 1581 1999
f 1639 1590 1637
f 2186 2040 2187
f 2096 2053 2212
f 2212 2058 2209
f 2094 2070 2112
f 2319 2220 2304
f 2337 2225 2336
f 2374 2244 2384
f 2331 2261 2411
f 2421 2570 2548
f 2586 2427 2549
f 2427 2596 2549
f 2596 2429 2607
f 2669 2452 2678
f 2694 2457 2697
f 2461 2720 2719
f 2465 2722 2734
f 3106 2780 2909
f 2939 2785 2956
f 2958 2793 2981
f 2976 2798 2985
f 2807 3023 3022
f 3040 2812 3034
f 2838 3098 3099
f 3285 3121 3271
f 3322 3128 3312
f 3137 3371 3352
f 3397 3146 3409
f 3423 3157 3444
f 3348 3160 3453
f 3472 3169 3266
f 3613 3479 3612
f 3586 3482 3640
f 3687 3491 3690
f 3725 3510 3769
f 3770 3514 3772
f 3788 3523 3800
f 3530 3819 3815
f 3996 3840 4000
f 4070 3872 4096
f 4122 3883 3960
f 4149 3834 3943
f 4332 4173 4355
f 4396 4184 4366
f 4409 4190 4405
f 4465 4216 4464
f 4468 4220 4263
f 4530 4480 4538
f 4541 4489 4550
f 4547 4498 1363
f 1363 4501 4557
f 4556 4506 4566
f 4568 4514 4567
f 4576 4522 1507
f 1509 4579 4636
f 4655 4597 4641
f 1361 4606 4661
f 4614 2202 2088
f 2347 4689 4729
f 4728 4694 1366
f 4734 4706 4741
f 1503 2352 2394
f 2298 1366 2346
f 2351 2374 2384
f 4743 1506 4533
f 4732 4527 4545
f 4741 4738 4734
f 4525 4534 1506
f 4569 1508 4638
f 4560 4554 1362
f 4566 4561 4556
f 4657 1362 4554
f 2085 2138 1360
f 2089 2085 1360
f 1510 2173 2100
f 2081 2089 1360
f 2914 2950 1356
f 1355 2971 2904
f 2870 2866 1357
f 2964 2958 2981
f 2956 2944 2939
f 1354 2973 2852
f 3793 3808 1378
f 3310 1349 3307
f 1864 1475 1382
f 1448 1595 1616
f 1519 1593 1622
f 1461 1519 1464
f 1613 1447 1632
f 1622 1635 1519
f 1932 1575 1970
f 1691 1694 1697
f 1911 1898 1909
f 1557 1911 1909
f 1858 1598 1756
f 1557 1858 1756
f 1855 1852 1849
f 3985 1337 1387
f 3986 1387 3900
f 4020 3967 1388
f 3967 3905 1388
f 4292 4227 1340
f 4287 4292 4288
f 4297 4288 4292
f 4254 4251 1341
f 1341 4252 4250
o roof_198_c1dc5a1b-98b3-41de-8720-1da63fbf38bd
v -14.8086505469 0.813167992578 2.86835798062
v -14.8074864844 0.543226586328 2.88163923062
v -14.8088273047 0.270638695703 2.88967048062
v -14.8110929297 2.38280554186e-08 2.89233844937
v -14.8088634375 -0.266998023047 2.88974079312
v -14.8074864844 -0.522650366797 2.88243415249
v -14.8084952734 -0.790802710547 2.86966266812
v -14.5020597266 0.813070336328 2.86357868374
v -14.5024825781 0.543443383203 2.87685407437
v -14.5019669531 0.270843773828 2.88490290249
v -14.5015079687 2.38280554186e-08 2.88756501187
v -14.5019571875 -0.267197241797 2.88497321499
v -14.5024659766 -0.522927710547 2.87764704312
v -14.5021417578 -0.790626929297 2.86488532437
v -14.1751456641 0.813144555078 2.85856305874
v -14.1747394141 0.543375023828 2.87183649624
v -14.1747921484 0.270748070703 2.87987360562
v -14.1748946875 2.38280554186e-08 2.88252985562
v -14.1747950781 -0.267105444922 2.87994587124
v -14.1747286719 -0.522841773047 2.87262946499
v -14.1750978125 -0.790710913672 2.85986969937
v -13.8799415625 0.813101586328 2.85400837124
v -13.8797071875 0.543378930078 2.86728180874
v -13.8796691016 0.270765648828 2.87532087124
v -13.8796827734 2.38280554186e-08 2.87797712124
v -13.8796700781 -0.267121069922 2.87539313687
v -13.8796983984 -0.522853491797 2.86807477749
v -13.8799122656 -0.790665991797 2.85531305874
v -13.5675411719 0.813529320703 2.84917633999
v -13.5675314062 0.543523461328 2.86244001187
v -13.567043125 0.270820336328 2.87048883999
v -13.5667081641 2.38280554186e-08 2.87315485562
v -13.5670362891 -0.267175757422 2.87056110562
v -13.567511875 -0.522976538672 2.86323493374
v -13.5675577734 -0.791019507422 2.85048102749
v -13.2482608984 0.812564476953 2.84429743374
v -13.2477579687 0.543175805078 2.85759626187
v -13.2482765234 0.270703148828 2.86562751187
v -13.2489347266 2.38280554186e-08 2.86826227749
v -13.2482872656 -0.267066382422 2.86569782437
v -13.2477569922 -0.522652319922 2.85838923062
v -13.2481857031 -0.790267554297 2.84560798062
v -12.9413663672 0.543798851953 2.85285993374
v -12.9402276953 0.270974633203 2.86088727749
v -12.9383126562 2.38280554186e-08 2.86349860562
v -12.940199375 -0.267326148047 2.86095954312
v -12.9413614844 -0.523201148047 2.85365290249
v -15.0946720313 -1.05000778867 2.85679548062
v -15.098168125 -0.916351538672 2.86627204312
v -15.1010978125 -0.786837866797 2.87435212124
v -15.1036134375 -0.655496069922 2.88127594937
v -15.1056720313 -0.524085913672 2.88692829312
v -15.107261875 -0.393279273047 2.89130133999
v -15.1084005469 -0.262097632422 2.89442829312
v -15.1090860937 -0.130886694922 2.89630719937
v -15.1093146094 2.38280554186e-08 2.89693415249
v -15.1090860937 0.130935570703 2.89630524624
v -15.1084005469 0.262189476953 2.89442633999
v -15.1072599219 0.393417992578 2.89129743374
v -15.105668125 0.524271508203 2.88692243374
v -15.1036134375 0.655574242578 2.88127204312
v -15.1010997656 0.786810570703 2.87435407437
v -15.0965060156 0.982201195703 2.86173102749
v -15.0946720313 1.05000783633 2.85679548062
v -14.8097530859 0.931015648828 2.86087751187
v -14.9544757422 0.813054711328 2.87062360562
v -14.9562472266 0.930423851953 2.86316071499
v -14.8673995703 1.04999416445 2.85318805874
v -14.6401251563 1.0499902582 2.84971149624
v -14.4132862891 1.04998439883 2.84621344937
v -14.1864464453 1.04997853945 2.84271735562
v -13.9597247656 1.04997268008 2.83921735562
v -13.7330021094 1.0499668207 2.83573298062
v -13.5067911719 1.04996096133 2.83223883999
v -13.279949375 1.0499590082 2.82879743374
v -13.2388126562 1.0468574457 2.82844001187
v -13.1980177344 1.0403574457 2.82834626187
v -13.1781046484 1.03509572695 2.82845368374
v -13.1587472266 1.02803322695 2.82869782437
v -13.1402921484 1.0191152582 2.82908258999
v -13.1226417578 1.00873049258 2.82957868374
v -13.0890108984 0.984951195703 2.83077985562
v -13.0574503516 0.958134789453 2.83218219937
v -12.9995275 0.899449242578 2.83526032437
v -12.8975499609 0.773064476953 2.84140094937
v -12.8523067969 0.705210961328 2.84430133999
v -12.7753566016 0.560277367578 2.84959626187
v -12.715543125 0.406951195703 2.85393805874
v -12.6742589453 0.246449242578 2.85710212124
v -12.6542023047 0.0824687738281 2.85879938687
v -12.6500001562 2.38280554186e-08 2.85899469937
v -13.2486720313 0.930835961328 2.83677790249
v -13.407949375 0.812978539453 2.84673493374
v -13.5674747656 0.931857445703 2.84169587124
v -13.4081300391 0.931138695703 2.83923883999
v -13.2489093359 0.990673851953 2.83264118374
v -13.3283858984 0.930845726953 2.83800837124
v -13.4082442969 0.990390648828 2.83510602749
v -13.3285763281 0.990324242578 2.83387360562
v -13.0931554297 0.812751976953 2.84194587124
v -13.0934191016 0.931578148828 2.83444587124
v -13.1708829687 0.931123070703 2.83559040249
v -13.1711124609 0.991435570703 2.83145563687
v -13.1712316016 1.02202346133 2.82929548062
v -13.2099894141 0.991011742578 2.83204352749
v -13.2490343359 1.02089064883 2.83047907437
v -13.2101163672 1.0214043207 2.82988337124
v -12.7960382422 2.38280554186e-08 2.86127594937
v -12.9389972266 0.135535180078 2.86285212124
v -12.7996261328 0.271339867578 2.85864118374
v -12.7973487891 0.135695336328 2.86062360562
v -12.7995802344 -0.267667944922 2.85871540249
v -12.9389825781 -0.133710913672 2.86287165249
v -12.7973224219 -0.133865210547 2.86064313687
v -12.6672179297 -0.205722632422 2.85767633999
v -12.6922042578 -0.327203101172 2.85569001187
v -12.7433097266 -0.484470679297 2.85190680874
v -12.8117921484 -0.634507788672 2.84702985562
v -12.8522970313 -0.705193335547 2.84430133999
v -12.9465421484 -0.837460913672 2.83837751187
v -12.9995323828 -0.899455054297 2.83525251187
v -13.057511875 -0.958191382422 2.83217243374
v -13.0891075781 -0.985025366797 2.83076813687
v -13.1227784766 -1.0088144293 2.82956891812
v -13.1404210547 -1.01918356992 2.82907477749
v -13.1588673437 -1.02808396055 2.82869196499
v -13.1782101172 -1.0351269293 2.82845173062
v -13.198105625 -1.0403769293 2.82834626187
v -13.2388575781 -1.0468613043 2.82844391812
v -13.279949375 -1.04995896055 2.82880329312
v -13.2486173438 -0.919640601172 2.83753376187
v -13.093105625 -0.790429663672 2.84325641812
v -13.0933898047 -0.920199194922 2.83519587124
v -13.2488673437 -0.985105444922 2.83303766812
v -13.1708321875 -0.919857398047 2.83634430874
v -13.1710733984 -0.985794898047 2.83185016812
v -13.5674913672 -0.920574194922 2.84244977749
v -13.4079191016 -0.790585913672 2.84804157437
v -13.4081075781 -0.919939429297 2.83999274624
v -13.1711974219 -1.01927341367 2.82948883999
v -13.2489982031 -1.01819138242 2.83067633999
v -13.2099474219 -0.985414038672 2.83244001187
v -13.2100802344 -1.01868747617 2.83007868374
v -13.4082267188 -0.984810523047 2.83550837124
v -13.3283439062 -0.919671851172 2.83876227749
v -13.3285421484 -0.984775366797 2.83427399624
v -13.5067911719 -1.04996091367 2.83223883999
v -13.7332794531 -1.04996677305 2.83573493374
v -13.9598888281 -1.04997263242 2.83922126187
v -14.1864982031 -1.0499784918 2.84271735562
v -14.4133370703 -1.04998435117 2.84621344937
v -14.6401759375 -1.04999021055 2.84971149624
v -14.8674249609 -1.0499941168 2.85318805874
f 4748 4813 4814 4812
f 4756 4749 4748 4755
f 4757 4750 4749 4756
f 4758 4751 4750 4757
f 4759 4752 4751 4758
f 4760 4753 4752 4759
f 4761 4754 4753 4760
f 4763 4756 4755 4762
f 4764 4757 4756 4763
f 4765 4758 4757 4764
f 4766 4759 4758 4765
f 4767 4760 4759 4766
f 4768 4761 4760 4767
f 4770 4763 4762 4769
f 4771 4764 4763 4770
f 4772 4765 4764 4771
f 4773 4766 4765 4772
f 4774 4767 4766 4773
f 4775 4768 4767 4774
f 4777 4770 4769 4776
f 4778 4771 4770 4777
f 4779 4772 4771 4778
f 4780 4773 4772 4779
f 4781 4774 4773 4780
f 4782 4775 4774 4781
f 4844 4839 4783
f 4840 4842 4844
f 4783 4840 4844
f 4840 4776 4841 4842
f 4839 4844 4846 4843
f 4844 4842 4845 4846
f 4840 4783 4784
f 4777 4776 4840
f 4784 4777 4840
f 4785 4778 4777 4784
f 4786 4779 4778 4785
f 4787 4780 4779 4786
f 4788 4781 4780 4787
f 4885 4782 4781
f 4788 4789 4885
f 4781 4788 4885
f 4893 4891 4886 4892
f 4881 4893 4892 4878
f 4886 4884 4782 4885
f 4892 4886 4885
f 4789 4878 4892
f 4885 4789 4892
f 4849 4848 4847
f 4783 4839 4849
f 4847 4783 4849
f 4852 4850 4849
f 4839 4843 4852
f 4849 4839 4852
f 4850 4852 4854 4851
f 4852 4843 4853 4854
f 4791 4785 4784 4790
f 4856 4792 4786
f 4785 4791 4856
f 4786 4785 4856
f 4860 4793 4787
f 4786 4792 4860
f 4787 4786 4860
f 4794 4788 4787 4793
f 4890 4888 4881 4889
f 4887 4890 4889 4883
f 4889 4881 4878
f 4882 4883 4889
f 4878 4882 4889
f 4882 4878 4789
f 4879 4880 4882
f 4789 4879 4882
f 4855 4792 4856 4858
f 4858 4856 4791 4857
f 4859 4793 4860 4861
f 4861 4860 4792 4855
f 4795 4796 4900
f 4796 4797 4754
f 4797 4798 4754
f 4798 4799 4753
f 4799 4800 4753
f 4800 4801 4752
f 4801 4802 4752
f 4802 4803 4751
f 4803 4804 4751
f 4804 4805 4750
f 4805 4806 4750
f 4806 4807 4749
f 4807 4808 4749
f 4808 4809 4813
f 4809 4810 4814
f 4810 4811 4814
f 4811 4815 4814
f 4815 4816 4812
f 4816 4817 4755
f 4817 4818 4762
f 4818 4819 4762
f 4819 4820 4769
f 4820 4821 4841
f 4821 4822 4845
f 4822 4823 4853
f 4823 4824 4854
f 4824 4825 4854
f 4825 4826 4851
f 4826 4827 4850
f 4827 4828 4850
f 4828 4829 4848
f 4829 4830 4848
f 4830 4831 4848
f 4831 4832 4847
f 4832 4833 4790
f 4833 4834 4790
f 4834 4835 4790
f 4835 4836 4857
f 4836 4837 4858
f 4837 4838 4855
f 4838 4862 4861
f 4862 4863 4859
f 4863 4864 4859
f 4864 4865 4794
f 4865 4866 4794
f 4866 4867 4879
f 4867 4868 4879
f 4868 4869 4880
f 4869 4870 4880
f 4870 4871 4880
f 4871 4872 4883
f 4872 4873 4887
f 4873 4874 4887
f 4874 4875 4890
f 4875 4876 4890
f 4876 4877 4888
f 4877 4894 4891
f 4894 4895 4884
f 4895 4896 4775
f 4896 4897 4768
f 4897 4898 4768
f 4898 4899 4761
f 4899 4900 4754
f 4813 4748 4749
f 4814 4813 4809
f 4812 4814 4815
f 4748 4812 4755
f 4749 4750 4806
f 4750 4751 4804
f 4751 4752 4802
f 4752 4753 4800
f 4754 4761 4899
f 4753 4754 4798
f 4762 4755 4817
f 4761 4768 4898
f 4769 4762 4819
f 4768 4775 4896
f 4776 4769 4841
f 4775 4782 4884
f 4842 4841 4845
f 4843 4846 4853
f 4846 4845 4822
f 4784 4783 4847
f 4789 4788 4879
f 4891 4893 4877
f 4886 4891 4884
f 4893 4881 4888
f 4848 4849 4828
f 4847 4848 4831
f 4849 4850 4828
f 4851 4854 4825
f 4850 4851 4826
f 4854 4853 4823
f 4790 4784 4847
f 4791 4790 4835
f 4788 4794 4879
f 4794 4793 4859
f 4888 4890 4876
f 4890 4887 4874
f 4887 4883 4872
f 4883 4882 4880
f 4880 4879 4868
f 4855 4858 4837
f 4857 4791 4835
f 4858 4857 4836
f 4859 4861 4862
f 4861 4855 4838
f 4900 4796 4754
f 4749 4808 4813
f 4812 4816 4755
f 4769 4820 4841
f 4841 4821 4845
f 4822 4853 4846
f 4847 4832 4790
f 4859 4864 4794
f 4794 4866 4879
f 4880 4871 4883
f 4888 4877 4893
f 4891 4894 4884
f 4884 4895 4775
o roof_333_addd62c5-1935-49d0-8fec-d90ba0764cf9
v -15.0946739844 -1.0500019293 2.85670758999
v -15.0619347266 -1.43483396055 2.74494391812
v -15.0291964453 -1.8196659918 2.63317829312
v -14.6977804297 -1.0499863043 2.85050055874
v -14.5458302344 -1.4485800543 2.74410993374
v -14.3938800391 -1.8471738043 2.63771735562
v -14.2725333594 -1.04997653867 2.84393610562
v -13.9923468359 -1.45624997617 2.74326032437
v -13.7121603125 -1.86252146055 2.64258649624
v -13.8472042578 -1.0499628668 2.83735993374
v -13.4389816016 -1.4557050543 2.74240680874
v -13.0307579688 -1.8614472418 2.64745368374
v -13.4474005469 -1.04995114805 2.83117633999
v -12.9188790625 -1.4487128668 2.74160212124
v -12.3903585547 -1.84747458555 2.65202790249
v -13.0892745703 -0.985154273047 2.83059821499
v -12.4275694922 -1.36832028867 2.74844782437
v -11.7658653906 -1.7514863043 2.66629938687
v -12.8512276953 -0.703464819922 2.84419782437
v -12.0860880469 -0.983482398047 2.78136383999
v -11.320949375 -1.26349997617 2.71853180874
v -12.7020441016 -0.363230444922 2.85476423062
v -11.8742814063 -0.508722632422 2.80797126187
v -11.0465187109 -0.654214819922 2.76117829312
v -12.6499933203 -2.34136719446e-05 2.85881501187
v -11.8034610938 -1.16949219446e-05 2.81797712124
v -10.9569278906 2.38280554186e-08 2.77713923062
v -12.7584220312 -1.1767363043 2.78952399624
v -12.6660519141 -1.44128513242 2.74152594937
v -13.1831398047 -1.24933200742 2.78638923062
v -13.2549532812 -1.04837497617 2.82840876187
v -12.9605021094 -1.2448300543 2.78496735562
v -12.0967169531 -1.55990231992 2.70737360562
v -12.0771515234 -1.83419528867 2.65464508999
v -12.6546192969 -1.64809372617 2.69681501187
v -12.3716017188 -1.63774021055 2.69808454312
v -12.4686573828 -0.843472632422 2.81277985562
v -12.2401720312 -1.19131247617 2.76480524624
v -12.9596280859 -0.853462866797 2.83741852749
v -12.5998995703 -1.02238669492 2.80111188687
v -11.7035187109 -1.12349216367 2.74994782437
v -11.5207159766 -1.52916403867 2.69219001187
v -11.8804435156 -1.36023825742 2.72849665249
v -12.2881622656 -0.435976538672 2.83136774624
v -11.9641944922 -0.753373023047 2.79645563687
v -12.7655323828 -0.538244116797 2.85012555874
v -12.3648634375 -0.645808569922 2.82328962124
v -11.4604005469 -0.581468726172 2.78457477749
v -11.1628566016 -0.968501929297 2.74278766812
v -11.5635255469 -0.860937476172 2.76962165249
v -12.2267267187 -1.75542969446e-05 2.83839508999
v -11.82087125 -0.257009741797 2.81484235562
v -12.6640001562 -0.183390601172 2.85776813687
v -12.2424357031 -0.220199194922 2.83630524624
v -11.3801944922 -5.83554694458e-06 2.79755915249
v -10.9777423438 -0.330626929297 2.77191462124
v -11.3993067969 -0.293818335547 2.79337946499
v -12.59299625 -1.27252927305 2.76898493374
v -12.5412511328 -1.42157614805 2.74330524624
v -12.8132775 -1.3430566168 2.76324665249
v -12.8538546484 -1.22633981992 2.78586188687
v -12.6975528906 -1.32395700742 2.76458454312
v -12.9238478125 -1.08094528867 2.81006110562
v -13.1077276953 -1.14660153867 2.80668805874
v -13.1664581641 -1.0311034918 2.82842048062
v -13.0101564063 -1.12872263242 2.80714118374
v -11.9312911719 -1.65569333555 2.68683649624
v -11.9160441016 -1.81204685117 2.65818805874
v -12.2243761328 -1.73596677305 2.67636579312
v -12.2286476172 -1.61681052305 2.70074665249
v -12.0723458594 -1.71442966367 2.67946735562
v -12.2621437109 -1.4641113043 2.72791071499
v -12.5188263281 -1.53951169492 2.71980524624
v -12.384949375 -1.51919333555 2.72202594937
v -11.7005802344 -1.44470114805 2.71034235562
v -11.6355997656 -1.64920896055 2.67878571499
v -11.9819562109 -1.46752146055 2.71756110562
v -11.8087775 -1.55836521055 2.69817243374
v -12.0603077734 -1.2757753668 2.74665094937
v -12.3283116797 -1.28583396055 2.75633649624
v -12.1551339453 -1.37667771055 2.73694782437
v -12.5102823828 -1.3204238043 2.75871735562
v -12.4821915625 -1.40015622617 2.74532868374
v -12.6194025 -1.3727675543 2.75394391812
v -12.643199375 -1.30285739805 2.76632282437
v -12.5626954688 -1.35150583555 2.75582673062
v -12.4200362891 -1.10684958555 2.78295758999
v -12.674668125 -1.10414646055 2.79510993374
v -12.5014903906 -1.19499021055 2.77572321499
v -12.6757091406 -1.22463278867 2.77925446499
v -12.7757042578 -1.27514841367 2.77522321499
v -12.8042071875 -1.2055566168 2.78731501187
v -12.7237032812 -1.25420700742 2.77681891812
v -12.8411349219 -1.12884177305 2.79979157437
v -12.9320060156 -1.17753122617 2.79650251187
v -12.965215 -1.10825778867 2.80830915249
v -12.8847110938 -1.1569081793 2.79781305874
v -12.7797638281 -0.937923804297 2.81926618374
v -13.0210245703 -0.922458960547 2.83388532437
v -12.8478468359 -1.01330271055 2.81449860562
v -13.0883077734 -1.07991403867 2.81778180874
v -13.0584513281 -1.14060544492 2.80667829312
v -13.18134 -1.09748825742 2.81754743374
v -13.2101788672 -1.04278708555 2.82818219937
v -13.1343146094 -1.09169528867 2.81743024624
v -13.0712735937 -1.24817966367 2.78555329312
v -13.3152696875 -1.14964060117 2.80878376187
v -13.3501153906 -1.04994919492 2.82969001187
v -13.2106944922 -1.1490644293 2.80762165249
v -13.1788614844 -1.4530019293 2.74201032437
v -13.6430929297 -1.25283396055 2.78988337124
v -13.6471642187 -1.04995896055 2.83427790249
v -13.4130128516 -1.25148044492 2.78814508999
v -13.0065616797 -1.03305075742 2.82032868374
v -13.1262228125 -1.01095896055 2.82930133999
v -13.0457189063 -1.05960935117 2.81880524624
v -11.8485782813 -1.70358981992 2.67656891812
v -11.8381603125 -1.7893534918 2.66135602749
v -11.9941954688 -1.76323825742 2.66882868374
v -11.999168125 -1.69205466367 2.68235016812
v -11.9186642188 -1.74070310117 2.67185212124
v -12.0140040625 -1.6077988043 2.69710602749
v -12.1504972266 -1.6656191168 2.69010798062
v -12.1601759375 -1.59475583555 2.70334235562
v -12.0796720313 -1.64340427305 2.69284626187
v -12.1794308203 -1.51200778867 2.71764313687
v -12.3067989844 -1.5680019293 2.71138532437
v -12.32118375 -1.4974550543 2.72433649624
v -12.2406798437 -1.54610544492 2.71383844937
v -12.3448566016 -1.41621481992 2.73818024624
v -12.4631007422 -1.4703847418 2.73266462124
v -12.4016876563 -1.4488066168 2.73483258999
f 4905 4902 4901 4904
f 4906 4903 4902 4905
f 4908 4905 4904 4907
f 4909 4906 4905 4908
f 5011 4911 4908
f 4907 4910 5011
f 4908 4907 5011
f 4912 4909 4908 4911
f 4914 5010 5013 4930
f 5010 4911 5011 5013
f 5013 5011 4910 5012
f 5007 4930 5013
f 5012 4913 5007
f 5013 5012 5007
f 5010 4914 4935
f 4935 4915 4912
f 4912 4911 5010
f 5010 4935 4912
f 4917 4983 4986 4982
f 4983 4959 4984 4986
f 4986 4984 4962 4985
f 4982 4986 4985 4958
f 4984 4959 4929
f 4960 4962 4984
f 4929 4960 4984
f 4991 4962 4960
f 4932 4961 4991
f 4960 4932 4991
f 4958 4985 4993 4990
f 4985 4962 4991 4993
f 4993 4991 4961 4992
f 4990 4993 4992 4928
f 5006 4932 4960
f 4960 4929 4914
f 4914 4930 5006
f 5006 4960 4914
f 4932 5006 5009 4964
f 5006 4930 5007 5009
f 5009 5007 4913 5008
f 5003 4964 5009
f 5008 4931 5003
f 5009 5008 5003
f 4928 4992 4997 4994
f 4992 4961 4995 4997
f 4997 4995 4966 4996
f 4994 4997 4996 4963
f 5002 4966 4995
f 4995 4961 4932
f 4932 4964 5002
f 5002 4995 4932
f 4966 5002 5005 5001
f 5002 4964 5003 5005
f 5005 5003 4931 5004
f 5001 5005 5004 4965
f 4963 4996 5016 5014
f 4996 4966 5001 5016
f 5016 5001 4965 5015
f 5014 5016 5015 4916
f 4918 5018 5021 5017
f 5018 4968 5019 5021
f 5021 5019 4971 5020
f 5017 5021 5020 4967
f 5019 4968 4934
f 4969 4971 5019
f 4934 4969 5019
f 5023 4971 4969
f 4936 4970 5023
f 4969 4936 5023
f 4967 5020 5025 5022
f 5020 4971 5023 5025
f 5025 5023 4970 5024
f 5022 5025 5024 4933
f 4969 4934 4915
f 4935 4936 4969
f 4915 4935 4969
f 4973 4936 4935
f 4914 4929 4973
f 4935 4914 4973
f 4933 5024 5029 5026
f 5024 4970 5027 5029
f 5029 5027 4974 5028
f 5026 5029 5028 4972
f 5027 4970 4936
f 4973 4974 5027
f 4936 4973 5027
f 5031 4974 4973
f 4929 4959 5031
f 4973 4929 5031
f 4972 5028 5032 5030
f 5028 4974 5031 5032
f 5032 5031 4959 4983
f 5030 5032 4983 4917
f 4987 4940 4937
f 4920 4938 4987
f 4937 4920 4987
f 4938 4980 4989 4987
f 4982 4958 4989
f 4980 4917 4982
f 4989 4980 4982
f 4990 4928 4988
f 4989 4958 4990
f 4988 4989 4990
f 4987 4989 4988 4940
f 4940 4988 5000 4998
f 4994 4963 5000
f 4988 4928 4994
f 5000 4988 4994
f 5014 4916 4999
f 5000 4963 5014
f 4999 5000 5014
f 4998 5000 4999 4939
f 4998 4939 4919
f 4937 4940 4998
f 4919 4937 4998
f 4975 4943 4941
f 4921 4942 4975
f 4941 4921 4975
f 4942 4976 4978 4975
f 5017 4967 4978
f 4976 4918 5017
f 4978 4976 5017
f 5022 4933 4977
f 4978 4967 5022
f 4977 4978 5022
f 4975 4978 4977 4943
f 4943 4977 4981 4979
f 5026 4972 4981
f 4977 4933 5026
f 4981 4977 5026
f 5030 4917 4980
f 4981 4972 5030
f 4980 4981 5030
f 4979 4981 4980 4938
f 4979 4938 4920
f 4941 4943 4979
f 4920 4941 4979
f 4923 4945 4947 4944
f 4945 4920 4937 4947
f 4947 4937 4919 4946
f 4944 4947 4946 4922
f 4924 4949 4950 4948
f 4949 4921 4941 4950
f 4950 4941 4920 4945
f 4948 4950 4945 4923
f 4926 4952 4954 4951
f 4952 4923 4944 4954
f 4954 4944 4922 4953
f 4951 4954 4953 4925
f 4927 4956 4957 4955
f 4956 4924 4948 4957
f 4957 4948 4923 4952
f 4955 4957 4952 4926
o roof_334_fc6d1e31-1b75-4851-8701-ee610eeeed81
v -15.0946739844 1.05000197695 2.85670758999
v -15.0619347266 1.4348340082 2.74494391812
v -15.0291964453 1.81966603945 2.63317829312
v -14.6977804297 1.04998830508 2.85050055874
v -14.5458302344 1.44858010195 2.74410993374
v -14.3938800391 1.84717385195 2.63771735562
v -14.2725333594 1.04997658633 2.84393610562
v -13.9923468359 1.45625002383 2.74326032437
v -13.7121603125 1.8625215082 2.64258649624
v -13.8472042578 1.04996291445 2.83735993374
v -13.4389816016 1.45570510195 2.74240680874
v -13.0307579688 1.86144728945 2.64745368374
v -13.4474005469 1.0499511957 2.83117633999
v -12.9188790625 1.44871291445 2.74160212124
v -12.3903585547 1.8474746332 2.65202790249
v -13.0892745703 0.985154320703 2.83059821499
v -12.4275694922 1.36832033633 2.74844782437
v -11.7658653906 1.75148635195 2.66629938687
v -12.8512276953 0.703464867578 2.84419782437
v -12.0860880469 0.983482445703 2.78136383999
v -11.320949375 1.26350002383 2.71853180874
v -12.7020441016 0.363230492578 2.85476423062
v -11.8742814063 0.508722680078 2.80797126187
v -11.0465187109 0.654214867578 2.76117829312
v -12.6499933203 2.34613280554e-05 2.85881501187
v -11.8034610938 1.17425780554e-05 2.81797712124
v -10.9569278906 2.38280554186e-08 2.77713923062
v -12.7584220312 1.17673830508 2.78952399624
v -12.6660519141 1.44128518008 2.74152594937
v -13.1831398047 1.24933205508 2.78638923062
v -13.2549532812 1.04837502383 2.82840876187
v -12.9605021094 1.24483010195 2.78496735562
v -12.0967169531 1.55990236758 2.70737360562
v -12.0771515234 1.83419533633 2.65464508999
v -12.6546192969 1.64809377383 2.69681501187
v -12.3716017188 1.6377402582 2.69808454312
v -12.4686573828 0.843472680078 2.81277985562
v -12.2401720312 1.19131252383 2.76480524624
v -12.9596280859 0.853462914453 2.83741852749
v -12.5998995703 1.0223886957 2.80111188687
v -11.7035187109 1.12349221133 2.74994782437
v -11.5207159766 1.52916408633 2.69219001187
v -11.8804435156 1.36023830508 2.72849665249
v -12.2881622656 0.435976586328 2.83136774624
v -11.9641944922 0.753373070703 2.79645563687
v -12.7655323828 0.538244164453 2.85012555874
v -12.3648634375 0.645808617578 2.82328962124
v -11.4604005469 0.581468773828 2.78457477749
v -11.1628566016 0.968503930078 2.74278766812
v -11.5635255469 0.860937523828 2.76962165249
v -12.2267267187 1.76019530554e-05 2.83839508999
v -11.82087125 0.257009789453 2.81484235562
v -12.6640001562 0.183390648828 2.85776813687
v -12.2424357031 0.220199242578 2.83630524624
v -11.3801944922 5.88320305542e-06 2.79755915249
v -10.9777423438 0.330626976953 2.77191462124
v -11.3993067969 0.293818383203 2.79337946499
v -12.59299625 1.2725293207 2.76898493374
v -12.5412511328 1.4215761957 2.74330524624
v -12.8132775 1.34305666445 2.76324665249
v -12.8538546484 1.22633986758 2.78586188687
v -12.6975528906 1.32395705508 2.76458454312
v -12.9238478125 1.08094533633 2.81006110562
v -13.1077276953 1.14660158633 2.80668805874
v -13.1664581641 1.03110549258 2.82842048062
v -13.0101564063 1.12872268008 2.80714118374
v -11.9312911719 1.6556933832 2.68683649624
v -11.9160441016 1.81204689883 2.65818805874
v -12.2243761328 1.7359668207 2.67636579312
v -12.2286476172 1.6168105707 2.70074665249
v -12.0723458594 1.71442971133 2.67946735562
v -12.2621437109 1.46411135195 2.72791071499
v -12.5188263281 1.53951174258 2.71980524624
v -12.384949375 1.5191933832 2.72202594937
v -11.7005802344 1.4447011957 2.71034235562
v -11.6355997656 1.6492090082 2.67878571499
v -11.9819562109 1.4675215082 2.71756110562
v -11.8087775 1.5583652582 2.69817243374
v -12.0603077734 1.27577541445 2.74665094937
v -12.3283116797 1.2858340082 2.75633649624
v -12.1551339453 1.3766777582 2.73694782437
v -12.5102823828 1.32042385195 2.75871735562
v -12.4821915625 1.40015627383 2.74532868374
v -12.6194025 1.37276760195 2.75394391812
v -12.643199375 1.3028574457 2.76632282437
v -12.5626954688 1.3515058832 2.75582673062
v -12.4200362891 1.1068496332 2.78295758999
v -12.674668125 1.1041465082 2.79510993374
v -12.5014903906 1.1949902582 2.77572321499
v -12.6757091406 1.22463283633 2.77925446499
v -12.7757042578 1.27514846133 2.77522321499
v -12.8042071875 1.20555861758 2.78731501187
v -12.7237032812 1.25420705508 2.77681891812
v -12.8411349219 1.1288418207 2.79979157437
v -12.9320060156 1.17753127383 2.79650251187
v -12.965215 1.10825783633 2.80830915249
v -12.8847110938 1.15690822695 2.79781305874
v -12.7797638281 0.937925805078 2.81926618374
v -13.0210245703 0.922459008203 2.83388532437
v -12.8478468359 1.0133027582 2.81449860562
v -13.0883077734 1.07991408633 2.81778180874
v -13.0584513281 1.14060549258 2.80667829312
v -13.18134 1.09748830508 2.81754743374
v -13.2101788672 1.0427871332 2.82818219937
v -13.1343146094 1.09169728945 2.81743024624
v -13.0712735937 1.24817971133 2.78555329312
v -13.3152696875 1.14964260195 2.80878376187
v -13.3501153906 1.04994924258 2.82969001187
v -13.2106944922 1.14906447695 2.80762165249
v -13.1788614844 1.45300197695 2.74201032437
v -13.6430929297 1.2528340082 2.78988337124
v -13.6471642187 1.0499590082 2.83427790249
v -13.4130128516 1.25148049258 2.78814508999
v -13.0065616797 1.03305080508 2.82032868374
v -13.1262228125 1.0109590082 2.82930133999
v -13.0457189063 1.05960939883 2.81880524624
v -11.8485782813 1.70358986758 2.67656891812
v -11.8381603125 1.78935353945 2.66135602749
v -11.9941954688 1.76323830508 2.66882868374
v -11.999168125 1.69205471133 2.68235016812
v -11.9186642188 1.74070314883 2.67185212124
v -12.0140040625 1.60779885195 2.69710602749
v -12.1504972266 1.66562111758 2.69010798062
v -12.1601759375 1.5947558832 2.70334235562
v -12.0796720313 1.6434043207 2.69284626187
v -12.1794308203 1.51200783633 2.71764313687
v -12.3067989844 1.56800197695 2.71138532437
v -12.32118375 1.49745510195 2.72433649624
v -12.2406798437 1.54610549258 2.71383844937
v -12.3448566016 1.41621486758 2.73818024624
v -12.4631007422 1.47038478945 2.73266462124
v -12.4016876563 1.44880666445 2.73483258999
f 5037 5036 5033 5034
f 5038 5037 5034 5035
f 5040 5039 5036 5037
f 5041 5040 5037 5038
f 5143 5040 5043
f 5039 5143 5042
f 5040 5143 5039
f 5044 5043 5040 5041
f 5046 5062 5145 5142
f 5142 5145 5143 5043
f 5145 5144 5042 5143
f 5139 5145 5062
f 5144 5139 5045
f 5145 5139 5144
f 5142 5067 5046
f 5067 5044 5047
f 5044 5142 5043
f 5142 5044 5067
f 5049 5114 5118 5115
f 5115 5118 5116 5091
f 5118 5117 5094 5116
f 5114 5090 5117 5118
f 5116 5061 5091
f 5092 5116 5094
f 5061 5116 5092
f 5123 5092 5094
f 5064 5123 5093
f 5092 5123 5064
f 5090 5122 5125 5117
f 5117 5125 5123 5094
f 5125 5124 5093 5123
f 5122 5060 5124 5125
f 5138 5092 5064
f 5092 5046 5061
f 5046 5138 5062
f 5138 5046 5092
f 5064 5096 5141 5138
f 5138 5141 5139 5062
f 5141 5140 5045 5139
f 5135 5141 5096
f 5140 5135 5063
f 5141 5135 5140
f 5060 5126 5129 5124
f 5124 5129 5127 5093
f 5129 5128 5098 5127
f 5126 5095 5128 5129
f 5134 5127 5098
f 5127 5064 5093
f 5064 5134 5096
f 5134 5064 5127
f 5098 5133 5137 5134
f 5134 5137 5135 5096
f 5137 5136 5063 5135
f 5133 5097 5136 5137
f 5095 5146 5148 5128
f 5128 5148 5133 5098
f 5148 5147 5097 5133
f 5146 5048 5147 5148
f 5050 5149 5153 5150
f 5150 5153 5151 5100
f 5153 5152 5103 5151
f 5149 5099 5152 5153
f 5151 5066 5100
f 5101 5151 5103
f 5066 5151 5101
f 5155 5101 5103
f 5068 5155 5102
f 5101 5155 5068
f 5099 5154 5157 5152
f 5152 5157 5155 5103
f 5157 5156 5102 5155
f 5154 5065 5156 5157
f 5101 5047 5066
f 5067 5101 5068
f 5047 5101 5067
f 5105 5067 5068
f 5046 5105 5061
f 5067 5105 5046
f 5065 5158 5161 5156
f 5156 5161 5159 5102
f 5161 5160 5106 5159
f 5158 5104 5160 5161
f 5159 5068 5102
f 5105 5159 5106
f 5068 5159 5105
f 5163 5105 5106
f 5061 5163 5091
f 5105 5163 5061
f 5104 5162 5164 5160
f 5160 5164 5163 5106
f 5164 5115 5091 5163
f 5162 5049 5115 5164
f 5119 5069 5072
f 5052 5119 5070
f 5069 5119 5052
f 5070 5119 5121 5112
f 5114 5121 5090
f 5112 5114 5049
f 5121 5114 5112
f 5122 5120 5060
f 5121 5122 5090
f 5120 5122 5121
f 5119 5072 5120 5121
f 5072 5130 5132 5120
f 5126 5132 5095
f 5120 5126 5060
f 5132 5126 5120
f 5146 5131 5048
f 5132 5146 5095
f 5131 5146 5132
f 5130 5071 5131 5132
f 5130 5051 5071
f 5069 5130 5072
f 5051 5130 5069
f 5107 5073 5075
f 5053 5107 5074
f 5073 5107 5053
f 5074 5107 5110 5108
f 5149 5110 5099
f 5108 5149 5050
f 5110 5149 5108
f 5154 5109 5065
f 5110 5154 5099
f 5109 5154 5110
f 5107 5075 5109 5110
f 5075 5111 5113 5109
f 5158 5113 5104
f 5109 5158 5065
f 5113 5158 5109
f 5162 5112 5049
f 5113 5162 5104
f 5112 5162 5113
f 5111 5070 5112 5113
f 5111 5052 5070
f 5073 5111 5075
f 5052 5111 5073
f 5055 5076 5079 5077
f 5077 5079 5069 5052
f 5079 5078 5051 5069
f 5076 5054 5078 5079
f 5056 5080 5082 5081
f 5081 5082 5073 5053
f 5082 5077 5052 5073
f 5080 5055 5077 5082
f 5058 5083 5086 5084
f 5084 5086 5076 5055
f 5086 5085 5054 5076
f 5083 5057 5085 5086
f 5059 5087 5089 5088
f 5088 5089 5080 5056
f 5089 5084 5055 5080
f 5087 5058 5084 5089
o roof_335_1737ac2c-6ff8-4b4e-95f8-ee30b013543a
v -12.7016222266 -1.85587302305 2.64980524624
v -12.6586847266 -1.86145700742 2.62507868374
v -12.6157472266 -1.8670409918 2.60035212124
v -12.57280875 -1.87262497617 2.57562555874
v -12.2864025 -1.8444394293 2.65277008999
v -12.2416593359 -1.84936716367 2.62805719937
v -12.1969171484 -1.85429489805 2.60334430874
v -12.1521739844 -1.85922263242 2.57862946499
v -11.8678585547 -1.79977927305 2.65993415249
v -11.8211896094 -1.80405271055 2.63559430874
v -11.7745206641 -1.80832810117 2.61125251187
v -11.7278517187 -1.81260153867 2.58691071499
v -11.5365792578 -1.54707419492 2.69025251187
v -11.4856329688 -1.55466989805 2.66604938687
v -11.4346857031 -1.5622675543 2.64184430874
v -11.3837394141 -1.56986325742 2.61763923062
v -11.2837267187 -1.20282810117 2.72393024624
v -11.2317970313 -1.2085331793 2.69945563687
v -11.1798663672 -1.2142363043 2.67498102749
v -11.1279357031 -1.21994138242 2.65050641812
v -11.0992345312 -0.813095679297 2.75296149624
v -11.0468097266 -0.816884741797 2.72828571499
v -10.9943849219 -0.820671851172 2.70360798062
v -10.9419591406 -0.824460913672 2.67893219937
v -10.9903507422 -0.413412085547 2.76982477749
v -10.9376642187 -0.415347632422 2.74489313687
v -10.8849776953 -0.417281226172 2.71996149624
v -10.8322911719 -0.419216773047 2.69503180874
v -10.9569278906 2.38280554186e-08 2.77713923062
v -10.90405875 2.38280554186e-08 2.75204938687
v -10.8511886328 2.38280554186e-08 2.72695954312
v -10.7983194922 2.38280554186e-08 2.70186774624
v -11.8445245703 -1.8019159918 2.64776423062
v -12.0302355078 -1.83828122617 2.63012946499
v -12.2640314062 -1.84690427305 2.64041462124
v -12.0759591406 -1.83408396055 2.65466462124
v -12.0530978125 -1.83618356992 2.64239704312
v -11.797855625 -1.80619138242 2.62342243374
v -11.9845128516 -1.8424784918 2.60559430874
v -12.2192882422 -1.85183200742 2.61569977749
v -12.0073741797 -1.84038083555 2.61786188687
v -11.7511866797 -1.81046481992 2.59908063687
v -11.9387901953 -1.84667575742 2.58106110562
v -12.1745450781 -1.8567597418 2.59098688687
v -11.9616515234 -1.84457810117 2.59332673062
v -11.5111066016 -1.55087302305 2.67815094937
v -11.6376183203 -1.70148044492 2.64922712124
v -11.6871173437 -1.6945488043 2.67339704312
v -11.6623683203 -1.69801364805 2.66131110562
v -11.4601593359 -1.55846872617 2.65394587124
v -11.5881192969 -1.70841403867 2.62505524624
v -11.6128692969 -1.7049472418 2.63714118374
v -11.4092120703 -1.5660644293 2.62974274624
v -11.5386202734 -1.71534763242 2.60088532437
v -11.5633702734 -1.71188083555 2.61297126187
v -11.8328566016 -1.80298435117 2.64167829312
v -11.9247296484 -1.82591013242 2.63224665249
v -12.0416661719 -1.83723239805 2.63626227749
v -11.9478028906 -1.82383981992 2.64448102749
v -11.9362667578 -1.82487497617 2.63836383999
v -11.8561915625 -1.80084763242 2.65385016812
v -12.0645284766 -1.83513278867 2.64852985562
v -11.9708771094 -1.82176950742 2.65671540249
v -11.95934 -1.82280466367 2.65059821499
v -11.7861876563 -1.8072597418 2.61733649624
v -11.8785821875 -1.83005075742 2.60777790249
v -11.9959435156 -1.84142966367 2.61172907437
v -11.9016554297 -1.82798044492 2.62001227749
v -11.8901183203 -1.82901560117 2.61389508999
v -11.8095226172 -1.80512106992 2.62950837124
v -12.0188048438 -1.8393300543 2.62399665249
v -11.9131925391 -1.82694528867 2.62612946499
v -11.7395187109 -1.8115331793 2.59299665249
v -11.8324347266 -1.83419138242 2.58330915249
v -11.9502208594 -1.8456269293 2.58719391812
v -11.8555079688 -1.83212106992 2.59554352749
v -11.8439708594 -1.83315622617 2.58942633999
v -11.7628536719 -1.80939646055 2.60516657437
v -11.9730821875 -1.84352731992 2.59946149624
v -11.8670450781 -1.83108591367 2.60166071499
v -11.6499933203 -1.69974802305 2.65527008999
v -11.7246251563 -1.76136325742 2.64149274624
v -11.7485733984 -1.75848044492 2.65363141812
v -11.7365987891 -1.75992185117 2.64756305874
v -11.6747423437 -1.69628122617 2.66735407437
v -11.7725226172 -1.75559763242 2.66577204312
v -11.7605480078 -1.75703903867 2.65970173062
v -11.6004942969 -1.7066816168 2.63109821499
v -11.6767267188 -1.76713083555 2.61721344937
v -11.7006759375 -1.76424802305 2.62935212124
v -11.6887013281 -1.7656894293 2.62328376187
v -11.6252433203 -1.70321481992 2.64318415249
v -11.7126505469 -1.76280466367 2.63542243374
v -11.5509952734 -1.71361521055 2.60692829312
v -11.6288292578 -1.77289646055 2.59293415249
v -11.6527784766 -1.77001364805 2.60507282437
v -11.6408038672 -1.7714550543 2.59900446499
v -11.5757452734 -1.71014841367 2.61901423062
v -11.6647521094 -1.7685722418 2.61114313687
v -11.7306124609 -1.7606425543 2.64452790249
v -11.7714991797 -1.7856894293 2.63818805874
v -11.8270235938 -1.80351950742 2.63863532437
v -11.7833194922 -1.78449802305 2.64426032437
v -11.7774093359 -1.78509372617 2.64122321499
v -11.7425860938 -1.75920114805 2.65059821499
v -11.8386905859 -1.80245114805 2.64472126187
v -11.7951398047 -1.78330856992 2.65033258999
v -11.7892296484 -1.78390231992 2.64729743374
v -11.7545607031 -1.7577597418 2.65666657437
v -11.8503575781 -1.80138278867 2.65080719937
v -11.8069601172 -1.78211716367 2.65640485562
v -11.8010499609 -1.7827128668 2.65336969937
v -11.7665353125 -1.75631833555 2.66273688687
v -11.8620245703 -1.8003144293 2.65689118374
v -11.8187804297 -1.78092575742 2.66247907437
v -11.8128702734 -1.78152146055 2.65944196499
v -11.6827140234 -1.76641013242 2.62024860562
v -11.7242169531 -1.79045114805 2.61389704312
v -11.7803546484 -1.80779294492 2.61429548062
v -11.7360372656 -1.78926169492 2.61996930874
v -11.7301271094 -1.78985739805 2.61693415249
v -11.6946886328 -1.76496872617 2.62631891812
v -11.7920216406 -1.80672458555 2.62037946499
v -11.7478575781 -1.78807028867 2.62604352749
v -11.7419474219 -1.7886659918 2.62300641812
v -11.7066632422 -1.76352731992 2.63238727749
v -11.8036886328 -1.80565622617 2.62646540249
v -11.7596788672 -1.78688083555 2.63211579312
v -11.7537677344 -1.78747458555 2.62907868374
v -11.7186378516 -1.76208396055 2.63845758999
v -11.815355625 -1.8045878668 2.63255133999
v -11.7655890234 -1.78628513242 2.63515094937
v -11.6587648047 -1.76929294492 2.60810798062
v -11.7005763281 -1.79283396055 2.60175251187
v -11.7570196875 -1.80992966367 2.60212360562
v -11.7123966406 -1.7916425543 2.60782477749
v -11.7064864844 -1.79223825742 2.60478962124
v -11.6707394141 -1.76785153867 2.61417829312
v -11.7686866797 -1.8088613043 2.60820954312
v -11.7183067969 -1.79104685117 2.61086188687
f 5199 5170 5166
f 5165 5169 5199
f 5166 5165 5199
f 5204 5171 5167
f 5166 5170 5204
f 5167 5166 5204
f 5208 5172 5168
f 5167 5171 5208
f 5168 5167 5208
f 5266 5174 5221
f 5224 5220 5266
f 5221 5224 5266
f 5221 5198 5222 5224
f 5224 5222 5201 5223
f 5270 5220 5224
f 5223 5197 5270
f 5224 5223 5270
f 5222 5198 5170
f 5199 5201 5222
f 5170 5199 5222
f 5226 5201 5199
f 5169 5200 5226
f 5199 5169 5226
f 5274 5197 5223
f 5228 5225 5274
f 5223 5228 5274
f 5223 5201 5226 5228
f 5228 5226 5200 5227
f 5278 5225 5228
f 5227 5173 5278
f 5228 5227 5278
f 5283 5175 5230
f 5233 5229 5283
f 5230 5233 5283
f 5230 5203 5231 5233
f 5233 5231 5205 5232
f 5287 5229 5233
f 5232 5202 5287
f 5233 5232 5287
f 5231 5203 5171
f 5204 5205 5231
f 5171 5204 5231
f 5235 5205 5204
f 5170 5198 5235
f 5204 5170 5235
f 5291 5202 5232
f 5236 5234 5291
f 5232 5236 5291
f 5232 5205 5235 5236
f 5236 5235 5198 5221
f 5295 5234 5236
f 5221 5174 5295
f 5236 5221 5295
f 5176 5238 5241 5237
f 5238 5207 5239 5241
f 5241 5239 5209 5240
f 5237 5241 5240 5206
f 5239 5207 5172
f 5208 5209 5239
f 5172 5208 5239
f 5243 5209 5208
f 5171 5203 5243
f 5208 5171 5243
f 5299 5206 5240
f 5244 5242 5299
f 5240 5244 5299
f 5240 5209 5243 5244
f 5244 5243 5203 5230
f 5303 5242 5244
f 5230 5175 5303
f 5244 5230 5303
f 5245 5213 5210
f 5178 5211 5245
f 5210 5178 5245
f 5264 5248 5245
f 5211 5246 5264
f 5245 5211 5264
f 5246 5265 5268 5264
f 5265 5174 5266 5268
f 5268 5266 5220 5267
f 5264 5268 5267 5248
f 5248 5267 5272 5269
f 5267 5220 5270 5272
f 5272 5270 5197 5271
f 5269 5272 5271 5247
f 5269 5247 5213
f 5245 5248 5269
f 5213 5245 5269
f 5273 5251 5249
f 5213 5247 5273
f 5249 5213 5273
f 5247 5271 5276 5273
f 5271 5197 5274 5276
f 5276 5274 5225 5275
f 5273 5276 5275 5251
f 5251 5275 5280 5277
f 5275 5225 5278 5280
f 5280 5278 5173 5279
f 5277 5280 5279 5250
f 5277 5250 5212
f 5249 5251 5277
f 5212 5249 5277
f 5249 5212 5177
f 5210 5213 5249
f 5177 5210 5249
f 5252 5216 5214
f 5179 5215 5252
f 5214 5179 5252
f 5281 5255 5252
f 5215 5253 5281
f 5252 5215 5281
f 5253 5282 5285 5281
f 5282 5175 5283 5285
f 5285 5283 5229 5284
f 5281 5285 5284 5255
f 5255 5284 5289 5286
f 5284 5229 5287 5289
f 5289 5287 5202 5288
f 5286 5289 5288 5254
f 5286 5254 5216
f 5252 5255 5286
f 5216 5252 5286
f 5290 5257 5256
f 5216 5254 5290
f 5256 5216 5290
f 5254 5288 5293 5290
f 5288 5202 5291 5293
f 5293 5291 5234 5292
f 5290 5293 5292 5257
f 5257 5292 5296 5294
f 5292 5234 5295 5296
f 5296 5295 5174 5265
f 5294 5296 5265 5246
f 5294 5246 5211
f 5256 5257 5294
f 5211 5256 5294
f 5256 5211 5178
f 5214 5216 5256
f 5178 5214 5256
f 5258 5219 5217
f 5180 5218 5258
f 5217 5180 5258
f 5218 5259 5261 5258
f 5259 5176 5237 5261
f 5298 5260 5261
f 5237 5206 5298
f 5261 5237 5298
f 5258 5261 5260 5219
f 5297 5263 5262
f 5219 5260 5297
f 5262 5219 5297
f 5260 5298 5301 5297
f 5298 5206 5299 5301
f 5301 5299 5242 5300
f 5297 5301 5300 5263
f 5263 5300 5304 5302
f 5300 5242 5303 5304
f 5304 5303 5175 5282
f 5302 5304 5282 5253
f 5302 5253 5215
f 5262 5263 5302
f 5215 5262 5302
f 5262 5215 5179
f 5217 5219 5262
f 5179 5217 5262
f 5210 5177 5181
f 5182 5178 5210
f 5181 5182 5210
f 5214 5178 5182
f 5183 5179 5214
f 5182 5183 5214
f 5217 5179 5183
f 5184 5180 5217
f 5183 5184 5217
f 5186 5182 5181 5185
f 5187 5183 5182 5186
f 5188 5184 5183 5187
f 5190 5186 5185 5189
f 5191 5187 5186 5190
f 5192 5188 5187 5191
f 5194 5190 5189 5193
f 5195 5191 5190 5194
f 5196 5192 5191 5195
o roof_336_5077b506-30cd-4ab9-9784-91394139c4cc
v -12.7016222266 1.8558730707 2.64980524624
v -12.6586847266 1.86145705508 2.62507868374
v -12.6157472266 1.86704103945 2.60035212124
v -12.57280875 1.87262502383 2.57562555874
v -12.2864025 1.84443947695 2.65277008999
v -12.2416593359 1.84936721133 2.62805719937
v -12.1969171484 1.8542949457 2.60334430874
v -12.1521739844 1.85922268008 2.57862946499
v -11.8678585547 1.7997793207 2.65993415249
v -11.8211896094 1.8040527582 2.63559430874
v -11.7745206641 1.80832814883 2.61125251187
v -11.7278517187 1.81260158633 2.58691071499
v -11.5365792578 1.54707424258 2.69025251187
v -11.4856329688 1.5546699457 2.66604938687
v -11.4346857031 1.56226760195 2.64184430874
v -11.3837394141 1.56986330508 2.61763923062
v -11.2837267187 1.20282814883 2.72393024624
v -11.2317970313 1.20853322695 2.69945563687
v -11.1798663672 1.21423635195 2.67498102749
v -11.1279357031 1.21994143008 2.65050641812
v -11.0992345312 0.813095726953 2.75296149624
v -11.0468097266 0.816884789453 2.72828571499
v -10.9943849219 0.820671898828 2.70360798062
v -10.9419591406 0.824460961328 2.67893219937
v -10.9903507422 0.413412133203 2.76982477749
v -10.9376642187 0.415347680078 2.74489313687
v -10.8849776953 0.417281273828 2.71996149624
v -10.8322911719 0.419216820703 2.69503180874
v -10.9569278906 2.38280554186e-08 2.77713923062
v -10.90405875 2.38280554186e-08 2.75204938687
v -10.8511886328 2.38280554186e-08 2.72695954312
v -10.7983194922 2.38280554186e-08 2.70186774624
v -11.8445245703 1.80191603945 2.64776423062
v -12.0302355078 1.83828127383 2.63012946499
v -12.2640314062 1.8469043207 2.64041462124
v -12.0759591406 1.8340840082 2.65466462124
v -12.0530978125 1.83618361758 2.64239704312
v -11.797855625 1.80618947695 2.62342243374
v -11.9845128516 1.84247853945 2.60559430874
v -12.2192882422 1.85183205508 2.61569977749
v -12.0073741797 1.8403808832 2.61786188687
v -11.7511866797 1.81046486758 2.59908063687
v -11.9387901953 1.84667580508 2.58106110562
v -12.1745450781 1.85675978945 2.59098688687
v -11.9616515234 1.84457814883 2.59332673062
v -11.5111066016 1.5508730707 2.67815094937
v -11.6376183203 1.70148049258 2.64922712124
v -11.6871173437 1.69454689883 2.67339704312
v -11.6623683203 1.6980136957 2.66131110562
v -11.4601593359 1.55846877383 2.65394587124
v -11.5881192969 1.70841408633 2.62505524624
v -11.6128692969 1.70494728945 2.63714118374
v -11.4092120703 1.56606447695 2.62974274624
v -11.5386202734 1.71534768008 2.60088532437
v -11.5633702734 1.7118808832 2.61297126187
v -11.8328566016 1.80298439883 2.64167829312
v -11.9247296484 1.82591018008 2.63224665249
v -12.0416661719 1.8372324457 2.63626227749
v -11.9478028906 1.82383986758 2.64448102749
v -11.9362667578 1.82487502383 2.63836383999
v -11.8561915625 1.80084768008 2.65385016812
v -12.0645284766 1.83513283633 2.64852985562
v -11.9708771094 1.82176955508 2.65671540249
v -11.95934 1.82280471133 2.65059821499
v -11.7861876563 1.80725978945 2.61733649624
v -11.8785821875 1.83005080508 2.60777790249
v -11.9959435156 1.84142971133 2.61172907437
v -11.9016554297 1.82798049258 2.62001227749
v -11.8901183203 1.82901564883 2.61389508999
v -11.8095226172 1.80512111758 2.62950837124
v -12.0188048438 1.83933010195 2.62399665249
v -11.9131925391 1.82694533633 2.62612946499
v -11.7395187109 1.81153322695 2.59299665249
v -11.8324347266 1.83418947695 2.58330915249
v -11.9502208594 1.84562697695 2.58719391812
v -11.8555079688 1.83212111758 2.59554352749
v -11.8439708594 1.83315627383 2.58942633999
v -11.7628536719 1.8093965082 2.60516657437
v -11.9730821875 1.84352736758 2.59946149624
v -11.8670450781 1.83108596133 2.60166071499
v -11.6499933203 1.6997480707 2.65527008999
v -11.7246251563 1.76136330508 2.64149274624
v -11.7485733984 1.75848049258 2.65363141812
v -11.7365987891 1.75992189883 2.64756305874
v -11.6747423437 1.69628127383 2.66735407437
v -11.7725226172 1.75559768008 2.66577204312
v -11.7605480078 1.75703908633 2.65970173062
v -11.6004942969 1.70668166445 2.63109821499
v -11.6767267188 1.76712893008 2.61721344937
v -11.7006759375 1.76424611758 2.62935212124
v -11.6887013281 1.76568752383 2.62328376187
v -11.6252433203 1.70321486758 2.64318415249
v -11.7126505469 1.76280471133 2.63542243374
v -11.5509952734 1.7136152582 2.60692829312
v -11.6288292578 1.77289455508 2.59293415249
v -11.6527784766 1.77001174258 2.60507282437
v -11.6408038672 1.77145314883 2.59900446499
v -11.5757452734 1.71014846133 2.61901423062
v -11.6647521094 1.76857033633 2.61114313687
v -11.7306124609 1.76064260195 2.64452790249
v -11.7714991797 1.78568947695 2.63818805874
v -11.8270235938 1.80351955508 2.63863532437
v -11.7833194922 1.7844980707 2.64426032437
v -11.7774093359 1.78509377383 2.64122321499
v -11.7425860938 1.7592011957 2.65059821499
v -11.8386905859 1.8024511957 2.64472126187
v -11.7951398047 1.78330861758 2.65033258999
v -11.7892296484 1.78390236758 2.64729743374
v -11.7545607031 1.75775978945 2.65666657437
v -11.8503575781 1.80138283633 2.65080719937
v -11.8069601172 1.78211721133 2.65640485562
v -11.8010499609 1.78271291445 2.65336969937
v -11.7665353125 1.7563183832 2.66273688687
v -11.8620245703 1.80031447695 2.65689118374
v -11.8187804297 1.78092580508 2.66247907437
v -11.8128702734 1.7815215082 2.65944196499
v -11.6827140234 1.76640822695 2.62024860562
v -11.7242169531 1.7904511957 2.61389704312
v -11.7803546484 1.80779299258 2.61429548062
v -11.7360372656 1.78926174258 2.61996930874
v -11.7301271094 1.7898574457 2.61693415249
v -11.6946886328 1.7649668207 2.62631891812
v -11.7920216406 1.8067246332 2.62037946499
v -11.7478575781 1.78807033633 2.62604352749
v -11.7419474219 1.78866603945 2.62300641812
v -11.7066632422 1.76352541445 2.63238727749
v -11.8036886328 1.80565627383 2.62646540249
v -11.7596788672 1.7868808832 2.63211579312
v -11.7537677344 1.7874746332 2.62907868374
v -11.7186378516 1.7620840082 2.63845758999
v -11.815355625 1.80458791445 2.63255133999
v -11.7655890234 1.78628518008 2.63515094937
v -11.6587648047 1.76929103945 2.60810798062
v -11.7005763281 1.7928340082 2.60175251187
v -11.7570196875 1.80992971133 2.60212360562
v -11.7123966406 1.79164260195 2.60782477749
v -11.7064864844 1.79223830508 2.60478962124
v -11.6707394141 1.7678496332 2.61417829312
v -11.7686866797 1.80886135195 2.60820954312
v -11.7183067969 1.79104689883 2.61086188687
f 5339 5306 5310
f 5305 5339 5309
f 5306 5339 5305
f 5344 5307 5311
f 5306 5344 5310
f 5307 5344 5306
f 5348 5308 5312
f 5307 5348 5311
f 5308 5348 5307
f 5406 5361 5314
f 5364 5406 5360
f 5361 5406 5364
f 5361 5364 5362 5338
f 5364 5363 5341 5362
f 5410 5364 5360
f 5363 5410 5337
f 5364 5410 5363
f 5362 5310 5338
f 5339 5362 5341
f 5310 5362 5339
f 5366 5339 5341
f 5309 5366 5340
f 5339 5366 5309
f 5414 5363 5337
f 5368 5414 5365
f 5363 5414 5368
f 5363 5368 5366 5341
f 5368 5367 5340 5366
f 5418 5368 5365
f 5367 5418 5313
f 5368 5418 5367
f 5423 5370 5315
f 5373 5423 5369
f 5370 5423 5373
f 5370 5373 5371 5343
f 5373 5372 5345 5371
f 5427 5373 5369
f 5372 5427 5342
f 5373 5427 5372
f 5371 5311 5343
f 5344 5371 5345
f 5311 5371 5344
f 5375 5344 5345
f 5310 5375 5338
f 5344 5375 5310
f 5431 5372 5342
f 5376 5431 5374
f 5372 5431 5376
f 5372 5376 5375 5345
f 5376 5361 5338 5375
f 5435 5376 5374
f 5361 5435 5314
f 5376 5435 5361
f 5316 5377 5381 5378
f 5378 5381 5379 5347
f 5381 5380 5349 5379
f 5377 5346 5380 5381
f 5379 5312 5347
f 5348 5379 5349
f 5312 5379 5348
f 5383 5348 5349
f 5311 5383 5343
f 5348 5383 5311
f 5439 5380 5346
f 5384 5439 5382
f 5380 5439 5384
f 5380 5384 5383 5349
f 5384 5370 5343 5383
f 5443 5384 5382
f 5370 5443 5315
f 5384 5443 5370
f 5385 5350 5353
f 5318 5385 5351
f 5350 5385 5318
f 5404 5385 5388
f 5351 5404 5386
f 5385 5404 5351
f 5386 5404 5408 5405
f 5405 5408 5406 5314
f 5408 5407 5360 5406
f 5404 5388 5407 5408
f 5388 5409 5412 5407
f 5407 5412 5410 5360
f 5412 5411 5337 5410
f 5409 5387 5411 5412
f 5409 5353 5387
f 5385 5409 5388
f 5353 5409 5385
f 5413 5389 5391
f 5353 5413 5387
f 5389 5413 5353
f 5387 5413 5416 5411
f 5411 5416 5414 5337
f 5416 5415 5365 5414
f 5413 5391 5415 5416
f 5391 5417 5420 5415
f 5415 5420 5418 5365
f 5420 5419 5313 5418
f 5417 5390 5419 5420
f 5417 5352 5390
f 5389 5417 5391
f 5352 5417 5389
f 5389 5317 5352
f 5350 5389 5353
f 5317 5389 5350
f 5392 5354 5356
f 5319 5392 5355
f 5354 5392 5319
f 5421 5392 5395
f 5355 5421 5393
f 5392 5421 5355
f 5393 5421 5425 5422
f 5422 5425 5423 5315
f 5425 5424 5369 5423
f 5421 5395 5424 5425
f 5395 5426 5429 5424
f 5424 5429 5427 5369
f 5429 5428 5342 5427
f 5426 5394 5428 5429
f 5426 5356 5394
f 5392 5426 5395
f 5356 5426 5392
f 5430 5396 5397
f 5356 5430 5394
f 5396 5430 5356
f 5394 5430 5433 5428
f 5428 5433 5431 5342
f 5433 5432 5374 5431
f 5430 5397 5432 5433
f 5397 5434 5436 5432
f 5432 5436 5435 5374
f 5436 5405 5314 5435
f 5434 5386 5405 5436
f 5434 5351 5386
f 5396 5434 5397
f 5351 5434 5396
f 5396 5318 5351
f 5354 5396 5356
f 5318 5396 5354
f 5398 5357 5359
f 5320 5398 5358
f 5357 5398 5320
f 5358 5398 5401 5399
f 5399 5401 5377 5316
f 5438 5401 5400
f 5377 5438 5346
f 5401 5438 5377
f 5398 5359 5400 5401
f 5437 5402 5403
f 5359 5437 5400
f 5402 5437 5359
f 5400 5437 5441 5438
f 5438 5441 5439 5346
f 5441 5440 5382 5439
f 5437 5403 5440 5441
f 5403 5442 5444 5440
f 5440 5444 5443 5382
f 5444 5422 5315 5443
f 5442 5393 5422 5444
f 5442 5355 5393
f 5402 5442 5403
f 5355 5442 5402
f 5402 5319 5355
f 5357 5402 5359
f 5319 5402 5357
f 5350 5321 5317
f 5322 5350 5318
f 5321 5350 5322
f 5354 5322 5318
f 5323 5354 5319
f 5322 5354 5323
f 5357 5323 5319
f 5324 5357 5320
f 5323 5357 5324
f 5326 5325 5321 5322
f 5327 5326 5322 5323
f 5328 5327 5323 5324
f 5330 5329 5325 5326
f 5331 5330 5326 5327
f 5332 5331 5327 5328
f 5334 5333 5329 5330
f 5335 5334 5330 5331
f 5336 5335 5331 5332
